Alpha Omicron Pi Corporations,,,,,,,,,,,,,,,,,,,,,,,,,,,,,,,,,,,,,,,,,,,,,,,,,,,,,,,,,,,,,,,,,,,,,,,,,,,,,,,,,,,,,,,,,,,,,,,,,,,,,,,,,,,,,,,,,,,,,,,,,,,,,,,,,,,,,,,,,,,,,,,,,,,,,,,,,3:12 PM
Balance Sheet by Class,,,,,,,,,,,,,,,,,,,,,,,,,,,,,,,,,,,,,,,,,,,,,,,,,,,,,,,,,,,,,,,,,,,,,,,,,,,,,,,,,,,,,,,,,,,,,,,,,,,,,,,,,,,,,,,,,,,,,,,,,,,,,,,,,,,,,,,,,,,,,,,,,,,,,,,,,05/05/2017
"As of April 30, 2017",,,,,,,,,,,,,,,,,,,,,,,,,,,,,,,,,,,,,,,,,,,,,,,,,,,,,,,,,,,,,,,,,,,,,,,,,,,,,,,,,,,,,,,,,,,,,,,,,,,,,,,,,,,,,,,,,,,,,,,,,,,,,,,,,,,,,,,,,,,,,,,,,,,,,,,,,Accrual Basis
,,,,,,Alpha,Alpha Chi,Alpha Delta,Alpha Epsilon,Alpha Gamma,Alpha Lambda,Alpha Mu,Alpha Nu,Alpha Phi,Alpha Pi,Alpha Psi,Alpha Rho,Alpha Theta,Beta Chi,Beta Eta,Beta Gamma,Beta Kappa,Beta Nu,Beta Phi,Beta Sigma,Beta Tau,Beta Upsilon,Beta Zeta,Chi Epsilon,Chi Lambda,Chi Phi,Chi Psi,Chi Theta,Delta,Delta Beta,Delta Delta,Delta Epsilon,Delta Gamma,Delta Kappa,Delta Lambda,Delta Nu,Delta Omega,Delta Pi,Delta Rho,Delta Sigma,Delta Tau,Delta Theta,Delta Xi,Epsilon Alpha,Epsilon Chi,Epsilon Gamma,Epsilon Omega,Epsilon Sigma,Gamma,Gamma Alpha,Gamma Chi,Gamma Delta,Gamma Omicron,Gamma Phi,Gamma Sigma,Gamma Theta,Iota,Iota Chi,Iota Sigma,Iota Theta,Kappa Alpha,Kappa Chi,Kappa Delta,Kappa Gamma,Kappa Kappa,Kappa Lambda,Kappa Omega,Kappa Omicron,Kappa Phi,Kappa Rho,Kappa Sigma,Kappa Tau,Lambda Alpha,Lambda Beta,Lambda Chi,Lambda Delta,Lambda Epsilon,Lambda Eta,Lambda Iota,Lambda Lambda,Lambda Omicron,Lambda Rho,Lambda Sigma,Lambda Tau,Lambda Upsilon,Mu Lambda,Nu Beta,Nu Omega,Nu Omicron,Omega,Omega Sigma,Omega Upsilon,Omicron,Omicron Pi,Phi Alpha,Phi Beta,Phi Chi,Phi Delta,Phi Gamma,Phi Lambda,Phi Sigma,Phi Upsilon,Pi Alpha,Pi Delta,Pi Omicron,Pi Theta,Rho Beta,Rho Delta,Rho Omicron,Sigma Alpha,Sigma Beta,Sigma Chi,Sigma Delta,Sigma Gamma,Sigma Omicron,Sigma Phi,Sigma Rho,Sigma Tau,Sigma Theta,Tau Delta,Tau Gamma,Tau Lambda,Tau Mu,Tau Omega,Tau Omicron,Theta Beta,Theta Chi,Theta Iota,Theta Omega,Theta Pi,Theta Psi,Theta Sigma,Upsilon,Upsilon Beta,Upsilon Lambda,Xi,Xi Omicron,Xi Rho,Zeta,Zeta Pi,Zeta Psi,Zeta Theta,ZZ - Delta Psi,ZZ - Properties,ZZ - Sigma,ZZ - Tau (TN),Unclassified,TOTAL
ASSETS,,,,,,,,,,,,,,,,,,,,,,,,,,,,,,,,,,,,,,,,,,,,,,,,,,,,,,,,,,,,,,,,,,,,,,,,,,,,,,,,,,,,,,,,,,,,,,,,,,,,,,,,,,,,,,,,,,,,,,,,,,,,,,,,,,,,,,,,,,,,,,,,,,,,,,,,,
,Current Assets,,,,,,,,,,,,,,,,,,,,,,,,,,,,,,,,,,,,,,,,,,,,,,,,,,,,,,,,,,,,,,,,,,,,,,,,,,,,,,,,,,,,,,,,,,,,,,,,,,,,,,,,,,,,,,,,,,,,,,,,,,,,,,,,,,,,,,,,,,,,,,,,,,,,,,,,
,,Checking/Savings,,,,,,,,,,,,,,,,,,,,,,,,,,,,,,,,,,,,,,,,,,,,,,,,,,,,,,,,,,,,,,,,,,,,,,,,,,,,,,,,,,,,,,,,,,,,,,,,,,,,,,,,,,,,,,,,,,,,,,,,,,,,,,,,,,,,,,,,,,,,,,,,,,,,,,,
,,,Bill.com Money Out Clearing*,,,0.00,0.00,0.00,0.00,0.00,0.00,0.00,0.00,0.00,0.00,0.00,0.00,0.00,0.00,0.00,-29.00,0.00,0.00,-35.00,0.00,0.00,0.00,0.00,0.00,0.00,0.00,0.00,0.00,0.00,0.00,0.00,0.00,0.00,0.00,0.00,0.00,0.00,0.00,0.00,0.00,0.00,0.00,0.00,0.00,0.00,0.00,0.00,0.00,0.00,0.00,0.00,0.00,-15.56,0.00,0.00,0.00,0.00,0.00,0.00,0.00,0.00,0.00,0.00,0.00,0.00,0.00,-26.25,0.00,0.00,0.00,0.00,0.00,0.00,0.00,0.00,0.00,0.00,0.00,0.00,0.00,0.00,0.00,0.00,0.00,-32.85,0.00,0.00,0.00,0.00,0.00,0.00,0.00,0.00,0.00,0.00,0.00,0.00,0.00,0.00,0.00,0.00,0.00,0.00,0.00,0.00,0.00,0.00,0.00,0.00,0.00,0.00,0.00,0.00,0.00,0.00,0.00,0.00,0.00,0.00,0.00,0.00,0.00,0.00,0.00,0.00,0.00,0.00,0.00,0.00,0.00,0.00,0.00,0.00,0.00,0.00,0.00,0.00,0.00,0.00,0.00,0.00,0.00,0.00,0.00,0.00,0.00,43.66,-95.00
,,,CASH,,,,,,,,,,,,,,,,,,,,,,,,,,,,,,,,,,,,,,,,,,,,,,,,,,,,,,,,,,,,,,,,,,,,,,,,,,,,,,,,,,,,,,,,,,,,,,,,,,,,,,,,,,,,,,,,,,,,,,,,,,,,,,,,,,,,,,,,,,,,,,,,,,,,,,
,,,,Cash - Housing,,165.00,282.87,"2,444.75",0.00,"2,300.50",516.19,0.00,114.56,"1,898.34","3,873.98",464.56,384.80,0.22,0.00,0.00,"1,681.03",0.00,483.20,"5,345.81",224.96,0.00,0.28,2.96,"2,317.65",2.24,0.71,"64,927.51",0.17,-2.02,244.34,6.00,"2,821.36","76,570.16",257.60,0.57,692.93,55.40,120.47,0.31,"10,411.62",1.57,103.43,-48.39,75.42,1.89,253.28,100.13,58.31,100.21,"4,540.33",0.00,101.80,"4,618.99",50.00,197.98,81.83,"2,431.81",0.00,"4,769.29",170.52,243.60,391.06,0.00,0.49,45.14,0.00,"1,418.98",55.36,0.00,-11.06,0.66,"12,959.98",0.22,124.82,-99.00,0.00,0.00,"6,277.59",15.91,"18,268.55",0.15,401.59,"2,515.17",158.61,997.60,1.29,"4,822.96",27.00,"37,989.02",0.71,"4,387.06","4,626.79","47,715.36","77,548.13","17,978.99","1,384.22",0.55,50.00,353.52,0.32,0.48,"1,995.50",117.06,621.51,0.00,283.30,0.22,112.85,234.55,"1,906.95",0.00,955.30,25.91,-3.30,807.09,224.12,0.18,111.29,140.54,"5,219.53",110.73,239.19,"164,513.97",1.23,343.22,2.27,0.19,447.27,195.32,209.04,"10,963.75",107.88,"6,272.51",52.53,148.43,"7,079.53","10,354.67",54.63,"10,426.45","23,468.44","1,455.78",952.84,0.05,0.00,0.00,0.00,0.00,"687,023.77"
,,,,Local Savings - CD,,0.00,0.00,0.00,0.00,0.00,0.00,0.00,0.00,0.00,0.00,0.00,0.00,0.00,0.00,0.00,"54,591.02",0.00,0.00,0.00,0.00,0.00,0.00,0.00,0.00,0.00,0.00,0.00,0.00,0.00,0.00,0.00,0.00,0.00,0.00,0.00,0.00,0.00,0.00,0.00,0.00,0.00,0.00,0.00,0.00,0.00,0.00,0.00,0.00,0.00,0.00,0.00,0.00,0.00,0.00,0.00,0.00,"113,984.44",0.00,0.00,0.00,0.00,0.00,0.00,0.00,"29,659.41",0.00,0.00,0.00,0.00,0.00,0.00,0.00,0.00,0.00,0.00,0.00,0.00,0.00,0.00,0.00,0.00,0.00,0.00,0.00,0.00,0.00,0.00,0.00,"95,661.73",0.00,0.00,0.00,0.00,0.00,0.00,0.00,"10,305.03",0.00,0.00,0.00,0.00,0.00,0.00,0.00,0.00,0.00,0.00,0.00,0.00,0.00,0.00,0.00,0.00,0.00,0.00,0.00,0.00,0.00,0.00,0.00,0.00,0.00,0.00,0.00,0.00,0.00,0.00,0.00,0.00,0.00,0.00,0.00,0.00,0.00,0.00,0.00,0.00,0.00,0.00,0.00,0.00,0.00,0.00,0.00,0.00,0.00,0.00,"304,201.63"
,,,,Wells Fargo/Cash - Holding,,0.00,0.00,0.00,0.00,0.00,0.00,0.00,0.00,0.00,0.00,0.00,0.00,0.00,0.00,0.00,0.00,0.00,0.00,0.00,0.00,0.00,0.00,0.00,0.00,0.00,0.00,0.00,0.00,0.00,0.00,0.00,0.00,0.00,0.00,0.00,0.00,0.00,0.00,0.00,0.00,0.00,0.00,0.00,0.00,0.00,0.00,-315.60,0.00,0.00,0.00,0.00,0.00,0.00,0.00,0.00,0.00,0.00,0.00,0.00,0.00,0.00,0.00,0.00,0.00,0.00,0.00,0.00,0.00,0.00,0.00,0.00,0.00,0.00,0.00,0.00,0.00,0.00,0.00,0.00,0.00,0.00,0.00,0.00,0.00,0.00,0.00,0.00,0.00,0.00,0.00,0.00,0.00,0.00,0.00,0.00,0.00,0.00,0.00,0.00,0.00,0.00,0.00,0.00,-50.00,0.00,0.00,0.00,0.00,0.00,0.00,0.00,0.00,0.00,0.00,0.00,0.00,0.00,0.00,0.00,0.00,0.00,0.00,0.00,0.00,0.00,0.00,0.00,0.00,0.00,0.00,0.00,0.00,0.00,0.00,0.00,0.00,0.00,0.00,0.00,0.00,0.00,0.00,0.00,0.00,0.00,0.00,0.00,-365.60
,,,,Wells Fargo/Cash - Housing,,"124,639.81","59,204.06","2,562,418.49","5,211.11","-281,670.23","147,047.49","8,938.95","36,319.39","-100,044.96","137,451.11","-28,270.69","-286,557.05","-7,343.41","8,190.76","-3,845.20","20,293.45",0.00,"62,697.45","258,348.24","23,129.70",0.00,"27,939.12","114,453.93","-60,227.26","-4,025.00","4,559.22","489,214.61","10,653.85","24,813.48","51,682.43","58,078.90","6,811.90","-82,362.20","44,363.29","7,907.18","233,028.40","36,533.42","47,538.58","9,294.60","-348,619.58","-27,441.26","79,943.42","17,362.69","4,478.60","5,120.87","90,506.64","12,305.23",754.81,"8,375.12","1,882.56",0.00,"22,405.78","91,080.26","30,002.24","7,792.24","165,029.22","-93,914.11",216.17,"119,398.43","30,543.53","29,665.30","46,831.90","3,885.40",-747.22,"108,892.25",0.00,"-338,576.69","30,619.15",0.00,"-42,635.84","3,744.04","-34,163.82","6,571.32","115,957.85","32,470.58","5,650.01",0.00,"92,533.52","52,649.22","-13,235.40",-154.83,"57,761.30","378,280.00","54,207.71","74,622.84","36,709.81","1,042,392.27","21,856.14","74,126.45","15,594.62","-609,457.37","204,994.94","387,556.94","-253,224.12","-11,935.80","7,499.38","15,716.54","7,956.27","-98,732.51","22,053.28","12,158.26","450,024.73","26,868.13","-224,495.13","5,756.50","78,253.48","32,370.41","-13,511.71","4,051.19","76,710.64","8,017.66","-79,170.59","1,293.92","12,730.14","370,821.55","88,704.58","11,091.13","-1,208.98","39,577.67","10,089.92","35,096.41","11,055.22","-91,598.14","9,871.29","151,762.98","2,021.15",375.27,"46,773.37","-1,312.12","9,738.30","58,248.23","4,721.82","195,914.15","13,013.76","8,829.14","-568,135.52","98,200.69","47,430.86","548,182.07","41,214.20","36,592.45","34,691.56","6,838.03","1,300,000.00",0.00,"1,679.01","-38,351.86","8,384,561.03"
,,,,Wells Fargo/Savings - Other,,33.27,260.49,572.08,6.60,"219,147.93",349.33,13.90,"1,825.85",103.78,318.53,18.67,56.71,"1,910.31",8.05,0.00,"88,151.38",0.00,0.00,"20,348.34",0.00,0.00,15.37,"27,917.60","73,998.60","32,158.35","6,619.72",196.48,"1,516.08",921.86,"5,222.32",73.32,19.22,0.00,"24,439.68","1,398.37",23.48,43.86,"1,208.74","5,117.27","86,681.83",910.92,"31,329.84","1,136.86",48.78,"8,250.03","49,801.35","1,086.90","3,751.25","3,751.99",42.12,0.00,19.89,"49,545.50",17.53,744.71,"14,951.35",313.78,0.00,"63,067.91","2,028.58","1,885.63",20.82,8.64,"2,679.15","3,768.45",0.00,363.26,456.22,0.00,"11,236.57","8,200.90",24.66,646.91,601.27,"18,240.97",10.39,0.00,"11,416.01",27.01,0.00,644.62,"9,991.41","217,116.80","32,215.49","31,822.57","18,773.45","245,760.89",27.40,126.23,58.66,"73,690.23",277.93,306.03,0.00,0.00,12.14,"4,090.24",10.04,110.10,"2,765.01","84,875.99",108.82,38.59,252.63,10.56,"1,667.62","1,193.22","1,094.18",268.78,218.44,39.08,"28,551.36",13.24,"8,648.73","2,384.68","3,983.88",14.30,"5,739.71",15.59,13.58,"5,728.84","4,904.04",0.00,"1,035.83","54,226.13","9,175.71","2,534.06","10,032.00","2,664.95",13.92,20.12,0.00,196.39,8.17,249.87,"58,759.82","12,678.53",45.69,228.72,32.50,252.52,28.28,1.37,"-1,300,000.00",0.00,0.00,0.00,"530,833.20"
,,,Total CASH,,,"124,838.08","59,747.42","2,565,435.32","5,217.71","-60,221.80","147,913.01","8,952.85","38,259.80","-98,042.84","141,643.62","-27,787.46","-286,115.54","-5,432.88","8,198.81","-3,845.20","164,716.88",0.00,"63,180.65","284,042.39","23,354.66",0.00,"27,954.77","142,374.49","16,088.99","28,135.59","11,179.65","554,338.60","12,170.10","25,733.32","57,149.09","58,158.22","9,652.48","-5,792.04","69,060.57","9,306.12","233,744.81","36,632.68","48,867.79","14,412.18","-251,526.13","-26,528.77","111,376.69","18,451.16","4,602.80","13,372.79","140,561.27","13,176.66","4,564.37","12,227.32","6,465.01",0.00,"22,527.47","145,244.75","30,069.77","8,734.93","180,062.40","22,815.92",216.17,"187,235.63","32,742.63","31,794.53","47,243.78","3,894.04","1,932.42","142,365.25",0.00,"-336,794.45","31,130.73",0.00,"-31,410.33","11,945.60","-21,179.18","7,218.45","116,683.94","50,612.55","5,660.40",0.00,"110,227.12","52,692.14","5,033.15",489.94,"68,154.30","597,911.97","86,581.81","107,443.01","55,484.55","1,292,976.12","21,910.54","207,903.43","15,653.99","-531,380.08","209,899.66","435,578.33","-175,675.99","6,043.19","8,895.74","30,112.36","8,016.31","-98,268.89","24,818.61","97,034.73","452,129.05","27,023.78","-223,670.99","5,767.06","80,204.40","33,563.85","-12,304.68","4,554.52","78,836.03","8,056.74","-49,663.93","1,333.07","21,375.57","374,013.32","92,912.58","11,105.61","4,642.02","39,733.80","15,323.03","40,935.98","16,198.45","72,915.83","10,908.35","206,332.33","11,199.13","2,909.52","57,252.64","1,548.15","9,961.26","69,232.10","4,829.70","202,383.05","13,074.46","9,227.44","-502,296.17","121,233.89","47,531.18","558,837.24","64,715.14","38,300.75","35,672.68","6,839.45",0.00,0.00,"1,679.01","-38,351.86","9,906,254.03"
,,,RESTRICTED CASH,,,,,,,,,,,,,,,,,,,,,,,,,,,,,,,,,,,,,,,,,,,,,,,,,,,,,,,,,,,,,,,,,,,,,,,,,,,,,,,,,,,,,,,,,,,,,,,,,,,,,,,,,,,,,,,,,,,,,,,,,,,,,,,,,,,,,,,,,,,,,,,,,,,,,,
,,,,CD - Stillwater,,0.00,0.00,0.00,0.00,0.00,0.00,0.00,0.00,0.00,0.00,0.00,0.00,0.00,0.00,0.00,0.00,0.00,0.00,0.00,0.00,0.00,0.00,0.00,0.00,0.00,0.00,0.00,0.00,0.00,0.00,0.00,0.00,0.00,0.00,0.00,0.00,0.00,0.00,0.00,0.00,0.00,0.00,0.00,0.00,0.00,0.00,0.00,0.00,0.00,0.00,0.00,0.00,0.00,0.00,0.00,0.00,0.00,0.00,0.00,0.00,0.00,0.00,0.00,0.00,0.00,0.00,0.00,0.00,0.00,0.00,0.00,0.00,0.00,0.00,0.00,0.00,0.00,0.00,0.00,0.00,0.00,0.00,0.00,0.00,0.00,0.00,0.00,0.00,0.00,0.00,"227,618.81",0.00,0.00,0.00,0.00,0.00,0.00,0.00,0.00,0.00,0.00,0.00,0.00,0.00,0.00,0.00,0.00,0.00,0.00,0.00,0.00,0.00,0.00,0.00,0.00,0.00,0.00,0.00,0.00,0.00,0.00,0.00,0.00,0.00,0.00,0.00,0.00,0.00,0.00,0.00,0.00,0.00,0.00,0.00,0.00,0.00,0.00,0.00,0.00,0.00,0.00,0.00,0.00,0.00,0.00,0.00,0.00,"227,618.81"
,,,,Contract/Damage Deposits,,0.00,"9,563.24","74,316.17",0.00,"41,073.62","4,707.14",0.00,0.00,"15,420.08","4,447.22",686.53,"1,273.22",0.00,0.00,0.00,"22,210.21",0.00,0.00,"5,364.01",0.00,0.00,0.00,0.00,"11,985.51",0.00,0.00,"29,513.01",0.00,0.00,0.00,0.00,0.00,0.00,0.00,0.00,0.00,0.00,0.00,0.00,"13,485.84",0.00,0.00,0.00,0.00,0.00,"14,700.09",0.00,0.00,0.00,0.00,0.00,0.00,"17,687.54",0.00,0.00,0.00,"11,327.86",0.00,"18,765.58",0.00,0.00,0.00,0.00,0.00,0.00,0.00,"24,448.33",0.00,0.00,"19,433.94",0.00,0.00,0.00,"19,116.69",0.00,0.00,0.00,"8,138.35",0.00,0.00,0.00,0.00,"10,365.40",0.00,0.00,0.00,"25,525.61",0.00,"1,711.44",0.00,"16,792.10","16,931.05","15,863.19",0.00,0.00,0.00,0.00,0.00,388.65,0.00,0.00,"6,477.77",0.00,"10,194.81",0.00,0.00,0.00,0.00,0.00,"17,515.59",0.00,"5,784.78",0.00,0.00,0.00,"13,957.90",0.00,0.00,0.00,0.00,"21,511.13",0.00,0.00,0.00,0.00,0.00,0.00,0.00,0.00,0.00,0.00,0.00,"1,031.90",0.00,0.00,"25,445.49","44,102.21",0.00,"37,841.98",0.00,"21,802.55","13,222.93",0.00,0.00,0.00,0.00,0.00,"674,130.66"
,,,,Wells Fargo/Building & Furnish,,"37,058.38","8,006.25","72,500.00","4,758.34","15,166.22","18,791.67","6,423.70","3,511.01","8,583.33","29,799.11","20,361.38","13,040.00","5,619.02","3,422.42","7,652.00","17,875.00",0.00,"45,289.16","11,400.00","10,200.00",0.00,"8,816.58","30,796.80","1,866.72","10,736.63","6,750.53","31,400.00","6,525.00","21,379.35","13,690.38","45,984.04","18,558.00","25,442.50","12,989.80","11,265.62","52,865.04","1,750.00","25,766.15","18,607.17","3,600.00","6,903.94","3,083.36","4,071.33","14,910.50","28,584.35","3,033.30","12,046.87",900.00,"8,697.85","31,353.60",0.00,"42,015.45","23,750.00","4,955.00","25,159.92","61,174.08","15,210.00",0.00,"6,811.67","10,606.00","11,557.18","18,062.34","3,608.75","10,773.99","16,112.68",0.00,"15,083.33",933.24,0.00,"4,425.00",715.97,"10,156.51","2,566.69","3,700.00","9,206.73","7,489.48",0.00,"6,350.00","19,553.60","11,720.22","2,434.08","42,944.80","26,800.00","19,750.27","5,389.43","19,757.95","128,871.97","15,079.66","4,125.00","2,555.40","27,675.00","11,653.12","9,150.00","21,950.00","10,995.00","4,231.00","20,613.77","5,020.99","8,300.00","7,112.35","18,190.99","15,983.36","3,966.66",0.00,"3,799.98","6,291.04","23,374.14","30,434.12","11,442.74","4,180.00","11,143.00",200.00,"4,713.00","55,806.43","62,749.03","9,250.00","8,521.49","6,197.42","33,843.94","10,964.72",-100.00,"6,406.14","39,505.00","14,760.73","23,359.26","17,829.73",838.13,"16,359.36","32,943.13","2,600.00","15,072.00","14,379.60","11,300.00","2,300.00","22,479.83","28,085.41","42,500.00","21,193.43","14,220.00","11,970.00","17,250.00",599.94,"1,736.70",0.00,0.00,0.00,0.00,"2,216,580.47"
,,,,Wells Fargo/Educational,,0.00,0.00,"14,946.77",0.00,"4,550.19",0.00,0.00,500.00,0.00,0.00,0.00,0.00,0.00,0.00,0.00,"1,535.50",0.00,0.00,0.00,0.00,0.00,700.00,0.00,0.00,410.00,"4,732.10",0.00,0.00,"1,459.75",0.00,0.00,0.00,0.00,"2,350.53",825.11,0.00,0.00,725.18,0.00,725.00,125.05,"3,410.85",0.00,0.00,0.00,"1,001.11",0.00,0.00,0.00,0.00,0.00,175.00,0.00,0.00,0.00,"1,500.06","3,373.49",0.00,"16,700.39",500.00,0.00,0.00,0.00,0.00,410.00,0.00,0.00,0.00,0.00,"2,004.03","1,250.94",0.00,0.00,0.00,0.00,0.00,0.00,"1,205.00",0.00,0.00,0.00,0.00,735.57,0.00,0.00,0.00,"16,312.86",0.00,0.00,0.00,0.00,0.00,0.00,0.00,0.00,0.00,"1,000.04",0.00,0.00,0.00,0.00,410.00,725.14,272.04,0.00,887.20,"1,175.34",0.00,0.00,0.00,0.00,0.00,0.00,"1,575.58","1,001.11",0.00,0.00,0.00,0.00,0.00,0.00,0.00,0.00,0.00,"1,001.11",0.00,500.43,0.00,0.00,0.00,0.00,0.00,0.00,0.00,0.00,0.00,0.00,0.00,0.00,0.00,0.00,0.00,250.00,0.00,0.00,0.00,0.00,"90,962.47"
,,,,Wells Fargo/P.Club/Other Fund,,600.00,0.00,"12,175.00",0.00,0.00,0.00,0.00,"3,500.00",0.00,"2,420.64",0.00,0.00,"1,510.01",0.00,0.00,0.00,0.00,0.00,"14,333.01",0.00,0.00,"1,000.00",36.00,0.00,500.00,0.00,0.00,0.00,761.94,0.00,"4,453.57",0.00,0.00,0.00,0.00,0.00,0.00,0.00,128.00,0.00,0.00,0.00,196.00,0.00,0.00,0.00,41.63,0.00,0.00,0.00,0.00,0.00,0.00,"1,250.00","1,095.00",600.00,0.00,0.00,"11,711.31",0.00,0.00,0.00,0.00,0.00,100.00,0.00,0.00,0.00,0.00,0.00,0.00,0.00,0.00,500.00,"1,000.00",-404.00,0.00,"2,000.00",0.00,0.00,0.00,"4,595.30","9,800.00",0.00,172.90,0.00,0.00,111.00,"10,084.12","12,000.00",0.00,"8,119.00","6,520.00",0.00,0.00,0.00,"2,500.00",0.00,0.00,0.00,0.00,0.00,"1,450.00",0.00,67.08,42.00,"4,887.40",0.00,0.00,0.00,0.00,0.00,0.00,0.00,0.00,0.00,0.00,0.00,0.00,"8,559.65",200.00,0.00,0.00,0.00,0.00,0.00,110.10,0.00,0.00,"1,674.55","2,000.00",0.00,0.00,0.00,0.00,"28,000.00",0.00,0.00,"7,450.00",750.00,0.00,0.00,0.00,0.00,0.00,0.00,0.00,"168,601.21"
,,,Total RESTRICTED CASH,,,"37,658.38","17,569.49","173,937.94","4,758.34","60,790.03","23,498.81","6,423.70","7,511.01","24,003.41","36,666.97","21,047.91","14,313.22","7,129.03","3,422.42","7,652.00","41,620.71",0.00,"45,289.16","31,097.02","10,200.00",0.00,"10,516.58","30,832.80","13,852.23","11,646.63","11,482.63","60,913.01","6,525.00","23,601.04","13,690.38","50,437.61","18,558.00","25,442.50","15,340.33","12,090.73","52,865.04","1,750.00","26,491.33","18,735.17","17,810.84","7,028.99","6,494.21","4,267.33","14,910.50","28,584.35","18,734.50","12,088.50",900.00,"8,697.85","31,353.60",0.00,"42,190.45","41,437.54","6,205.00","26,254.92","63,274.14","29,911.35",0.00,"53,988.95","11,106.00","11,557.18","18,062.34","3,608.75","10,773.99","16,622.68",0.00,"39,531.66",933.24,0.00,"25,862.97","1,966.91","10,156.51","2,566.69","23,316.69","10,206.73","7,085.48",0.00,"17,693.35","19,553.60","11,720.22","2,434.08","47,540.10","47,700.97","19,750.27","5,562.33","19,757.95","170,710.44","15,190.66","15,920.56","14,555.40","272,085.91","36,703.17","31,533.19","21,950.00","10,995.00","4,231.00","24,113.81","5,020.99","8,688.65","7,112.35","18,190.99","22,871.13","6,141.80","10,466.85","3,867.06","7,220.24","29,436.88","30,434.12","11,442.74","21,695.59","11,143.00","5,984.78","4,713.00","57,382.01","63,750.14","23,207.90","8,521.49","6,197.42","33,843.94","19,524.37","21,611.13","6,406.14","39,505.00","14,760.73","24,360.37","17,829.73","1,448.66","16,359.36","32,943.13","4,274.55","17,072.00","14,379.60","12,331.90","2,300.00","22,479.83","81,530.90","86,602.21","21,193.43","59,511.98","12,720.00","39,052.55","13,822.87","1,986.70",0.00,0.00,0.00,0.00,"3,377,893.62"
,,Total Checking/Savings,,,,"162,496.46","77,316.91","2,739,373.26","9,976.05",568.23,"171,411.82","15,376.55","45,770.81","-74,039.43","178,310.59","-6,739.55","-271,802.32","1,696.15","11,621.23","3,806.80","206,308.59",0.00,"108,469.81","315,104.41","33,554.66",0.00,"38,471.35","173,207.29","29,941.22","39,782.22","22,662.28","615,251.61","18,695.10","49,334.36","70,839.47","108,595.83","28,210.48","19,650.46","84,400.90","21,396.85","286,609.85","38,382.68","75,359.12","33,147.35","-233,715.29","-19,499.78","117,870.90","22,718.49","19,513.30","41,957.14","159,295.77","25,265.16","5,464.37","20,925.17","37,818.61",0.00,"64,717.92","186,666.73","36,274.77","34,989.85","243,336.54","52,727.27",216.17,"241,224.58","43,848.63","43,351.71","65,306.12","7,502.79","12,706.41","158,987.93",0.00,"-297,289.04","32,063.97",0.00,"-5,547.36","13,912.51","-11,022.67","9,785.14","140,000.63","60,819.28","12,745.88",0.00,"127,920.47","72,245.74","16,753.37","2,924.02","115,694.40","645,612.94","106,332.08","112,972.49","75,242.50","1,463,686.56","37,101.20","223,823.99","30,209.39","-259,294.17","246,602.83","467,111.52","-153,725.99","17,038.19","13,126.74","54,226.17","13,037.30","-89,580.24","31,930.96","115,225.72","475,000.18","33,165.58","-213,204.14","9,634.12","87,424.64","63,000.73","18,129.44","15,997.26","100,531.62","19,199.74","-43,679.15","6,046.07","78,757.58","437,763.46","116,120.48","19,627.10","10,839.44","73,577.74","34,847.40","62,547.11","22,604.59","112,420.83","25,669.08","230,692.70","29,028.86","4,358.18","73,612.00","34,491.28","14,235.81","86,304.10","19,209.30","214,714.95","15,374.46","31,707.27","-420,765.27","207,836.10","68,724.61","618,349.22","77,435.14","77,353.30","49,495.55","8,826.15",0.00,0.00,"1,679.01","-38,308.20","13,284,052.65"
,,Accounts Receivable,,,,,,,,,,,,,,,,,,,,,,,,,,,,,,,,,,,,,,,,,,,,,,,,,,,,,,,,,,,,,,,,,,,,,,,,,,,,,,,,,,,,,,,,,,,,,,,,,,,,,,,,,,,,,,,,,,,,,,,,,,,,,,,,,,,,,,,,,,,,,,,,,,,,,,,
,,,AR,,,,,,,,,,,,,,,,,,,,,,,,,,,,,,,,,,,,,,,,,,,,,,,,,,,,,,,,,,,,,,,,,,,,,,,,,,,,,,,,,,,,,,,,,,,,,,,,,,,,,,,,,,,,,,,,,,,,,,,,,,,,,,,,,,,,,,,,,,,,,,,,,,,,,,
,,,,Member Receivable,,"-2,319.78","3,649.40","99,429.83","1,203.49","-24,810.34",439.68,"-1,386.40",649.30,"-30,065.57","-31,253.20","-2,638.78","-2,232.69",297.34,368.33,105.00,-995.55,0.00,"9,737.43","-60,344.30","-2,125.34",0.00,"-1,664.03","2,711.74","-15,438.44",118.46,"1,160.04",288.42,"1,652.84","1,190.10","13,112.80","1,902.50","1,264.00","17,403.28","2,769.21","1,337.40","7,731.79",311.94,"1,833.50","2,819.42","-1,121.12",941.39,"-1,956.16",-556.83,-446.79,"-5,280.91","-2,905.70",941.66,"2,209.99",850.68,"1,884.12",0.00,"1,500.02","107,646.45","-1,317.50","2,989.55","6,236.81","-25,091.13",-216.17,"-14,143.45",-743.08,"2,430.84",554.54,561.11,"2,240.77","-1,054.55",0.00,"104,888.51","4,861.44",0.00,"32,760.55",30.50,1.50,675.25,"16,238.48","9,146.87","2,004.05",0.00,"-16,929.83","2,709.97","1,373.12","1,122.00","-1,803.50","-31,181.47","5,646.41","-11,461.95","6,706.54","127,062.93","3,776.41","-3,686.93",883.50,"-8,542.83","112,479.62","-23,160.24",0.00,"3,122.07",-988.88,876.00,243.00,"-5,524.17",266.74,428.30,-788.40,"17,628.01","-49,570.56","2,052.34","4,103.86","1,630.86","4,729.19","1,023.13","-18,280.15","-2,724.08","80,907.68",467.74,906.40,"6,393.84","59,458.47","4,533.56","-1,567.00","7,904.22","2,004.00","-9,397.08",-622.09,0.00,"1,563.87","3,392.82",596.34,100.00,"-2,654.44","1,846.86","-1,876.89","1,012.05","3,189.59","-93,865.61","3,436.79","3,167.32","85,819.69","246,436.28","2,072.44","-36,083.80",362.00,"43,717.58","-6,148.16",145.00,0.00,0.00,0.00,-388.04,"775,026.95"
,,,,AR - Other,,0.00,0.00,0.00,0.00,0.00,0.00,0.00,0.00,0.00,0.00,0.00,0.00,0.00,0.00,0.00,0.00,0.00,0.00,0.00,0.00,0.00,0.00,0.00,0.00,0.00,0.00,0.00,0.00,0.00,0.00,0.00,0.00,0.00,0.00,0.00,0.00,0.00,0.00,0.00,0.00,0.00,0.00,0.00,0.00,0.00,0.00,0.00,0.00,0.00,0.00,0.00,0.00,0.00,0.00,0.00,0.00,0.00,0.00,0.00,0.00,0.00,0.00,0.00,0.00,0.00,0.00,0.00,0.00,0.00,0.00,695.97,0.00,0.00,0.00,0.00,0.00,0.00,0.00,0.00,0.00,0.00,0.00,0.00,0.00,0.00,0.00,0.00,0.00,0.00,0.00,"30,193.55",0.00,0.00,0.00,0.00,0.00,0.00,0.00,0.00,0.00,0.00,0.00,0.00,0.00,0.00,0.00,0.00,0.00,0.00,0.00,0.00,0.00,0.00,0.00,0.00,0.00,0.00,0.00,0.00,0.00,0.00,0.00,0.00,0.00,0.00,0.00,0.00,0.00,0.00,0.00,0.00,0.00,0.00,0.00,0.00,0.00,0.00,0.00,0.00,0.00,0.00,0.00,0.00,0.00,0.00,0.00,"33,760.00","64,649.52"
,,,Total AR,,,"-2,319.78","3,649.40","99,429.83","1,203.49","-24,810.34",439.68,"-1,386.40",649.30,"-30,065.57","-31,253.20","-2,638.78","-2,232.69",297.34,368.33,105.00,-995.55,0.00,"9,737.43","-60,344.30","-2,125.34",0.00,"-1,664.03","2,711.74","-15,438.44",118.46,"1,160.04",288.42,"1,652.84","1,190.10","13,112.80","1,902.50","1,264.00","17,403.28","2,769.21","1,337.40","7,731.79",311.94,"1,833.50","2,819.42","-1,121.12",941.39,"-1,956.16",-556.83,-446.79,"-5,280.91","-2,905.70",941.66,"2,209.99",850.68,"1,884.12",0.00,"1,500.02","107,646.45","-1,317.50","2,989.55","6,236.81","-25,091.13",-216.17,"-14,143.45",-743.08,"2,430.84",554.54,561.11,"2,240.77","-1,054.55",0.00,"104,888.51","4,861.44",0.00,"32,760.55",726.47,1.50,675.25,"16,238.48","9,146.87","2,004.05",0.00,"-16,929.83","2,709.97","1,373.12","1,122.00","-1,803.50","-31,181.47","5,646.41","-11,461.95","6,706.54","127,062.93","3,776.41","-3,686.93",883.50,"21,650.72","112,479.62","-23,160.24",0.00,"3,122.07",-988.88,876.00,243.00,"-5,524.17",266.74,428.30,-788.40,"17,628.01","-49,570.56","2,052.34","4,103.86","1,630.86","4,729.19","1,023.13","-18,280.15","-2,724.08","80,907.68",467.74,906.40,"6,393.84","59,458.47","4,533.56","-1,567.00","7,904.22","2,004.00","-9,397.08",-622.09,0.00,"1,563.87","3,392.82",596.34,100.00,"-2,654.44","1,846.86","-1,876.89","1,012.05","3,189.59","-93,865.61","3,436.79","3,167.32","85,819.69","246,436.28","2,072.44","-36,083.80",362.00,"43,717.58","-6,148.16",145.00,0.00,0.00,0.00,"33,371.96","839,676.47"
,,Total Accounts Receivable,,,,"-2,319.78","3,649.40","99,429.83","1,203.49","-24,810.34",439.68,"-1,386.40",649.30,"-30,065.57","-31,253.20","-2,638.78","-2,232.69",297.34,368.33,105.00,-995.55,0.00,"9,737.43","-60,344.30","-2,125.34",0.00,"-1,664.03","2,711.74","-15,438.44",118.46,"1,160.04",288.42,"1,652.84","1,190.10","13,112.80","1,902.50","1,264.00","17,403.28","2,769.21","1,337.40","7,731.79",311.94,"1,833.50","2,819.42","-1,121.12",941.39,"-1,956.16",-556.83,-446.79,"-5,280.91","-2,905.70",941.66,"2,209.99",850.68,"1,884.12",0.00,"1,500.02","107,646.45","-1,317.50","2,989.55","6,236.81","-25,091.13",-216.17,"-14,143.45",-743.08,"2,430.84",554.54,561.11,"2,240.77","-1,054.55",0.00,"104,888.51","4,861.44",0.00,"32,760.55",726.47,1.50,675.25,"16,238.48","9,146.87","2,004.05",0.00,"-16,929.83","2,709.97","1,373.12","1,122.00","-1,803.50","-31,181.47","5,646.41","-11,461.95","6,706.54","127,062.93","3,776.41","-3,686.93",883.50,"21,650.72","112,479.62","-23,160.24",0.00,"3,122.07",-988.88,876.00,243.00,"-5,524.17",266.74,428.30,-788.40,"17,628.01","-49,570.56","2,052.34","4,103.86","1,630.86","4,729.19","1,023.13","-18,280.15","-2,724.08","80,907.68",467.74,906.40,"6,393.84","59,458.47","4,533.56","-1,567.00","7,904.22","2,004.00","-9,397.08",-622.09,0.00,"1,563.87","3,392.82",596.34,100.00,"-2,654.44","1,846.86","-1,876.89","1,012.05","3,189.59","-93,865.61","3,436.79","3,167.32","85,819.69","246,436.28","2,072.44","-36,083.80",362.00,"43,717.58","-6,148.16",145.00,0.00,0.00,0.00,"33,371.96","839,676.47"
,,Other Current Assets,,,,,,,,,,,,,,,,,,,,,,,,,,,,,,,,,,,,,,,,,,,,,,,,,,,,,,,,,,,,,,,,,,,,,,,,,,,,,,,,,,,,,,,,,,,,,,,,,,,,,,,,,,,,,,,,,,,,,,,,,,,,,,,,,,,,,,,,,,,,,,,,,,,,,,,
,,,OTHER CURRENT ASSETS,,,,,,,,,,,,,,,,,,,,,,,,,,,,,,,,,,,,,,,,,,,,,,,,,,,,,,,,,,,,,,,,,,,,,,,,,,,,,,,,,,,,,,,,,,,,,,,,,,,,,,,,,,,,,,,,,,,,,,,,,,,,,,,,,,,,,,,,,,,,,,,,,,,,,,
,,,,Allowance for bad debt.,,"-6,050.10","-9,907.86","-212,371.08","-1,045.00","-19,774.50","-23,336.71",0.00,-534.30,"-4,403.15","-61,560.57","-1,690.08","-14,072.21",-169.84,-530.83,-50.00,"-25,611.06",0.00,"-15,383.23","-41,844.34",0.00,0.00,0.00,"-2,208.74","-12,060.98",-69.74,"-1,092.76","-14,460.23","-1,495.34",-879.25,"-10,921.58","-1,302.50",-962.50,"-2,578.18","-1,877.81",-682.53,"-12,442.71",-202.16,"-1,593.50","-4,813.61","-65,717.77",-856.93,"-1,005.15",0.00,0.00,0.00,"-4,483.84",-875.00,"-1,749.99",-896.18,"-2,114.50",0.00,-875.27,"-163,958.31",0.00,"-2,854.35","-10,297.83","-29,102.86",0.00,"-15,922.09","-1,157.07","-2,101.53","-2,928.82",-507.81,"-1,690.77",-206.96,0.00,"-125,097.66","-8,873.91",0.00,"-41,091.89",-315.50,0.00,-825.25,"-24,339.14","-8,774.46","-1,780.01",0.00,"-7,161.84","-3,914.19",-141.14,-986.01,"-2,070.33","-22,938.16","-4,245.88","-2,054.80","-8,066.63","-218,076.92","-3,176.41","-2,101.71",-541.00,"-58,626.99","-122,923.61","-2,883.50",0.00,-87.50,0.00,-176.00,-91.50,"-1,017.07",-689.80,-428.30,"-46,336.46","-17,047.52","-13,838.38","-2,608.16","-3,413.87","-1,468.53","-4,341.69","-3,417.11","-19,625.16",0.00,"-79,316.54",-315.50,-847.40,"-12,928.64","-64,782.53","-4,315.20",0.00,"-7,826.49","-1,839.00","-4,199.03",-235.10,0.00,"-1,513.87","-5,456.37",-405.75,-50.00,"-1,226.78","-1,167.00",-146.47,"-1,036.00","-6,392.09","-17,794.06","-3,571.07","-2,447.66","-153,999.46","-338,581.62","-1,903.88","-11,125.07",-370.00,"-55,512.60","-8,032.30",-145.00,0.00,0.00,0.00,0.00,"-2,390,358.48"
,,,Total OTHER CURRENT ASSETS,,,"-6,050.10","-9,907.86","-212,371.08","-1,045.00","-19,774.50","-23,336.71",0.00,-534.30,"-4,403.15","-61,560.57","-1,690.08","-14,072.21",-169.84,-530.83,-50.00,"-25,611.06",0.00,"-15,383.23","-41,844.34",0.00,0.00,0.00,"-2,208.74","-12,060.98",-69.74,"-1,092.76","-14,460.23","-1,495.34",-879.25,"-10,921.58","-1,302.50",-962.50,"-2,578.18","-1,877.81",-682.53,"-12,442.71",-202.16,"-1,593.50","-4,813.61","-65,717.77",-856.93,"-1,005.15",0.00,0.00,0.00,"-4,483.84",-875.00,"-1,749.99",-896.18,"-2,114.50",0.00,-875.27,"-163,958.31",0.00,"-2,854.35","-10,297.83","-29,102.86",0.00,"-15,922.09","-1,157.07","-2,101.53","-2,928.82",-507.81,"-1,690.77",-206.96,0.00,"-125,097.66","-8,873.91",0.00,"-41,091.89",-315.50,0.00,-825.25,"-24,339.14","-8,774.46","-1,780.01",0.00,"-7,161.84","-3,914.19",-141.14,-986.01,"-2,070.33","-22,938.16","-4,245.88","-2,054.80","-8,066.63","-218,076.92","-3,176.41","-2,101.71",-541.00,"-58,626.99","-122,923.61","-2,883.50",0.00,-87.50,0.00,-176.00,-91.50,"-1,017.07",-689.80,-428.30,"-46,336.46","-17,047.52","-13,838.38","-2,608.16","-3,413.87","-1,468.53","-4,341.69","-3,417.11","-19,625.16",0.00,"-79,316.54",-315.50,-847.40,"-12,928.64","-64,782.53","-4,315.20",0.00,"-7,826.49","-1,839.00","-4,199.03",-235.10,0.00,"-1,513.87","-5,456.37",-405.75,-50.00,"-1,226.78","-1,167.00",-146.47,"-1,036.00","-6,392.09","-17,794.06","-3,571.07","-2,447.66","-153,999.46","-338,581.62","-1,903.88","-11,125.07",-370.00,"-55,512.60","-8,032.30",-145.00,0.00,0.00,0.00,0.00,"-2,390,358.48"
,,,Security Deposits,,,0.00,0.00,0.00,0.00,0.00,0.00,0.00,0.00,0.00,"10,261.39",0.00,"5,840.00",0.00,0.00,0.00,0.00,0.00,0.00,0.00,0.00,0.00,0.00,0.00,"15,000.00",0.00,0.00,0.00,0.00,0.00,0.00,0.00,0.00,0.00,0.00,0.00,0.00,0.00,0.00,0.00,0.00,0.00,0.00,0.00,0.00,0.00,0.00,0.00,0.00,0.00,0.00,0.00,0.00,0.00,0.00,0.00,0.00,0.00,0.00,0.00,0.00,0.00,0.00,0.00,0.00,0.00,0.00,0.00,0.00,0.00,0.00,0.00,0.00,0.00,0.00,0.00,0.00,0.00,0.00,0.00,0.00,0.00,0.00,0.00,0.00,0.00,0.00,0.00,0.00,0.00,0.00,260.00,0.00,0.00,"25,000.00",0.00,0.00,0.00,0.00,0.00,0.00,0.00,"10,000.00",0.00,"2,445.00",800.00,0.00,0.00,0.00,"5,000.00",0.00,0.00,0.00,0.00,0.00,0.00,0.00,0.00,0.00,0.00,0.00,0.00,0.00,"1,885.00",0.00,750.00,0.00,0.00,0.00,0.00,0.00,0.00,0.00,0.00,0.00,0.00,0.00,0.00,0.00,0.00,0.00,0.00,"4,591.00",0.00,0.00,0.00,0.00,0.00,"81,832.39"
,,Total Other Current Assets,,,,"-6,050.10","-9,907.86","-212,371.08","-1,045.00","-19,774.50","-23,336.71",0.00,-534.30,"-4,403.15","-51,299.18","-1,690.08","-8,232.21",-169.84,-530.83,-50.00,"-25,611.06",0.00,"-15,383.23","-41,844.34",0.00,0.00,0.00,"-2,208.74","2,939.02",-69.74,"-1,092.76","-14,460.23","-1,495.34",-879.25,"-10,921.58","-1,302.50",-962.50,"-2,578.18","-1,877.81",-682.53,"-12,442.71",-202.16,"-1,593.50","-4,813.61","-65,717.77",-856.93,"-1,005.15",0.00,0.00,0.00,"-4,483.84",-875.00,"-1,749.99",-896.18,"-2,114.50",0.00,-875.27,"-163,958.31",0.00,"-2,854.35","-10,297.83","-29,102.86",0.00,"-15,922.09","-1,157.07","-2,101.53","-2,928.82",-507.81,"-1,690.77",-206.96,0.00,"-125,097.66","-8,873.91",0.00,"-41,091.89",-315.50,0.00,-825.25,"-24,339.14","-8,774.46","-1,780.01",0.00,"-7,161.84","-3,914.19",-141.14,-986.01,"-2,070.33","-22,938.16","-4,245.88","-2,054.80","-8,066.63","-218,076.92","-3,176.41","-2,101.71",-541.00,"-58,366.99","-122,923.61","-2,883.50","25,000.00",-87.50,0.00,-176.00,-91.50,"-1,017.07",-689.80,-428.30,"-36,336.46","-17,047.52","-11,393.38","-1,808.16","-3,413.87","-1,468.53","-4,341.69","1,582.89","-19,625.16",0.00,"-79,316.54",-315.50,-847.40,"-12,928.64","-64,782.53","-4,315.20",0.00,"-7,826.49","-1,839.00","-4,199.03",-235.10,"1,885.00","-1,513.87","-4,706.37",-405.75,-50.00,"-1,226.78","-1,167.00",-146.47,"-1,036.00","-6,392.09","-17,794.06","-3,571.07","-2,447.66","-153,999.46","-338,581.62","-1,903.88","-11,125.07",-370.00,"-55,512.60","-3,441.30",-145.00,0.00,0.00,0.00,0.00,"-2,308,526.09"
,Total Current Assets,,,,,"154,126.58","71,058.45","2,626,432.01","10,134.54","-44,016.61","148,514.79","13,990.15","45,885.81","-108,508.15","95,758.21","-11,068.41","-282,267.22","1,823.65","11,458.73","3,861.80","179,701.98",0.00,"102,824.01","212,915.77","31,429.32",0.00,"36,807.32","173,710.29","17,441.80","39,830.94","22,729.56","601,079.80","18,852.60","49,645.21","73,030.69","109,195.83","28,511.98","34,475.56","85,292.30","22,051.72","281,898.93","38,492.46","75,599.12","31,153.16","-300,554.18","-19,415.32","114,909.59","22,161.66","19,066.51","36,676.23","151,906.23","25,331.82","5,924.37","20,879.67","37,588.23",0.00,"65,342.67","130,354.87","34,957.27","35,125.05","239,275.52","-1,466.72",0.00,"211,159.04","41,948.48","43,681.02","62,931.84","7,556.09","13,256.41","157,726.42",0.00,"-317,498.19","28,051.50",0.00,"-13,878.70","14,323.48","-11,021.17","9,635.14","131,899.97","61,191.69","12,969.92",0.00,"103,828.80","71,041.52","17,985.35","3,060.01","111,820.57","591,493.31","107,732.61","99,455.74","73,882.41","1,372,672.57","37,701.20","218,035.35","30,551.89","-296,010.44","236,158.84","441,067.78","-128,725.99","20,072.76","12,137.86","54,926.17","13,188.80","-96,121.48","31,507.90","115,225.72","437,875.32","33,746.07","-274,168.08","9,878.30","88,114.63","63,163.06","18,516.94","18,603.28","62,626.31","16,475.66","-42,088.01","6,198.31","78,816.58","431,228.66","110,796.42","19,845.46","9,272.44","73,655.47","35,012.40","48,951.00","21,747.40","114,305.83","25,719.08","229,379.15","29,219.45","4,408.18","69,730.78","35,171.14","12,212.45","86,280.15","16,006.80","103,055.28","15,240.18","32,426.93","-488,945.04","115,690.76","68,893.17","571,140.35","77,427.14","65,558.28","39,906.09","8,826.15",0.00,0.00,"1,679.01","-4,936.24","11,815,203.03"
,Fixed Assets,,,,,,,,,,,,,,,,,,,,,,,,,,,,,,,,,,,,,,,,,,,,,,,,,,,,,,,,,,,,,,,,,,,,,,,,,,,,,,,,,,,,,,,,,,,,,,,,,,,,,,,,,,,,,,,,,,,,,,,,,,,,,,,,,,,,,,,,,,,,,,,,,,,,,,,,
,,DEPRECIATION(BS),,,,,,,,,,,,,,,,,,,,,,,,,,,,,,,,,,,,,,,,,,,,,,,,,,,,,,,,,,,,,,,,,,,,,,,,,,,,,,,,,,,,,,,,,,,,,,,,,,,,,,,,,,,,,,,,,,,,,,,,,,,,,,,,,,,,,,,,,,,,,,,,,,,,,,,
,,,Accumulated Depreciation,,,"-2,736.00","-261,707.49","-1,815,126.52",0.00,"-97,746.45","-29,082.18","-1,063.78",0.00,"-111,500.56","-99,029.75","-15,313.34","-59,893.78","-4,308.10",0.00,"-5,360.55","-62,998.39",0.00,0.00,"-273,972.07",0.00,0.00,0.00,"-1,265.00","-97,456.02","-6,687.84",0.00,"-48,488.23","-2,037.34","-2,319.00","-37,560.76","-144,206.24","-1,539.18","-4,687.50","-12,145.41",0.00,0.00,"-3,049.00","-4,172.67",-313.64,"-67,550.05","-11,675.76","-6,226.66",-632.00,"-5,679.19","-20,607.77","-12,233.12","-3,626.63",0.00,0.00,0.00,0.00,"-14,505.98","-1,918,180.69",0.00,"-5,961.15","-25,911.98","-1,137,289.67",0.00,"-112,394.50",0.00,"-1,848.56","-3,371.55",0.00,"-3,465.14","-1,964.00",0.00,"-71,761.29","-55,694.09",0.00,"-27,139.86",0.00,"-9,747.65",-433.00,"-5,378.00","-3,743.12",0.00,0.00,"-43,338.74",0.00,0.00,-928.22,"-18,253.28","-437,251.96",0.00,"-13,968.45","-2,299.50","-799,642.07",0.00,"-344,140.62","-2,372.46","-186,809.46","-101,532.51","-19,145.14","-5,767.44",0.00,0.00,-574.74,0.00,"-52,959.74",-468.22,"-10,594.00","-28,404.68","-12,269.25","-110,670.46","-3,813.96","-1,351.00","-2,058.58","-23,970.09","-10,787.53","-51,650.52","-1,200.80","-107,406.19",0.00,"-2,575.88","-33,060.38","-99,175.40",-631.00,-700.49,0.00,"-10,618.38","-53,253.85","-4,291.00","-1,968.50","-6,483.43","-21,593.76","-3,402.96",-322.00,-226.50,"-5,467.19",-213.00,-540.74,0.00,"-59,300.07",0.00,-109.00,"-290,708.53","-367,566.13",0.00,"-1,510,629.89",-155.42,"-73,961.22","-15,818.93","-1,350.00",0.00,0.00,0.00,0.00,"-11,690,541.46"
,,Total DEPRECIATION(BS),,,,"-2,736.00","-261,707.49","-1,815,126.52",0.00,"-97,746.45","-29,082.18","-1,063.78",0.00,"-111,500.56","-99,029.75","-15,313.34","-59,893.78","-4,308.10",0.00,"-5,360.55","-62,998.39",0.00,0.00,"-273,972.07",0.00,0.00,0.00,"-1,265.00","-97,456.02","-6,687.84",0.00,"-48,488.23","-2,037.34","-2,319.00","-37,560.76","-144,206.24","-1,539.18","-4,687.50","-12,145.41",0.00,0.00,"-3,049.00","-4,172.67",-313.64,"-67,550.05","-11,675.76","-6,226.66",-632.00,"-5,679.19","-20,607.77","-12,233.12","-3,626.63",0.00,0.00,0.00,0.00,"-14,505.98","-1,918,180.69",0.00,"-5,961.15","-25,911.98","-1,137,289.67",0.00,"-112,394.50",0.00,"-1,848.56","-3,371.55",0.00,"-3,465.14","-1,964.00",0.00,"-71,761.29","-55,694.09",0.00,"-27,139.86",0.00,"-9,747.65",-433.00,"-5,378.00","-3,743.12",0.00,0.00,"-43,338.74",0.00,0.00,-928.22,"-18,253.28","-437,251.96",0.00,"-13,968.45","-2,299.50","-799,642.07",0.00,"-344,140.62","-2,372.46","-186,809.46","-101,532.51","-19,145.14","-5,767.44",0.00,0.00,-574.74,0.00,"-52,959.74",-468.22,"-10,594.00","-28,404.68","-12,269.25","-110,670.46","-3,813.96","-1,351.00","-2,058.58","-23,970.09","-10,787.53","-51,650.52","-1,200.80","-107,406.19",0.00,"-2,575.88","-33,060.38","-99,175.40",-631.00,-700.49,0.00,"-10,618.38","-53,253.85","-4,291.00","-1,968.50","-6,483.43","-21,593.76","-3,402.96",-322.00,-226.50,"-5,467.19",-213.00,-540.74,0.00,"-59,300.07",0.00,-109.00,"-290,708.53","-367,566.13",0.00,"-1,510,629.89",-155.42,"-73,961.22","-15,818.93","-1,350.00",0.00,0.00,0.00,0.00,"-11,690,541.46"
,,FFE,,,,,,,,,,,,,,,,,,,,,,,,,,,,,,,,,,,,,,,,,,,,,,,,,,,,,,,,,,,,,,,,,,,,,,,,,,,,,,,,,,,,,,,,,,,,,,,,,,,,,,,,,,,,,,,,,,,,,,,,,,,,,,,,,,,,,,,,,,,,,,,,,,,,,,,
,,,Building - Asset,,,0.00,0.00,0.00,0.00,"1,500,000.00","500,000.00",0.00,0.00,"1,300,000.00",0.00,0.00,0.00,0.00,0.00,0.00,0.00,0.00,0.00,0.00,0.00,0.00,0.00,0.00,0.00,0.00,0.00,0.00,0.00,0.00,0.00,0.00,0.00,0.00,0.00,0.00,0.00,0.00,0.00,0.00,0.00,0.00,0.00,0.00,0.00,0.00,0.00,0.00,0.00,0.00,0.00,0.00,0.00,0.00,0.00,0.00,0.00,0.00,0.00,0.00,0.00,0.00,0.00,0.00,0.00,0.00,0.00,0.00,0.00,0.00,0.00,0.00,0.00,0.00,0.00,0.00,0.00,0.00,0.00,0.00,0.00,0.00,0.00,0.00,0.00,"784,000.00",0.00,"2,000,000.00",0.00,"1,000,000.00",0.00,0.00,0.00,0.00,0.00,0.00,0.00,0.00,0.00,0.00,0.00,0.00,0.00,0.00,0.00,0.00,0.00,0.00,0.00,0.00,0.00,0.00,0.00,0.00,0.00,0.00,0.00,0.00,0.00,0.00,0.00,0.00,0.00,0.00,0.00,"538,750.00",0.00,0.00,0.00,0.00,0.00,0.00,0.00,0.00,0.00,0.00,0.00,0.00,0.00,0.00,0.00,0.00,0.00,0.00,0.00,0.00,0.00,0.00,"7,622,750.00"
,,,Fixed Assets,,,0.00,0.00,0.00,0.00,0.00,"6,461.00",0.00,0.00,0.00,0.00,0.00,0.00,0.00,0.00,0.00,0.00,0.00,0.00,0.00,0.00,0.00,0.00,0.00,0.00,0.00,0.00,0.00,0.00,0.00,0.00,0.00,0.00,0.00,0.00,0.00,0.00,0.00,0.00,0.00,0.00,0.00,0.00,0.00,0.00,0.00,0.00,0.00,0.00,0.00,0.00,0.00,0.00,0.00,0.00,0.00,0.00,745.00,0.00,0.00,0.00,0.00,0.00,0.00,0.00,0.00,0.00,0.00,0.00,0.00,0.00,0.00,0.00,0.00,0.00,0.00,0.00,0.00,0.00,0.00,0.00,0.00,0.00,0.00,0.00,0.00,0.00,0.00,0.00,0.00,0.00,0.00,0.00,0.00,0.00,0.00,0.00,0.00,0.00,0.00,0.00,0.00,0.00,0.00,0.00,0.00,0.00,0.00,0.00,"37,671.39",0.00,0.00,0.00,0.00,0.00,0.00,0.00,0.00,0.00,0.00,"3,634.00",0.00,0.00,0.00,0.00,0.00,0.00,0.00,0.00,0.00,0.00,0.00,0.00,0.00,0.00,0.00,0.00,0.00,0.00,0.00,0.00,0.00,0.00,0.00,0.00,0.00,0.00,0.00,"48,511.39"
,,,"Furniture, Fixtures, and Equip",,,"4,032.00","287,973.71","4,634,276.11",0.00,"287,256.38","112,710.29","12,808.97",0.00,"843,769.25","395,853.55","59,542.84","184,579.31","13,568.04",0.00,"17,293.49","142,886.15",0.00,0.00,"477,688.19",0.00,0.00,0.00,"1,265.00","205,945.96","30,450.00",0.00,"90,016.28","3,803.80","4,024.14","217,649.15","184,790.56","5,186.86","300,000.00","21,070.90",0.00,0.00,"3,048.88","5,898.80",382.00,"178,692.14","73,480.73","8,168.49",632.00,"10,624.80","37,376.71","19,118.42","3,778.00",0.00,0.00,0.00,0.00,"40,811.04","3,430,521.50",0.00,"14,971.88","41,408.45","1,763,177.41",0.00,"392,186.13",0.00,"3,697.11","12,978.89",0.00,"6,607.53","1,964.00",0.00,"83,978.02","261,698.72",0.00,"36,602.92",0.00,"70,779.16",433.68,"5,378.18","4,470.80",0.00,0.00,"81,106.00",0.00,0.00,"1,130.00","73,958.30","1,134,287.83",0.00,"34,467.29","4,780.00","2,707,923.50",0.00,"585,933.30","4,126.03","342,528.79","123,604.06","40,634.56","69,835.77",0.00,0.00,710.00,0.00,"115,431.35",570.00,"12,065.60","44,401.36","12,636.38","180,038.79","12,322.00","1,351.39","2,506.00","75,823.36","86,061.56","72,030.26","1,871.00","230,640.02",0.00,"3,796.00","48,180.85","420,198.47",631.00,"3,691.70",0.00,"21,079.84","100,251.94","4,290.54","29,473.14","7,892.70","87,791.98","4,150.00",392.00,290.28,"17,253.38",212.88,"1,138.36",0.00,"225,698.20",0.00,108.50,"615,183.77","490,864.69",0.00,"1,722,461.89",327.16,"144,175.29","59,721.00","2,520.00",0.00,0.00,0.00,0.00,"25,115,857.38"
,,Total FFE,,,,"4,032.00","287,973.71","4,634,276.11",0.00,"1,787,256.38","619,171.29","12,808.97",0.00,"2,143,769.25","395,853.55","59,542.84","184,579.31","13,568.04",0.00,"17,293.49","142,886.15",0.00,0.00,"477,688.19",0.00,0.00,0.00,"1,265.00","205,945.96","30,450.00",0.00,"90,016.28","3,803.80","4,024.14","217,649.15","184,790.56","5,186.86","300,000.00","21,070.90",0.00,0.00,"3,048.88","5,898.80",382.00,"178,692.14","73,480.73","8,168.49",632.00,"10,624.80","37,376.71","19,118.42","3,778.00",0.00,0.00,0.00,0.00,"40,811.04","3,430,521.50",0.00,"14,971.88","41,408.45","1,763,922.41",0.00,"392,186.13",0.00,"3,697.11","12,978.89",0.00,"6,607.53","1,964.00",0.00,"83,978.02","261,698.72",0.00,"36,602.92",0.00,"70,779.16",433.68,"5,378.18","4,470.80",0.00,0.00,"81,106.00",0.00,0.00,"1,130.00","73,958.30","1,134,287.83",0.00,"818,467.29","4,780.00","4,707,923.50",0.00,"1,585,933.30","4,126.03","342,528.79","123,604.06","40,634.56","69,835.77",0.00,0.00,710.00,0.00,"115,431.35",570.00,"12,065.60","44,401.36","12,636.38","180,038.79","12,322.00","1,351.39","2,506.00","75,823.36","123,732.95","72,030.26","1,871.00","230,640.02",0.00,"3,796.00","48,180.85","420,198.47",631.00,"3,691.70",0.00,"24,713.84","100,251.94","4,290.54","29,473.14","7,892.70","626,541.98","4,150.00",392.00,290.28,"17,253.38",212.88,"1,138.36",0.00,"225,698.20",0.00,108.50,"615,183.77","490,864.69",0.00,"1,722,461.89",327.16,"144,175.29","59,721.00","2,520.00",0.00,0.00,0.00,0.00,"32,787,118.77"
,Total Fixed Assets,,,,,"1,296.00","26,266.22","2,819,149.59",0.00,"1,689,509.93","590,089.11","11,745.19",0.00,"2,032,268.69","296,823.80","44,229.50","124,685.53","9,259.94",0.00,"11,932.94","79,887.76",0.00,0.00,"203,716.12",0.00,0.00,0.00,0.00,"108,489.94","23,762.16",0.00,"41,528.05","1,766.46","1,705.14","180,088.39","40,584.32","3,647.68","295,312.50","8,925.49",0.00,0.00,-0.12,"1,726.13",68.36,"111,142.09","61,804.97","1,941.83",0.00,"4,945.61","16,768.94","6,885.30",151.37,0.00,0.00,0.00,0.00,"26,305.06","1,512,340.81",0.00,"9,010.73","15,496.47","626,632.74",0.00,"279,791.63",0.00,"1,848.55","9,607.34",0.00,"3,142.39",0.00,0.00,"12,216.73","206,004.63",0.00,"9,463.06",0.00,"61,031.51",0.68,0.18,727.68,0.00,0.00,"37,767.26",0.00,0.00,201.78,"55,705.02","697,035.87",0.00,"804,498.84","2,480.50","3,908,281.43",0.00,"1,241,792.68","1,753.57","155,719.33","22,071.55","21,489.42","64,068.33",0.00,0.00,135.26,0.00,"62,471.61",101.78,"1,471.60","15,996.68",367.13,"69,368.33","8,508.04",0.39,447.42,"51,853.27","112,945.42","20,379.74",670.20,"123,233.83",0.00,"1,220.12","15,120.47","321,023.07",0.00,"2,991.21",0.00,"14,095.46","46,998.09",-0.46,"27,504.64","1,409.27","604,948.22",747.04,70.00,63.78,"11,786.19",-0.12,597.62,0.00,"166,398.13",0.00,-0.50,"324,475.24","123,298.56",0.00,"211,832.00",171.74,"70,214.07","43,902.07","1,170.00",0.00,0.00,0.00,0.00,"21,096,577.31"
,Other Assets,,,,,,,,,,,,,,,,,,,,,,,,,,,,,,,,,,,,,,,,,,,,,,,,,,,,,,,,,,,,,,,,,,,,,,,,,,,,,,,,,,,,,,,,,,,,,,,,,,,,,,,,,,,,,,,,,,,,,,,,,,,,,,,,,,,,,,,,,,,,,,,,,,,,,,,,
,,Due From Properties,,,,0.00,0.00,0.00,0.00,0.00,0.00,0.00,0.00,0.00,0.00,0.00,0.00,0.00,0.00,0.00,0.00,0.00,0.00,0.00,0.00,0.00,0.00,0.00,0.00,0.00,0.00,0.00,0.00,0.00,0.00,0.00,0.00,0.00,0.00,0.00,0.00,0.00,0.00,0.00,0.00,0.00,0.00,0.00,0.00,0.00,0.00,0.00,0.00,0.00,0.00,0.00,0.00,0.00,0.00,0.00,0.00,0.00,0.00,0.00,0.00,0.00,0.00,0.00,0.00,0.00,0.00,0.00,0.00,0.00,0.00,0.00,0.00,0.00,0.00,0.00,0.00,0.00,0.00,0.00,0.00,0.00,0.00,0.00,0.00,0.00,0.00,0.00,0.00,0.00,0.00,"4,529,403.02",0.00,0.00,0.00,0.00,0.00,0.00,0.00,0.00,0.00,0.00,0.00,0.00,0.00,0.00,0.00,0.00,0.00,0.00,0.00,0.00,0.00,0.00,0.00,0.00,0.00,0.00,0.00,0.00,0.00,0.00,0.00,0.00,0.00,0.00,0.00,0.00,0.00,0.00,0.00,0.00,0.00,0.00,0.00,0.00,0.00,0.00,0.00,0.00,0.00,0.00,0.00,0.00,0.00,0.00,0.00,0.00,"4,529,403.02"
,Total Other Assets,,,,,0.00,0.00,0.00,0.00,0.00,0.00,0.00,0.00,0.00,0.00,0.00,0.00,0.00,0.00,0.00,0.00,0.00,0.00,0.00,0.00,0.00,0.00,0.00,0.00,0.00,0.00,0.00,0.00,0.00,0.00,0.00,0.00,0.00,0.00,0.00,0.00,0.00,0.00,0.00,0.00,0.00,0.00,0.00,0.00,0.00,0.00,0.00,0.00,0.00,0.00,0.00,0.00,0.00,0.00,0.00,0.00,0.00,0.00,0.00,0.00,0.00,0.00,0.00,0.00,0.00,0.00,0.00,0.00,0.00,0.00,0.00,0.00,0.00,0.00,0.00,0.00,0.00,0.00,0.00,0.00,0.00,0.00,0.00,0.00,0.00,0.00,0.00,0.00,0.00,0.00,"4,529,403.02",0.00,0.00,0.00,0.00,0.00,0.00,0.00,0.00,0.00,0.00,0.00,0.00,0.00,0.00,0.00,0.00,0.00,0.00,0.00,0.00,0.00,0.00,0.00,0.00,0.00,0.00,0.00,0.00,0.00,0.00,0.00,0.00,0.00,0.00,0.00,0.00,0.00,0.00,0.00,0.00,0.00,0.00,0.00,0.00,0.00,0.00,0.00,0.00,0.00,0.00,0.00,0.00,0.00,0.00,0.00,0.00,"4,529,403.02"
TOTAL ASSETS,,,,,,"155,422.58","97,324.67","5,445,581.60","10,134.54","1,645,493.32","738,603.90","25,735.34","45,885.81","1,923,760.54","392,582.01","33,161.09","-157,581.69","11,083.59","11,458.73","15,794.74","259,589.74",0.00,"102,824.01","416,631.89","31,429.32",0.00,"36,807.32","173,710.29","125,931.74","63,593.10","22,729.56","642,607.85","20,619.06","51,350.35","253,119.08","149,780.15","32,159.66","329,788.06","94,217.79","22,051.72","281,898.93","38,492.34","77,325.25","31,221.52","-189,412.09","42,389.65","116,851.42","22,161.66","24,012.12","53,445.17","158,791.53","25,483.19","5,924.37","20,879.67","37,588.23",0.00,"91,647.73","1,642,695.68","34,957.27","44,135.78","254,771.99","625,166.02",0.00,"490,950.67","41,948.48","45,529.57","72,539.18","7,556.09","16,398.80","157,726.42",0.00,"-305,281.46","234,056.13",0.00,"-4,415.64","14,323.48","50,010.34","9,635.82","131,900.15","61,919.37","12,969.92",0.00,"141,596.06","71,041.52","17,985.35","3,261.79","167,525.59","1,288,529.18","107,732.61","903,954.58","76,362.91","5,280,954.00","37,701.20","1,459,828.03","32,305.46","4,389,111.91","258,230.39","462,557.20","-64,657.66","20,072.76","12,137.86","55,061.43","13,188.80","-33,649.87","31,609.68","116,697.32","453,872.00","34,113.20","-204,799.75","18,386.34","88,115.02","63,610.48","70,370.21","131,548.70","83,006.05","17,145.86","81,145.82","6,198.31","80,036.70","446,349.13","431,819.49","19,845.46","12,263.65","73,655.47","49,107.86","95,949.09","21,746.94","141,810.47","27,128.35","834,327.37","29,966.49","4,478.18","69,794.56","46,957.33","12,212.33","86,877.77","16,006.80","269,453.41","15,240.18","32,426.43","-164,469.80","238,989.32","68,893.17","782,972.35","77,598.88","135,772.35","83,808.16","9,996.15",0.00,0.00,"1,679.01","-4,936.24","37,441,183.36"
LIABILITIES & EQUITY,,,,,,,,,,,,,,,,,,,,,,,,,,,,,,,,,,,,,,,,,,,,,,,,,,,,,,,,,,,,,,,,,,,,,,,,,,,,,,,,,,,,,,,,,,,,,,,,,,,,,,,,,,,,,,,,,,,,,,,,,,,,,,,,,,,,,,,,,,,,,,,,,,,,,,,,,
,Liabilities,,,,,,,,,,,,,,,,,,,,,,,,,,,,,,,,,,,,,,,,,,,,,,,,,,,,,,,,,,,,,,,,,,,,,,,,,,,,,,,,,,,,,,,,,,,,,,,,,,,,,,,,,,,,,,,,,,,,,,,,,,,,,,,,,,,,,,,,,,,,,,,,,,,,,,,,
,,Current Liabilities,,,,,,,,,,,,,,,,,,,,,,,,,,,,,,,,,,,,,,,,,,,,,,,,,,,,,,,,,,,,,,,,,,,,,,,,,,,,,,,,,,,,,,,,,,,,,,,,,,,,,,,,,,,,,,,,,,,,,,,,,,,,,,,,,,,,,,,,,,,,,,,,,,,,,,,
,,,Accounts Payable,,,,,,,,,,,,,,,,,,,,,,,,,,,,,,,,,,,,,,,,,,,,,,,,,,,,,,,,,,,,,,,,,,,,,,,,,,,,,,,,,,,,,,,,,,,,,,,,,,,,,,,,,,,,,,,,,,,,,,,,,,,,,,,,,,,,,,,,,,,,,,,,,,,,,,
,,,,Accounts Payable,,0.00,0.00,"22,819.73",0.00,80.31,0.00,"1,100.00",0.00,"-3,195.00","3,195.00",0.00,0.00,0.00,0.00,0.00,"2,919.41",0.00,0.00,-618.36,0.00,0.00,0.00,0.00,900.38,0.00,0.00,0.00,0.00,0.00,0.00,0.00,0.00,0.00,0.00,0.00,0.00,0.00,0.00,0.00,0.00,0.00,0.00,0.00,0.00,-95.00,0.00,0.00,0.00,0.00,0.00,0.00,0.00,261.40,0.00,0.00,0.00,"1,618.87",0.00,903.75,0.00,0.00,0.00,0.00,0.00,0.00,0.00,617.41,0.00,0.00,-59.00,0.00,"2,082.00",0.00,"1,000.00",0.00,0.00,0.00,0.00,0.00,0.00,0.00,0.00,-345.03,0.00,0.00,0.00,"1,085.65",0.00,0.00,0.00,0.00,407.85,-121.54,"1,005.62",0.00,0.00,0.00,0.00,238.33,0.00,0.00,"-3,305.78",0.00,0.00,0.00,0.00,0.00,0.00,0.00,0.00,0.00,395.61,0.00,0.00,0.00,110.00,0.00,0.00,0.00,0.00,0.00,0.00,0.00,0.00,0.00,0.00,0.00,0.00,0.00,0.00,0.00,0.00,"4,989.74",0.00,0.00,-234.86,"2,905.97",0.00,-248.05,0.00,0.00,0.00,0.00,0.00,0.00,0.00,-191.48,"40,222.93"
,,,Total Accounts Payable,,,0.00,0.00,"22,819.73",0.00,80.31,0.00,"1,100.00",0.00,"-3,195.00","3,195.00",0.00,0.00,0.00,0.00,0.00,"2,919.41",0.00,0.00,-618.36,0.00,0.00,0.00,0.00,900.38,0.00,0.00,0.00,0.00,0.00,0.00,0.00,0.00,0.00,0.00,0.00,0.00,0.00,0.00,0.00,0.00,0.00,0.00,0.00,0.00,-95.00,0.00,0.00,0.00,0.00,0.00,0.00,0.00,261.40,0.00,0.00,0.00,"1,618.87",0.00,903.75,0.00,0.00,0.00,0.00,0.00,0.00,0.00,617.41,0.00,0.00,-59.00,0.00,"2,082.00",0.00,"1,000.00",0.00,0.00,0.00,0.00,0.00,0.00,0.00,0.00,-345.03,0.00,0.00,0.00,"1,085.65",0.00,0.00,0.00,0.00,407.85,-121.54,"1,005.62",0.00,0.00,0.00,0.00,238.33,0.00,0.00,"-3,305.78",0.00,0.00,0.00,0.00,0.00,0.00,0.00,0.00,0.00,395.61,0.00,0.00,0.00,110.00,0.00,0.00,0.00,0.00,0.00,0.00,0.00,0.00,0.00,0.00,0.00,0.00,0.00,0.00,0.00,0.00,"4,989.74",0.00,0.00,-234.86,"2,905.97",0.00,-248.05,0.00,0.00,0.00,0.00,0.00,0.00,0.00,-191.48,"40,222.93"
,,,Other Current Liabilities,,,,,,,,,,,,,,,,,,,,,,,,,,,,,,,,,,,,,,,,,,,,,,,,,,,,,,,,,,,,,,,,,,,,,,,,,,,,,,,,,,,,,,,,,,,,,,,,,,,,,,,,,,,,,,,,,,,,,,,,,,,,,,,,,,,,,,,,,,,,,,,,,,,,,,
,,,,Accrued Payables,,0.00,0.00,0.00,0.00,0.00,"6,461.00",0.00,0.00,0.00,0.00,0.00,0.00,0.00,0.00,0.00,0.00,0.00,0.00,0.00,0.00,0.00,0.00,0.00,0.00,0.00,0.00,0.00,0.00,0.00,0.00,0.00,0.00,0.00,0.00,0.00,0.00,0.00,0.00,0.00,0.00,0.00,0.00,0.00,0.00,0.00,0.00,0.00,0.00,0.00,0.00,0.00,0.00,0.00,0.00,0.00,0.00,745.00,0.00,0.00,0.00,0.00,0.00,0.00,0.00,0.00,0.00,0.00,0.00,0.00,0.00,0.00,0.00,0.00,0.00,0.00,0.00,0.00,0.00,0.00,0.00,0.00,0.00,0.00,0.00,0.00,0.00,0.00,0.00,0.00,0.00,0.00,0.00,0.00,0.00,0.00,0.00,0.00,0.00,0.00,0.00,0.00,0.00,0.00,0.00,0.00,0.00,0.00,0.00,"37,671.39",0.00,0.00,0.00,0.00,0.00,0.00,0.00,0.00,0.00,0.00,"3,634.00",0.00,0.00,0.00,0.00,0.00,0.00,0.00,0.00,0.00,0.00,0.00,0.00,0.00,0.00,0.00,0.00,0.00,0.00,0.00,0.00,0.00,0.00,0.00,0.00,0.00,0.00,0.00,"48,511.39"
,,,,CURRENT LIABILITY,,,,,,,,,,,,,,,,,,,,,,,,,,,,,,,,,,,,,,,,,,,,,,,,,,,,,,,,,,,,,,,,,,,,,,,,,,,,,,,,,,,,,,,,,,,,,,,,,,,,,,,,,,,,,,,,,,,,,,,,,,,,,,,,,,,,,,,,,,,,,,,,,,,,,
,,,,,Damage Deposit (L),0.00,"9,563.24","74,316.17",0.00,"41,073.62","4,707.14",0.00,0.00,"15,420.08","4,447.22",686.53,"1,273.22",0.00,0.00,0.00,"22,210.21",0.00,0.00,"5,364.01",0.00,0.00,0.00,0.00,"11,985.51",0.00,0.00,"29,513.01",0.00,0.00,0.00,0.00,0.00,0.00,0.00,0.00,0.00,0.00,0.00,0.00,"13,485.84",0.00,0.00,0.00,0.00,0.00,"14,700.09",0.00,0.00,0.00,0.00,0.00,0.00,"17,687.54",0.00,0.00,0.00,"11,327.86",0.00,"18,765.58",0.00,0.00,0.00,0.00,0.00,0.00,0.00,"24,448.33",0.00,0.00,"19,433.94",0.00,0.00,0.00,"19,116.69",0.00,0.00,0.00,"8,138.35",0.00,0.00,0.00,0.00,"10,365.40",0.00,0.00,0.00,"25,525.61",0.00,"1,711.44",0.00,"16,792.10","16,931.05","15,863.19",0.00,0.00,0.00,0.00,0.00,388.65,0.00,0.00,"6,477.77",0.00,"10,194.81",0.00,0.00,0.00,0.00,0.00,"17,515.59",0.00,"5,784.78",0.00,0.00,0.00,"13,957.90",0.00,0.00,0.00,0.00,"21,511.13",0.00,0.00,0.00,0.00,0.00,0.00,0.00,0.00,0.00,0.00,0.00,"1,031.90",0.00,0.00,"25,445.49","44,102.21",0.00,"37,841.98",0.00,"21,802.55","13,222.93",0.00,0.00,0.00,0.00,0.00,"674,130.66"
,,,,,Due to Properties,0.00,0.00,0.00,0.00,0.00,0.00,0.00,0.00,0.00,0.00,0.00,0.00,0.00,0.00,0.00,0.00,0.00,0.00,0.00,0.00,0.00,0.00,0.00,0.00,0.00,0.00,0.00,0.00,0.00,0.00,0.00,0.00,0.00,0.00,0.00,0.00,0.00,0.00,0.00,0.00,0.00,0.00,0.00,0.00,0.00,0.00,0.00,0.00,0.00,0.00,0.00,0.00,0.00,0.00,0.00,0.00,0.00,0.00,0.00,0.00,0.00,0.00,0.00,0.00,0.00,0.00,0.00,0.00,0.00,0.00,0.00,0.00,0.00,0.00,0.00,0.00,0.00,0.00,0.00,0.00,0.00,0.00,0.00,0.00,0.00,0.00,0.00,0.00,0.00,0.00,"12,859.66",0.00,0.00,0.00,0.00,0.00,0.00,0.00,0.00,0.00,0.00,0.00,0.00,0.00,0.00,0.00,0.00,0.00,0.00,0.00,0.00,0.00,0.00,0.00,0.00,0.00,0.00,0.00,0.00,0.00,0.00,0.00,0.00,0.00,0.00,0.00,0.00,0.00,0.00,0.00,0.00,0.00,0.00,0.00,0.00,0.00,0.00,0.00,0.00,0.00,0.00,0.00,0.00,0.00,0.00,0.00,0.00,"12,859.66"
,,,,Total CURRENT LIABILITY,,0.00,"9,563.24","74,316.17",0.00,"41,073.62","4,707.14",0.00,0.00,"15,420.08","4,447.22",686.53,"1,273.22",0.00,0.00,0.00,"22,210.21",0.00,0.00,"5,364.01",0.00,0.00,0.00,0.00,"11,985.51",0.00,0.00,"29,513.01",0.00,0.00,0.00,0.00,0.00,0.00,0.00,0.00,0.00,0.00,0.00,0.00,"13,485.84",0.00,0.00,0.00,0.00,0.00,"14,700.09",0.00,0.00,0.00,0.00,0.00,0.00,"17,687.54",0.00,0.00,0.00,"11,327.86",0.00,"18,765.58",0.00,0.00,0.00,0.00,0.00,0.00,0.00,"24,448.33",0.00,0.00,"19,433.94",0.00,0.00,0.00,"19,116.69",0.00,0.00,0.00,"8,138.35",0.00,0.00,0.00,0.00,"10,365.40",0.00,0.00,0.00,"25,525.61",0.00,"1,711.44",0.00,"29,651.76","16,931.05","15,863.19",0.00,0.00,0.00,0.00,0.00,388.65,0.00,0.00,"6,477.77",0.00,"10,194.81",0.00,0.00,0.00,0.00,0.00,"17,515.59",0.00,"5,784.78",0.00,0.00,0.00,"13,957.90",0.00,0.00,0.00,0.00,"21,511.13",0.00,0.00,0.00,0.00,0.00,0.00,0.00,0.00,0.00,0.00,0.00,"1,031.90",0.00,0.00,"25,445.49","44,102.21",0.00,"37,841.98",0.00,"21,802.55","13,222.93",0.00,0.00,0.00,0.00,0.00,"686,990.32"
,,,Total Other Current Liabilities,,,0.00,"9,563.24","74,316.17",0.00,"41,073.62","11,168.14",0.00,0.00,"15,420.08","4,447.22",686.53,"1,273.22",0.00,0.00,0.00,"22,210.21",0.00,0.00,"5,364.01",0.00,0.00,0.00,0.00,"11,985.51",0.00,0.00,"29,513.01",0.00,0.00,0.00,0.00,0.00,0.00,0.00,0.00,0.00,0.00,0.00,0.00,"13,485.84",0.00,0.00,0.00,0.00,0.00,"14,700.09",0.00,0.00,0.00,0.00,0.00,0.00,"17,687.54",0.00,0.00,0.00,"12,072.86",0.00,"18,765.58",0.00,0.00,0.00,0.00,0.00,0.00,0.00,"24,448.33",0.00,0.00,"19,433.94",0.00,0.00,0.00,"19,116.69",0.00,0.00,0.00,"8,138.35",0.00,0.00,0.00,0.00,"10,365.40",0.00,0.00,0.00,"25,525.61",0.00,"1,711.44",0.00,"29,651.76","16,931.05","15,863.19",0.00,0.00,0.00,0.00,0.00,388.65,0.00,0.00,"6,477.77",0.00,"10,194.81",0.00,0.00,0.00,0.00,"37,671.39","17,515.59",0.00,"5,784.78",0.00,0.00,0.00,"13,957.90",0.00,0.00,0.00,"3,634.00","21,511.13",0.00,0.00,0.00,0.00,0.00,0.00,0.00,0.00,0.00,0.00,0.00,"1,031.90",0.00,0.00,"25,445.49","44,102.21",0.00,"37,841.98",0.00,"21,802.55","13,222.93",0.00,0.00,0.00,0.00,0.00,"735,501.71"
,,Total Current Liabilities,,,,0.00,"9,563.24","97,135.90",0.00,"41,153.93","11,168.14","1,100.00",0.00,"12,225.08","7,642.22",686.53,"1,273.22",0.00,0.00,0.00,"25,129.62",0.00,0.00,"4,745.65",0.00,0.00,0.00,0.00,"12,885.89",0.00,0.00,"29,513.01",0.00,0.00,0.00,0.00,0.00,0.00,0.00,0.00,0.00,0.00,0.00,0.00,"13,485.84",0.00,0.00,0.00,0.00,-95.00,"14,700.09",0.00,0.00,0.00,0.00,0.00,0.00,"17,948.94",0.00,0.00,0.00,"13,691.73",0.00,"19,669.33",0.00,0.00,0.00,0.00,0.00,0.00,0.00,"25,065.74",0.00,0.00,"19,374.94",0.00,"2,082.00",0.00,"20,116.69",0.00,0.00,0.00,"8,138.35",0.00,0.00,0.00,0.00,"10,020.37",0.00,0.00,0.00,"26,611.26",0.00,"1,711.44",0.00,"29,651.76","17,338.90","15,741.65","1,005.62",0.00,0.00,0.00,0.00,626.98,0.00,0.00,"3,171.99",0.00,"10,194.81",0.00,0.00,0.00,0.00,"37,671.39","17,515.59",0.00,"6,180.39",0.00,0.00,0.00,"14,067.90",0.00,0.00,0.00,"3,634.00","21,511.13",0.00,0.00,0.00,0.00,0.00,0.00,0.00,0.00,0.00,0.00,0.00,"6,021.64",0.00,0.00,"25,210.63","47,008.18",0.00,"37,593.93",0.00,"21,802.55","13,222.93",0.00,0.00,0.00,0.00,-191.48,"775,724.64"
,,Long Term Liabilities,,,,,,,,,,,,,,,,,,,,,,,,,,,,,,,,,,,,,,,,,,,,,,,,,,,,,,,,,,,,,,,,,,,,,,,,,,,,,,,,,,,,,,,,,,,,,,,,,,,,,,,,,,,,,,,,,,,,,,,,,,,,,,,,,,,,,,,,,,,,,,,,,,,,,,,
,,,DEBT.,,,,,,,,,,,,,,,,,,,,,,,,,,,,,,,,,,,,,,,,,,,,,,,,,,,,,,,,,,,,,,,,,,,,,,,,,,,,,,,,,,,,,,,,,,,,,,,,,,,,,,,,,,,,,,,,,,,,,,,,,,,,,,,,,,,,,,,,,,,,,,,,,,,,,,
,,,,Debt - AOII Properties,,0.00,0.00,"1,876,459.46",0.00,0.00,0.00,0.00,0.00,0.00,0.00,0.00,0.00,0.00,0.00,0.00,0.00,0.00,0.00,0.00,0.00,0.00,0.00,0.00,0.00,0.00,0.00,0.00,0.00,0.00,0.00,0.00,0.00,0.00,0.00,0.00,0.00,0.00,0.00,0.00,0.00,0.00,0.00,0.00,0.00,0.00,0.00,0.00,0.00,0.00,0.00,0.00,0.00,0.00,0.00,0.00,0.00,0.00,0.00,0.00,0.00,0.00,0.00,0.00,0.00,0.00,0.00,0.00,0.00,0.00,0.00,0.00,0.00,0.00,0.00,0.00,0.00,0.00,0.00,0.00,0.00,0.00,0.00,0.00,0.00,0.00,0.00,"760,207.95",0.00,0.00,0.00,0.00,0.00,0.00,0.00,0.00,0.00,0.00,0.00,0.00,0.00,0.00,0.00,0.00,0.00,0.00,0.00,0.00,0.00,0.00,0.00,0.00,0.00,0.00,0.00,0.00,"158,116.57",0.00,0.00,0.00,0.00,0.00,0.00,0.00,0.00,0.00,0.00,0.00,0.00,0.00,0.00,0.00,0.00,0.00,0.00,0.00,0.00,0.00,0.00,0.00,0.00,0.00,0.00,0.00,0.00,0.00,0.00,0.00,"2,794,783.98"
,,,,Debt - Tennessee-Martin,,0.00,0.00,0.00,0.00,0.00,0.00,0.00,0.00,0.00,0.00,0.00,0.00,0.00,0.00,0.00,0.00,0.00,0.00,0.00,0.00,0.00,0.00,0.00,0.00,0.00,0.00,0.00,0.00,0.00,0.00,0.00,0.00,0.00,0.00,0.00,0.00,0.00,0.00,0.00,0.00,0.00,0.00,0.00,0.00,0.00,0.00,0.00,0.00,0.00,0.00,0.00,0.00,0.00,0.00,0.00,0.00,0.00,0.00,0.00,0.00,0.00,0.00,0.00,0.00,0.00,0.00,0.00,0.00,0.00,0.00,0.00,0.00,0.00,0.00,0.00,0.00,0.00,0.00,0.00,0.00,0.00,0.00,0.00,0.00,0.00,0.00,0.00,0.00,0.00,0.00,0.00,0.00,0.00,0.00,0.00,0.00,0.00,0.00,0.00,0.00,0.00,0.00,0.00,0.00,0.00,0.00,0.00,0.00,0.00,0.00,0.00,0.00,0.00,0.00,0.00,0.00,0.00,0.00,0.00,0.00,0.00,0.00,0.00,0.00,"288,042.55",0.00,0.00,0.00,0.00,0.00,0.00,0.00,0.00,0.00,0.00,0.00,0.00,0.00,0.00,0.00,0.00,0.00,0.00,0.00,0.00,0.00,0.00,"288,042.55"
,,,,Debt Stillwater - Construction,,0.00,0.00,0.00,0.00,0.00,0.00,0.00,0.00,0.00,0.00,0.00,0.00,0.00,0.00,0.00,0.00,0.00,0.00,0.00,0.00,0.00,0.00,0.00,0.00,0.00,0.00,0.00,0.00,0.00,0.00,0.00,0.00,0.00,0.00,0.00,0.00,0.00,0.00,0.00,0.00,0.00,0.00,0.00,0.00,0.00,0.00,0.00,0.00,0.00,0.00,0.00,0.00,0.00,0.00,0.00,0.00,0.00,0.00,0.00,0.00,0.00,0.00,0.00,0.00,0.00,0.00,0.00,0.00,0.00,0.00,0.00,0.00,0.00,0.00,0.00,0.00,0.00,0.00,0.00,0.00,0.00,0.00,0.00,0.00,0.00,0.00,0.00,0.00,0.00,0.00,"4,486,638.74",0.00,0.00,0.00,0.00,0.00,0.00,0.00,0.00,0.00,0.00,0.00,0.00,0.00,0.00,0.00,0.00,0.00,0.00,0.00,0.00,0.00,0.00,0.00,0.00,0.00,0.00,0.00,0.00,0.00,0.00,0.00,0.00,0.00,0.00,0.00,0.00,0.00,0.00,0.00,0.00,0.00,0.00,0.00,0.00,0.00,0.00,0.00,0.00,0.00,0.00,0.00,0.00,0.00,0.00,0.00,0.00,"4,486,638.74"
,,,Total DEBT.,,,0.00,0.00,"1,876,459.46",0.00,0.00,0.00,0.00,0.00,0.00,0.00,0.00,0.00,0.00,0.00,0.00,0.00,0.00,0.00,0.00,0.00,0.00,0.00,0.00,0.00,0.00,0.00,0.00,0.00,0.00,0.00,0.00,0.00,0.00,0.00,0.00,0.00,0.00,0.00,0.00,0.00,0.00,0.00,0.00,0.00,0.00,0.00,0.00,0.00,0.00,0.00,0.00,0.00,0.00,0.00,0.00,0.00,0.00,0.00,0.00,0.00,0.00,0.00,0.00,0.00,0.00,0.00,0.00,0.00,0.00,0.00,0.00,0.00,0.00,0.00,0.00,0.00,0.00,0.00,0.00,0.00,0.00,0.00,0.00,0.00,0.00,0.00,"760,207.95",0.00,0.00,0.00,"4,486,638.74",0.00,0.00,0.00,0.00,0.00,0.00,0.00,0.00,0.00,0.00,0.00,0.00,0.00,0.00,0.00,0.00,0.00,0.00,0.00,0.00,0.00,0.00,0.00,0.00,"158,116.57",0.00,0.00,0.00,0.00,0.00,0.00,0.00,0.00,"288,042.55",0.00,0.00,0.00,0.00,0.00,0.00,0.00,0.00,0.00,0.00,0.00,0.00,0.00,0.00,0.00,0.00,0.00,0.00,0.00,0.00,0.00,0.00,"7,569,465.27"
,,,IHA Liability,,,0.00,"2,416.73",0.00,0.00,0.00,"6,882.43","11,387.97",0.00,"659,248.08",0.00,"24,785.87",0.00,0.00,0.00,"12,888.07",0.00,0.00,0.00,0.00,0.00,0.00,0.00,0.00,0.00,0.00,0.00,0.00,0.00,0.00,0.00,0.00,0.00,0.00,0.00,0.00,0.00,0.00,0.00,0.00,"84,184.31",0.00,0.00,0.00,0.00,0.00,0.00,0.00,0.00,0.00,0.00,0.00,0.00,"1,134,937.84",0.00,0.00,0.00,"566,821.80",0.00,"157,437.50",0.00,0.00,0.00,0.00,0.00,0.00,0.00,0.00,"12,250.00",0.00,"8,166.63",0.00,"32,636.42",0.00,0.00,0.00,0.00,0.00,0.00,0.00,0.00,0.00,0.00,"143,125.00",0.00,0.00,0.00,0.00,0.00,"4,833.35",0.00,0.00,0.00,0.00,"94,232.56",0.00,0.00,0.00,0.00,"38,666.65",0.00,0.00,0.00,0.00,"38,922.56",0.00,0.00,0.00,0.00,0.00,"8,739.76",0.00,"85,385.10",0.00,0.00,0.00,0.00,0.00,0.00,0.00,0.00,"24,582.28",0.00,0.00,0.00,0.00,0.00,0.00,0.00,0.00,0.00,0.00,0.00,"12,083.27",0.00,0.00,"102,891.06",0.00,0.00,0.00,0.00,"61,208.11",0.00,0.00,0.00,0.00,0.00,0.00,"3,328,713.35"
,,Total Long Term Liabilities,,,,0.00,"2,416.73","1,876,459.46",0.00,0.00,"6,882.43","11,387.97",0.00,"659,248.08",0.00,"24,785.87",0.00,0.00,0.00,"12,888.07",0.00,0.00,0.00,0.00,0.00,0.00,0.00,0.00,0.00,0.00,0.00,0.00,0.00,0.00,0.00,0.00,0.00,0.00,0.00,0.00,0.00,0.00,0.00,0.00,"84,184.31",0.00,0.00,0.00,0.00,0.00,0.00,0.00,0.00,0.00,0.00,0.00,0.00,"1,134,937.84",0.00,0.00,0.00,"566,821.80",0.00,"157,437.50",0.00,0.00,0.00,0.00,0.00,0.00,0.00,0.00,"12,250.00",0.00,"8,166.63",0.00,"32,636.42",0.00,0.00,0.00,0.00,0.00,0.00,0.00,0.00,0.00,0.00,"143,125.00",0.00,0.00,0.00,"760,207.95",0.00,"4,833.35",0.00,"4,486,638.74",0.00,0.00,"94,232.56",0.00,0.00,0.00,0.00,"38,666.65",0.00,0.00,0.00,0.00,"38,922.56",0.00,0.00,0.00,0.00,0.00,"8,739.76",0.00,"85,385.10",0.00,0.00,0.00,"158,116.57",0.00,0.00,0.00,0.00,"24,582.28",0.00,0.00,0.00,"288,042.55",0.00,0.00,0.00,0.00,0.00,0.00,0.00,"12,083.27",0.00,0.00,"102,891.06",0.00,0.00,0.00,0.00,"61,208.11",0.00,0.00,0.00,0.00,0.00,0.00,"10,898,178.62"
,Total Liabilities,,,,,0.00,"11,979.97","1,973,595.36",0.00,"41,153.93","18,050.57","12,487.97",0.00,"671,473.16","7,642.22","25,472.40","1,273.22",0.00,0.00,"12,888.07","25,129.62",0.00,0.00,"4,745.65",0.00,0.00,0.00,0.00,"12,885.89",0.00,0.00,"29,513.01",0.00,0.00,0.00,0.00,0.00,0.00,0.00,0.00,0.00,0.00,0.00,0.00,"97,670.15",0.00,0.00,0.00,0.00,-95.00,"14,700.09",0.00,0.00,0.00,0.00,0.00,0.00,"1,152,886.78",0.00,0.00,0.00,"580,513.53",0.00,"177,106.83",0.00,0.00,0.00,0.00,0.00,0.00,0.00,"25,065.74","12,250.00",0.00,"27,541.57",0.00,"34,718.42",0.00,"20,116.69",0.00,0.00,0.00,"8,138.35",0.00,0.00,0.00,0.00,"153,145.37",0.00,0.00,0.00,"786,819.21",0.00,"6,544.79",0.00,"4,516,290.50","17,338.90","15,741.65","95,238.18",0.00,0.00,0.00,0.00,"39,293.63",0.00,0.00,"3,171.99",0.00,"49,117.37",0.00,0.00,0.00,0.00,"37,671.39","26,255.35",0.00,"91,565.49",0.00,0.00,0.00,"172,184.47",0.00,0.00,0.00,"3,634.00","46,093.41",0.00,0.00,0.00,"288,042.55",0.00,0.00,0.00,0.00,0.00,0.00,0.00,"18,104.91",0.00,0.00,"128,101.69","47,008.18",0.00,"37,593.93",0.00,"83,010.66","13,222.93",0.00,0.00,0.00,0.00,-191.48,"11,673,903.26"
,Equity,,,,,,,,,,,,,,,,,,,,,,,,,,,,,,,,,,,,,,,,,,,,,,,,,,,,,,,,,,,,,,,,,,,,,,,,,,,,,,,,,,,,,,,,,,,,,,,,,,,,,,,,,,,,,,,,,,,,,,,,,,,,,,,,,,,,,,,,,,,,,,,,,,,,,,,,
,,NET UNRESTRICTED ASSETS,,,,,,,,,,,,,,,,,,,,,,,,,,,,,,,,,,,,,,,,,,,,,,,,,,,,,,,,,,,,,,,,,,,,,,,,,,,,,,,,,,,,,,,,,,,,,,,,,,,,,,,,,,,,,,,,,,,,,,,,,,,,,,,,,,,,,,,,,,,,,,,,,,,,,,,
,,,Fund Balance,,,0.00,"-2,362.18","929,183.23",0.00,"150,816.59","-207,340.37",0.00,0.00,"2,477.82",0.00,"4,757.32",-197.00,"3,737.17",0.00,0.00,"214,071.26",0.00,0.00,"113,953.57",0.00,0.00,"8,280.26","18,052.54","153,357.21","35,930.85","12,603.55","254,055.36","2,976.95","6,955.00","175,578.46","138,313.52","11,299.84",0.00,"18,804.57","5,407.27",0.00,"21,566.84","9,575.11","9,114.27","40,516.98","-11,013.80","17,173.63","2,830.00","-1,316.79",0.00,"60,802.94","13,735.11","2,806.48",167.57,"10,197.26",0.00,"31,212.61","18,946.34",0.00,"11,297.52","-22,365.57","390,410.20",0.00,"108,999.76",0.00,"4,836.42","2,797.24",0.00,"7,973.93","11,223.43",0.00,"75,415.52","236,903.46",0.00,"44,177.51","14,853.71","7,277.24","4,466.16","37,890.95","19,422.25",0.00,0.00,"5,749.50",0.00,0.00,"1,284.97",0.00,"163,194.59","30,160.89",0.00,"8,391.99","302,976.05","3,931.38","358,020.16","1,350.71",836.60,"65,074.64","112,732.57",0.00,0.00,0.00,"4,442.89",0.00,0.00,0.00,"88,969.67","-98,218.00","24,911.51","111,372.56",0.00,"36,460.13","5,739.76","28,253.11","-4,009.59","-16,482.83","1,047.08","121,391.33","2,670.55","21,002.92","71,832.64","182,433.22","5,042.24","9,058.67",0.00,"5,046.09","79,560.78","16,949.05",0.00,"4,992.47","9,492.60",0.00,"1,886.29",0.00,"1,000.00","2,336.41","11,095.41",0.00,"3,483.48",0.00,"29,119.65","15,156.73","-18,045.27",0.00,"124,618.42","42,590.25","56,588.80",0.00,200.00,0.00,0.00,0.00,0.00,"5,268,300.14"
,,,NET UNRESTRICTED ASSETS - Other,,,0.00,"89,364.49",0.00,0.00,0.00,"500,000.00",0.00,0.00,"1,300,000.00",0.00,0.00,0.00,0.00,0.00,0.00,0.00,0.00,0.00,0.00,0.00,0.00,0.00,0.00,0.00,0.00,0.00,0.00,0.00,0.00,0.00,0.00,0.00,0.00,0.00,0.00,0.00,0.00,0.00,0.00,0.00,0.00,0.00,0.00,0.00,0.00,0.00,0.00,0.00,0.00,0.00,0.00,0.00,0.00,0.00,0.00,0.00,0.00,0.00,0.00,0.00,0.00,0.00,0.00,0.00,"29,619.72",0.00,0.00,0.00,0.00,0.00,0.00,0.00,0.00,0.00,0.00,0.00,0.00,0.00,0.00,0.00,0.00,0.00,0.00,0.00,"784,000.00",0.00,"2,000,000.00",0.00,"1,105,263.47",0.00,0.00,0.00,0.00,0.00,0.00,0.00,"10,305.03",0.00,0.00,0.00,0.00,0.00,0.00,0.00,0.00,0.00,0.00,0.00,0.00,0.00,0.00,0.00,0.00,0.00,0.00,0.00,0.00,0.00,0.00,0.00,0.00,0.00,0.00,0.00,0.00,0.00,0.00,0.00,0.00,0.00,0.00,0.00,0.00,0.00,0.00,0.00,0.00,0.00,0.00,0.00,0.00,0.00,0.00,0.00,0.00,0.00,0.00,"5,818,552.71"
,,Total NET UNRESTRICTED ASSETS,,,,0.00,"87,002.31","929,183.23",0.00,"150,816.59","292,659.63",0.00,0.00,"1,302,477.82",0.00,"4,757.32",-197.00,"3,737.17",0.00,0.00,"214,071.26",0.00,0.00,"113,953.57",0.00,0.00,"8,280.26","18,052.54","153,357.21","35,930.85","12,603.55","254,055.36","2,976.95","6,955.00","175,578.46","138,313.52","11,299.84",0.00,"18,804.57","5,407.27",0.00,"21,566.84","9,575.11","9,114.27","40,516.98","-11,013.80","17,173.63","2,830.00","-1,316.79",0.00,"60,802.94","13,735.11","2,806.48",167.57,"10,197.26",0.00,"31,212.61","18,946.34",0.00,"11,297.52","-22,365.57","390,410.20",0.00,"108,999.76",0.00,"4,836.42","2,797.24",0.00,"7,973.93","40,843.15",0.00,"75,415.52","236,903.46",0.00,"44,177.51","14,853.71","7,277.24","4,466.16","37,890.95","19,422.25",0.00,0.00,"5,749.50",0.00,0.00,"1,284.97",0.00,"163,194.59","30,160.89","784,000.00","8,391.99","2,302,976.05","3,931.38","1,463,283.63","1,350.71",836.60,"65,074.64","112,732.57",0.00,0.00,0.00,"14,747.92",0.00,0.00,0.00,"88,969.67","-98,218.00","24,911.51","111,372.56",0.00,"36,460.13","5,739.76","28,253.11","-4,009.59","-16,482.83","1,047.08","121,391.33","2,670.55","21,002.92","71,832.64","182,433.22","5,042.24","9,058.67",0.00,"5,046.09","79,560.78","16,949.05",0.00,"4,992.47","9,492.60",0.00,"1,886.29",0.00,"1,000.00","2,336.41","11,095.41",0.00,"3,483.48",0.00,"29,119.65","15,156.73","-18,045.27",0.00,"124,618.42","42,590.25","56,588.80",0.00,200.00,0.00,0.00,0.00,0.00,"11,086,852.85"
,,Unrestricted Net Assets,,,,"125,863.02","-19,132.49","1,815,073.26","6,378.46","1,752,963.09","368,367.83","8,833.14","39,294.60","49,137.39","584,605.37","12,691.01","-122,302.92","6,571.27","8,229.52","3,753.87","33,169.70",0.00,"64,060.84","283,467.86","12,121.68",0.00,"18,634.96","134,807.32","38,545.77","27,255.19","5,468.21","320,585.96","12,930.07","47,548.61","67,991.70","4,875.13","9,630.73",0.00,"48,574.52","13,009.75","188,222.54","14,113.16","54,201.88","15,585.39","-177,065.27","47,792.60","87,605.65","16,759.99","15,955.53","56,420.47","60,162.17","4,740.05","1,867.38","14,786.84","14,911.96",0.00,"40,395.59","483,888.71","32,835.22","20,743.82","235,388.96","-303,775.69",0.00,"184,072.43","37,298.88","32,363.40","49,468.21","4,162.58","4,961.50","87,457.37",0.00,"-248,136.91","-8,190.20",0.00,"-39,610.06","-1,395.67","13,574.48","3,262.25","68,277.86","32,476.40","10,256.14",0.00,"98,329.19","60,813.36",0.00,"3,362.58","131,821.23","870,296.11","49,157.12","94,737.29","58,360.79","1,653,404.34","26,158.47","7,531.78","38,677.71","-104,684.19","111,805.97","353,133.75",-55.00,0.00,"10,733.27","28,993.04","7,132.29","-49,891.31","25,277.15","20,322.25","426,658.89","5,292.88","-243,312.20","13,665.40","39,269.16","48,533.29","24,482.31","70,762.44","114,728.67","16,784.81","-123,380.12","-1,098.87","43,814.83","301,940.50","71,748.41","10,434.88",978.42,"60,834.23","34,647.81",-702.72,985.21,0.00,"16,744.66","292,314.89","28,515.54","2,204.20","60,718.52","36,146.63","6,464.13","53,575.66","18,156.07","141,098.81","9,236.49","-4,014.77","-25,481.30","332,806.70","56,677.72","665,099.06","22,631.14","-21,650.44","77,217.46","10,066.15",0.00,0.00,0.00,0.00,"13,129,852.77"
,,Net Income,,,,"29,559.56","17,474.88","727,729.75","3,756.08","-49,440.29","59,525.87","4,414.23","6,591.21","-99,327.88","-198,562.63","-9,759.64","-36,354.99",775.15,"3,229.21",-847.20,"-12,780.84",0.00,"38,763.17","13,361.86","19,307.64",0.00,"9,892.10","20,850.43","-78,857.13",407.06,"4,657.80","38,453.52","4,712.04","-3,153.26","9,548.92","6,591.50","11,229.09","79,788.06","26,838.70","3,634.70","93,676.39","2,812.34","13,548.26","6,521.86","-150,533.95","5,610.85","13,162.63","2,571.67","9,373.38","-2,880.30","23,126.33","7,008.03","1,250.51","5,925.26","12,479.01",0.00,"18,949.04","-13,026.15","2,122.05","12,094.44","41,748.60","-41,982.02",0.00,"20,771.65","4,649.60","8,329.75","20,273.73","3,393.51","3,463.37","29,425.90",0.00,"-157,625.81","-6,907.13",0.00,"-36,524.66",865.44,"-5,559.80","1,907.41","5,614.65","10,020.72","2,713.78",0.00,"29,379.02","10,228.16","17,985.35","-1,385.76","35,704.36","101,893.11","28,414.60","25,217.29","9,610.13","537,754.40","7,611.35","-17,532.17","-7,722.96","-23,331.00","64,010.88","-19,050.77","-159,840.84","20,072.76","1,404.59","11,320.47","6,056.51","-23,052.19","6,332.53","7,405.40","122,259.12","3,908.81","-121,977.48","4,720.94","12,385.73","9,337.43","17,634.79","27,124.46","-41,495.14",-686.03,"-8,430.88","4,626.63","15,218.95","72,575.99","5,453.39","4,368.34","2,226.56","12,821.24","5,779.96","-29,002.38","3,812.68","141,810.47","5,391.22","244,477.33","1,450.95",387.69,"9,076.04","9,810.70","3,411.79","22,206.70","-2,149.27","106,766.21","6,003.69","7,321.55","-282,246.92","-122,780.29","12,215.45","-44,339.06","12,377.49","17,823.33","-6,632.23",-270.00,0.00,0.00,"1,679.01","-4,744.71","1,550,574.48"
,Total Equity,,,,,"155,422.58","85,344.70","3,471,986.24","10,134.54","1,854,339.39","720,553.33","13,247.37","45,885.81","1,252,287.33","386,042.74","7,688.69","-158,854.91","11,083.59","11,458.73","2,906.67","234,460.12",0.00,"102,824.01","410,783.29","31,429.32",0.00,"36,807.32","173,710.29","113,045.85","63,593.10","22,729.56","613,094.84","20,619.06","51,350.35","253,119.08","149,780.15","32,159.66","79,788.06","94,217.79","22,051.72","281,898.93","38,492.34","77,325.25","31,221.52","-287,082.24","42,389.65","117,941.91","22,161.66","24,012.12","53,540.17","144,091.44","25,483.19","5,924.37","20,879.67","37,588.23",0.00,"90,557.24","489,808.90","34,957.27","44,135.78","254,771.99","44,652.49",0.00,"313,843.84","41,948.48","45,529.57","72,539.18","7,556.09","16,398.80","157,726.42",0.00,"-330,347.20","221,806.13",0.00,"-31,957.21","14,323.48","15,291.92","9,635.82","111,783.46","61,919.37","12,969.92",0.00,"133,457.71","71,041.52","17,985.35","3,261.79","167,525.59","1,135,383.81","107,732.61","903,954.58","76,362.91","4,494,134.79","37,701.20","1,453,283.24","32,305.46","-127,178.59","240,891.49","446,815.55","-159,895.84","20,072.76","12,137.86","55,061.43","13,188.80","-72,943.50","31,609.68","116,697.32","450,700.01","34,113.20","-253,917.12","18,386.34","88,115.02","63,610.48","70,370.21","93,877.31","56,750.70","17,145.86","-10,419.67","6,198.31","80,036.70","446,349.13","259,635.02","19,845.46","12,263.65","73,655.47","45,473.86","49,855.68","21,746.94","141,810.47","27,128.35","546,284.82","29,966.49","4,478.18","69,794.56","46,957.33","12,212.33","86,877.77","16,006.80","251,348.50","15,240.18","32,426.43","-292,571.49","191,981.14","68,893.17","745,378.42","77,598.88","52,761.69","70,585.23","9,996.15",0.00,0.00,"1,679.01","-4,744.71","25,767,280.10"
TOTAL LIABILITIES & EQUITY,,,,,,"155,422.58","97,324.67","5,445,581.60","10,134.54","1,895,493.32","738,603.90","25,735.34","45,885.81","1,923,760.49","393,684.96","33,161.09","-157,581.69","11,083.59","11,458.73","15,794.74","259,589.74",0.00,"102,824.01","415,528.94","31,429.32",0.00,"36,807.32","173,710.29","125,931.74","63,593.10","22,729.56","642,607.85","20,619.06","51,350.35","253,119.08","149,780.15","32,159.66","79,788.06","94,217.79","22,051.72","281,898.93","38,492.34","77,325.25","31,221.52","-189,412.09","42,389.65","117,941.91","22,161.66","24,012.12","53,445.17","158,791.53","25,483.19","5,924.37","20,879.67","37,588.23",0.00,"90,557.24","1,642,695.68","34,957.27","44,135.78","254,771.99","625,166.02",0.00,"490,950.67","41,948.48","45,529.57","72,539.18","7,556.09","16,398.80","157,726.42",0.00,"-305,281.46","234,056.13",0.00,"-4,415.64","14,323.48","50,010.34","9,635.82","131,900.15","61,919.37","12,969.92",0.00,"141,596.06","71,041.52","17,985.35","3,261.79","167,525.59","1,288,529.18","107,732.61","903,954.58","76,362.91","5,280,954.00","37,701.20","1,459,828.03","32,305.46","4,389,111.91","258,230.39","462,557.20","-64,657.66","20,072.76","12,137.86","55,061.43","13,188.80","-33,649.87","31,609.68","116,697.32","453,872.00","34,113.20","-204,799.75","18,386.34","88,115.02","63,610.48","70,370.21","131,548.70","83,006.05","17,145.86","81,145.82","6,198.31","80,036.70","446,349.13","431,819.49","19,845.46","12,263.65","73,655.47","49,107.86","95,949.09","21,746.94","141,810.47","27,128.35","834,327.37","29,966.49","4,478.18","69,794.56","46,957.33","12,212.33","86,877.77","16,006.80","269,453.41","15,240.18","32,426.43","-164,469.80","238,989.32","68,893.17","782,972.35","77,598.88","135,772.35","83,808.16","9,996.15",0.00,0.00,"1,679.01","-4,936.19","37,441,183.36"
UNBALANCED CLASSES,,,,,,0.00,0.00,0.00,0.00,"-250,000.00",0.00,0.00,0.00,0.05,"-1,102.95",0.00,0.00,0.00,0.00,0.00,0.00,0.00,0.00,"1,102.95",0.00,0.00,0.00,0.00,0.00,0.00,0.00,0.00,0.00,0.00,0.00,0.00,0.00,"250,000.00",0.00,0.00,0.00,0.00,0.00,0.00,0.00,0.00,"-1,090.49",0.00,0.00,0.00,0.00,0.00,0.00,0.00,0.00,0.00,"1,090.49",0.00,0.00,0.00,0.00,0.00,0.00,0.00,0.00,0.00,0.00,0.00,0.00,0.00,0.00,0.00,0.00,0.00,0.00,0.00,0.00,0.00,0.00,0.00,0.00,0.00,0.00,0.00,0.00,0.00,0.00,0.00,0.00,0.00,0.00,0.00,0.00,0.00,0.00,0.00,0.00,0.00,0.00,0.00,0.00,0.00,0.00,0.00,0.00,0.00,0.00,0.00,0.00,0.00,0.00,0.00,0.00,0.00,0.00,0.00,0.00,0.00,0.00,0.00,0.00,0.00,0.00,0.00,0.00,0.00,0.00,0.00,0.00,0.00,0.00,0.00,0.00,0.00,0.00,0.00,0.00,0.00,0.00,0.00,0.00,0.00,0.00,0.00,0.00,0.00,0.00,0.00,0.00,0.00,0.00,-0.05,0.00
