Alpha Omicron Pi Corporations,,,,,,,,,,,,,,,,,,,,,,,,,,,,,,,,,,,,,,,,,,,,,,,,,,,,,,,,,,,,,,,,,,,,,,,,,,,,,,,,,,,,,,,,,,,,,,,,,,,,,,,,,,,,,,,,,,,,,,,,,,,,,,,,,,,,,,,,,,,,,,,,3:06 PM
Profit & Loss by Class,,,,,,,,,,,,,,,,,,,,,,,,,,,,,,,,,,,,,,,,,,,,,,,,,,,,,,,,,,,,,,,,,,,,,,,,,,,,,,,,,,,,,,,,,,,,,,,,,,,,,,,,,,,,,,,,,,,,,,,,,,,,,,,,,,,,,,,,,,,,,,,,05/05/2017
July 2016 through April 2017,,,,,,,,,,,,,,,,,,,,,,,,,,,,,,,,,,,,,,,,,,,,,,,,,,,,,,,,,,,,,,,,,,,,,,,,,,,,,,,,,,,,,,,,,,,,,,,,,,,,,,,,,,,,,,,,,,,,,,,,,,,,,,,,,,,,,,,,,,,,,,,,Accrual Basis
,,,,,Alpha,Alpha Chi,Alpha Delta,Alpha Epsilon,Alpha Gamma,Alpha Lambda,Alpha Mu,Alpha Nu,Alpha Phi,Alpha Pi,Alpha Psi,Alpha Rho,Alpha Theta,Beta Chi,Beta Eta,Beta Gamma,Beta Nu,Beta Phi,Beta Sigma,Beta Upsilon,Beta Zeta,Chi Epsilon,Chi Lambda,Chi Phi,Chi Psi,Chi Theta,Delta,Delta Beta,Delta Delta,Delta Epsilon,Delta Gamma,Delta Kappa,Delta Lambda,Delta Nu,Delta Omega,Delta Pi,Delta Rho,Delta Sigma,Delta Tau,Delta Theta,Delta Xi,Epsilon Alpha,Epsilon Chi,Epsilon Gamma,Epsilon Omega,Epsilon Sigma,Gamma,Gamma Alpha,Gamma Delta,Gamma Omicron,Gamma Phi,Gamma Sigma,Gamma Theta,Iota,Iota Sigma,Iota Theta,Kappa Alpha,Kappa Chi,Kappa Delta,Kappa Gamma,Kappa Kappa,Kappa Omega,Kappa Omicron,Kappa Rho,Kappa Sigma,Kappa Tau,Lambda Alpha,Lambda Beta,Lambda Chi,Lambda Delta,Lambda Eta,Lambda Iota,Lambda Lambda,Lambda Omicron,Lambda Rho,Lambda Sigma,Lambda Tau,Lambda Upsilon,Mu Lambda,Nu Beta,Nu Omega,Nu Omicron,Omega,Omega Sigma,Omega Upsilon,Omicron,Omicron Pi,Phi Alpha,Phi Beta,Phi Chi,Phi Delta,Phi Gamma,Phi Lambda,Phi Sigma,Phi Upsilon,Pi Alpha,Pi Delta,Pi Omicron,Pi Theta,Rho Beta,Rho Delta,Rho Omicron,Sigma Alpha,Sigma Beta,Sigma Chi,Sigma Delta,Sigma Gamma,Sigma Omicron,Sigma Phi,Sigma Rho,Sigma Tau,Sigma Theta,Tau Delta,Tau Gamma,Tau Lambda,Tau Mu,Tau Omega,Tau Omicron,Theta Beta,Theta Chi,Theta Iota,Theta Omega,Theta Pi,Theta Psi,Theta Sigma,Upsilon,Upsilon Beta,Upsilon Lambda,Xi,Xi Omicron,Xi Rho,Zeta,Zeta Pi,Zeta Psi,Zeta Theta,ZZ - Delta Psi,ZZ - Sigma,ZZ - Tau (TN),Unclassified,TOTAL
,,Income,,,,,,,,,,,,,,,,,,,,,,,,,,,,,,,,,,,,,,,,,,,,,,,,,,,,,,,,,,,,,,,,,,,,,,,,,,,,,,,,,,,,,,,,,,,,,,,,,,,,,,,,,,,,,,,,,,,,,,,,,,,,,,,,,,,,,,,,,,,,,,
,,,CONTRACT FEES,,,,,,,,,,,,,,,,,,,,,,,,,,,,,,,,,,,,,,,,,,,,,,,,,,,,,,,,,,,,,,,,,,,,,,,,,,,,,,,,,,,,,,,,,,,,,,,,,,,,,,,,,,,,,,,,,,,,,,,,,,,,,,,,,,,,,,,,,,,,,
,,,,Contract Deposit,0,0,0,0,0,0,0,0,721,0,0,0,0,0,0,400,0,-500,0,0,0,-500,0,0,0,0,0,0,0,0,0,0,0,0,0,0,0,1250,0,0,0,0,0,0,0,0,0,0,0,-500,0,0,0,0,1250,0,0,0,0,0,0,-2500,0,0,0,0,0,500,0,0,0,0,0,0,0,250,0,0,0,-500,0,0,0,1500,500,0,0,0,0,0,0,0,0,0,0,0,0,0,0,0,0,0,1500,0,-500,0,0,0,0,0,0,0,0,-500,0,0,0,0,0,0,0,0,0,0,0,6166.79,0,0,-500,0,0,0,0,400,-250,0,0,0,0,8187.79
,,,Total CONTRACT FEES,,0,0,0,0,0,0,0,0,721,0,0,0,0,0,0,400,0,-500,0,0,0,-500,0,0,0,0,0,0,0,0,0,0,0,0,0,0,0,1250,0,0,0,0,0,0,0,0,0,0,0,-500,0,0,0,0,1250,0,0,0,0,0,0,-2500,0,0,0,0,0,500,0,0,0,0,0,0,0,250,0,0,0,-500,0,0,0,1500,500,0,0,0,0,0,0,0,0,0,0,0,0,0,0,0,0,0,1500,0,-500,0,0,0,0,0,0,0,0,-500,0,0,0,0,0,0,0,0,0,0,0,6166.79,0,0,-500,0,0,0,0,400,-250,0,0,0,0,8187.79
,,,DEVELOPMENT FEES,,,,,,,,,,,,,,,,,,,,,,,,,,,,,,,,,,,,,,,,,,,,,,,,,,,,,,,,,,,,,,,,,,,,,,,,,,,,,,,,,,,,,,,,,,,,,,,,,,,,,,,,,,,,,,,,,,,,,,,,,,,,,,,,,,,,,,,,,,,,,
,,,,Development Fees,0,36922.05,1511851.78,4840,36167.29,158518.17,10876.8,7421.15,34761.67,561642.5,9237.6,74360.19,3472.5,2850,7600,99150,44870,55700.4,15840,12406.11,21833.33,42784.47,9772.12,4425,67905.73,6850,11213.61,38059.55,27500,9200,69383.86,31415,4195.82,92880.8,14478.21,12870,7732.84,134818.32,11908.86,28132.82,4333.2,15975,11062.2,17208.3,9750,2587.5,7050,11362.5,21955.5,469429.59,10200,11615.57,42235.49,125477.43,85843.5,9651.21,12977.91,25437.67,4770,4750,26613.76,147756.66,59742,28434.22,1739.75,9750,4750,36799.44,11450.17,6444.74,57830.3,12983.78,8418.38,2860.48,46872.55,291077.1,28850,138431.25,12331.91,854979,10296.25,46070.71,21355.94,252642.71,60160.54,163284.95,61266.34,10432,4125,14000,6350,61116,7585.4,9956,111716.64,23616.58,44071.84,14325.96,19940.8,11723.82,28287.5,40134.3,53868.52,5652.5,16592.47,4275,11850,80059.89,36001.11,5186.05,4418.75,12098.66,8016.25,21855.05,5033.7,136048.94,6980.9,46915,7126.25,1300,16855.59,15123.5,5728.64,20906.61,3689.98,34420.02,7729.87,7968.5,211726.54,354645.65,14621.55,94841.5,12150,106094.55,26889.3,0,0,0,0,8446766.73
,,,Total DEVELOPMENT FEES,,0,36922.05,1511851.78,4840,36167.29,158518.17,10876.8,7421.15,34761.67,561642.5,9237.6,74360.19,3472.5,2850,7600,99150,44870,55700.4,15840,12406.11,21833.33,42784.47,9772.12,4425,67905.73,6850,11213.61,38059.55,27500,9200,69383.86,31415,4195.82,92880.8,14478.21,12870,7732.84,134818.32,11908.86,28132.82,4333.2,15975,11062.2,17208.3,9750,2587.5,7050,11362.5,21955.5,469429.59,10200,11615.57,42235.49,125477.43,85843.5,9651.21,12977.91,25437.67,4770,4750,26613.76,147756.66,59742,28434.22,1739.75,9750,4750,36799.44,11450.17,6444.74,57830.3,12983.78,8418.38,2860.48,46872.55,291077.1,28850,138431.25,12331.91,854979,10296.25,46070.71,21355.94,252642.71,60160.54,163284.95,61266.34,10432,4125,14000,6350,61116,7585.4,9956,111716.64,23616.58,44071.84,14325.96,19940.8,11723.82,28287.5,40134.3,53868.52,5652.5,16592.47,4275,11850,80059.89,36001.11,5186.05,4418.75,12098.66,8016.25,21855.05,5033.7,136048.94,6980.9,46915,7126.25,1300,16855.59,15123.5,5728.64,20906.61,3689.98,34420.02,7729.87,7968.5,211726.54,354645.65,14621.55,94841.5,12150,106094.55,26889.3,0,0,0,0,8446766.73
,,,OTHER INCOME,,,,,,,,,,,,,,,,,,,,,,,,,,,,,,,,,,,,,,,,,,,,,,,,,,,,,,,,,,,,,,,,,,,,,,,,,,,,,,,,,,,,,,,,,,,,,,,,,,,,,,,,,,,,,,,,,,,,,,,,,,,,,,,,,,,,,,,,,,,,,
,,,,Building and Furnishing Fees,0,8006.25,72500,1450,15166.22,18791.67,0,0,8583.33,29799.11,4800,13040,525,1433.33,2700,17875,12583.95,11400,5100,400,10550,1866.72,3750,2100,31400,3400,600,5750,23240,5400,25442.5,12500,1800,13513.38,1750,4500,4000,3600,6200,3083.36,1000,5700,0,3033.3,3500,900,2200,8800,8000,23750,0,5999.74,9416.63,15210,6811.67,-200,3360,5675,800,1900,8600,15083.33,933.24,4425,300,4200,0,3700,1433.33,1800,6350,5600,11720.22,966.65,12250,26800,3800,1200,2683.18,55106.35,4666.66,4125,200,27675,11653.12,9150,21950,10995,0,4600,2299.99,8300,1000,2900,15983.36,3966.66,0,3799.98,4000,2700,7375,4116.65,4180,0,200,2000,8400,10600,9250,1600,0,5200,3600,-100,400,39505,2150,3300,260,0,0,3183.3,0,3600,1320.6,11300,2300,3300.02,28085.41,42500,4000,14220,5100,17250,599.94,0,0,0,0,1040168.15
,,,,Fundraising - other than Founda,0,0,0,0,0,0,0,0,0,0,0,0,0,0,0,0,0,0,0,0,0,0,0,0,0,0,0,0,0,0,0,0,0,0,0,0,0,0,0,0,0,0,0,0,0,0,0,0,0,0,0,0,0,0,0,0,0,0,0,0,0,0,0,0,0,0,0,0,0,0,0,0,0,0,0,0,0,0,0,0,0,0,0,0,0,0,0,0,0,0,0,0,0,0,0,0,0,0,0,0,0,0,0,0,0,0,0,0,0,0,0,0,0,0,0,0,0,244328,0,0,0,0,0,0,0,0,0,0,0,0,0,0,0,0,0,0,0,0,0,244328
,,,,Interest Income,11.89,41.68,190.45,3.23,97.96,96.04,6.81,6.56,42.95,140.65,6.1,25.26,4.48,2.63,0,67.32,0,98.82,0,4.69,15.47,87.5,6.26,3.29,77.71,5.43,12.94,10.76,19.09,6.7,0,12.9,3.23,12.21,11.24,8.69,9.08,58.76,3.88,4.32,3.71,13.76,15.65,22.2,5.94,1.51,5.09,11.69,6.76,120.84,8.59,5.47,9.78,127.7,69.6,8.59,6.12,7.68,4.23,5.17,26.74,118.9,12.34,47.52,1.69,10.08,3.46,36.33,3.71,5.09,31.06,9.54,0,2.63,11.76,139.71,7.63,30.51,7.29,217.05,9.32,45.28,17.78,98.05,77.15,154,0,0,4.52,9.69,4.92,40.46,3.06,8.32,13.33,10.51,80.88,5.17,16.73,7.46,12.66,9,71.07,14.17,13.98,4.23,9.22,12.25,31.86,3.58,4.84,7.64,5.26,24.07,3.46,0,6.85,9.49,10.51,1.19,10.26,13.53,4.15,7.96,0,64.77,2.29,5.87,130.92,194.36,12.64,127.89,12.35,88.89,11.93,0,0,0,0,3949.87
,,,,Miscellaneous Income Corp Board,0,0,0,0,-125,0,0,0,0,0,0,0,0,0,0,0,0,0,0,0,0,0,0,0,0,0,0,0,0,0,0,0,0,0,0,0,0,0,0,0,0,0,0,0,0,0,0,0,0,0,0,0,0,0,0,0,0,0,0,0,0,0,0,0,0,0,0,0,0,0,0,0,0,0,0,0,0,0,0,0,0,0,0,0,0,0,0,0,0,0,0,0,0,0,0,0,0,0,0,0,0,0,0,0,0,0,0,0,0,0,0,0,0,0,0,0,0,0,0,0,0,0,0,0,0,0,0,0,0,0,0,0,0,0,0,0,0,0,0,-125
,,,,Other Income,0,0,0,0,575.11,2329.17,0,0,0,75725,0,0,0,0,0,3791.6,0,55066.66,0,0,0,14986.44,0,0,0,0,0,0,0,0,0,0,0,0,0,0,0,872.43,0,0,0,0,0,0,0,0,0,0,0,4921.47,0,0,0,4230.9,5232.74,0,0,0,0,0,0,3416.62,0,0,0,0,0,0,0,0,0,0,0,0,7300,0,0,3450.5,0,0,0,0,0,14845.48,19150,121035.41,0,0,0,0,0,0,0,0,0,0,0,0,0,0,0,0,5736.47,0,0,0,0,0,0,0,0,0,0,2856.66,0,0,0,0,0,0,0,0,0,0,0,259392,0,0,11868.35,0,0,0,0,0,10410.65,0,0,1679.01,3803.9,632676.57
,,,Total OTHER INCOME,,11.89,8047.93,72690.45,1453.23,15714.29,21216.88,6.81,6.56,8626.28,105664.76,4806.1,13065.26,529.48,1435.96,2700,21733.92,12583.95,66565.48,5100,404.69,10565.47,16940.66,3756.26,2103.29,31477.71,3405.43,612.94,5760.76,23259.09,5406.7,25442.5,12512.9,1803.23,13525.59,1761.24,4508.69,4009.08,4531.19,6203.88,3087.68,1003.71,5713.76,15.65,3055.5,3505.94,901.51,2205.09,8811.69,8006.76,28792.31,8.59,6005.21,9426.41,19568.6,12114.01,-191.41,3366.12,5682.68,804.23,1905.17,8626.74,18618.85,945.58,4472.52,301.69,4210.08,3.46,3736.33,1437.04,1805.09,6381.06,5609.54,11720.22,969.28,19561.76,26939.71,3807.63,4681.01,2690.47,55323.4,4675.98,4170.28,217.78,42618.53,30880.27,130339.41,21950,10995,4.52,4609.69,2304.91,8340.46,1003.06,2908.32,15996.69,3977.17,80.88,3805.15,4016.73,2707.46,7387.66,4125.65,9987.54,14.17,213.98,2004.23,8409.22,10612.25,9281.86,1603.58,4.84,5207.64,3605.26,2780.73,403.46,39505,2156.85,247637.49,270.51,1.19,10.26,3196.83,4.15,3607.96,1320.6,270756.77,2302.29,3305.89,40084.68,42694.36,4012.64,14347.89,5112.35,17338.89,11022.52,0,0,1679.01,3803.9,1920997.59
,,,ROOM AND BOARD,,,,,,,,,,,,,,,,,,,,,,,,,,,,,,,,,,,,,,,,,,,,,,,,,,,,,,,,,,,,,,,,,,,,,,,,,,,,,,,,,,,,,,,,,,,,,,,,,,,,,,,,,,,,,,,,,,,,,,,,,,,,,,,,,,,,,,,,,,,,,
,,,,Room and Board,0,30681.74,344659.92,0,308396.68,37201.28,0,0,211581.5,336036,0,57096,0,0,0,224000,0,775521.66,0,0,0,238630.29,0,0,30801.6,0,0,0,0,0,0,0,0,0,0,0,0,309900,0,0,0,0,0,53865.3,0,0,0,0,0,302536.5,0,0,0,501876.46,347011.34,0,0,0,0,0,0,271107.32,0,214489.23,0,0,0,48912,0,0,125198.25,0,0,0,0,386397,0,65559.5,0,331839.68,0,48517.26,0,464545.73,408209.73,86011.33,0,0,0,0,0,12350,0,0,498604.5,0,389359.42,0,0,0,0,0,181512.68,0,147309.25,0,0,0,21653.82,0,0,0,0,44143.66,0,0,0,0,0,0,0,0,0,0,0,563068.96,0,0,357627,542100.78,0,294443.08,0,174213,68957.85,0,0,0,0,9855927.3
,,,Total ROOM AND BOARD,,0,30681.74,344659.92,0,308396.68,37201.28,0,0,211581.5,336036,0,57096,0,0,0,224000,0,775521.66,0,0,0,238630.29,0,0,30801.6,0,0,0,0,0,0,0,0,0,0,0,0,309900,0,0,0,0,0,53865.3,0,0,0,0,0,302536.5,0,0,0,501876.46,347011.34,0,0,0,0,0,0,271107.32,0,214489.23,0,0,0,48912,0,0,125198.25,0,0,0,0,386397,0,65559.5,0,331839.68,0,48517.26,0,464545.73,408209.73,86011.33,0,0,0,0,0,12350,0,0,498604.5,0,389359.42,0,0,0,0,0,181512.68,0,147309.25,0,0,0,21653.82,0,0,0,0,44143.66,0,0,0,0,0,0,0,0,0,0,0,563068.96,0,0,357627,542100.78,0,294443.08,0,174213,68957.85,0,0,0,0,9855927.3
,,Total Income,,,11.89,75651.72,1929202.15,6293.23,360278.26,216936.33,10883.61,7427.71,255690.45,1003343.26,14043.7,144521.45,4001.98,4285.96,10300,345283.92,57453.95,897287.54,20940,12810.8,32398.8,297855.42,13528.38,6528.29,130185.04,10255.43,11826.55,43820.31,50759.09,14606.7,94826.36,43927.9,5999.05,106406.39,16239.45,17378.69,11741.92,450499.51,18112.74,31220.5,5336.91,21688.76,11077.85,74129.1,13255.94,3489.01,9255.09,20174.19,29962.26,800258.4,10208.59,17620.78,51661.9,646922.49,446218.85,9459.8,16344.03,31120.35,5574.23,6655.17,35240.5,434982.83,60687.58,247395.97,2041.44,13960.08,4753.46,89947.77,12887.21,8249.83,189409.61,18593.32,20138.6,3829.76,66434.31,704663.81,32657.63,208671.76,15022.38,1241642.08,14972.23,98758.25,21573.72,761306.97,499750.54,379635.69,83216.34,21427,4129.52,18609.69,8654.91,81806.46,8588.46,12864.32,626317.83,27593.75,433512.14,18131.11,23957.53,14431.28,35675.16,44259.95,246868.74,5666.67,163615.7,6279.23,20259.22,90672.14,66936.79,6789.63,4423.59,17306.3,11621.51,68279.44,5437.16,175553.94,9137.75,294552.49,7396.76,1301.19,16865.85,18320.33,5732.79,24514.57,5010.58,874412.54,10032.16,11274.39,608938.22,939440.79,18634.19,403632.47,17262.35,298046.44,106619.67,0,0,1679.01,3803.9,20231879.41
,Gross Profit,,,,11.89,75651.72,1929202.15,6293.23,360278.26,216936.33,10883.61,7427.71,255690.45,1003343.26,14043.7,144521.45,4001.98,4285.96,10300,345283.92,57453.95,897287.54,20940,12810.8,32398.8,297855.42,13528.38,6528.29,130185.04,10255.43,11826.55,43820.31,50759.09,14606.7,94826.36,43927.9,5999.05,106406.39,16239.45,17378.69,11741.92,450499.51,18112.74,31220.5,5336.91,21688.76,11077.85,74129.1,13255.94,3489.01,9255.09,20174.19,29962.26,800258.4,10208.59,17620.78,51661.9,646922.49,446218.85,9459.8,16344.03,31120.35,5574.23,6655.17,35240.5,434982.83,60687.58,247395.97,2041.44,13960.08,4753.46,89947.77,12887.21,8249.83,189409.61,18593.32,20138.6,3829.76,66434.31,704663.81,32657.63,208671.76,15022.38,1241642.08,14972.23,98758.25,21573.72,761306.97,499750.54,379635.69,83216.34,21427,4129.52,18609.69,8654.91,81806.46,8588.46,12864.32,626317.83,27593.75,433512.14,18131.11,23957.53,14431.28,35675.16,44259.95,246868.74,5666.67,163615.7,6279.23,20259.22,90672.14,66936.79,6789.63,4423.59,17306.3,11621.51,68279.44,5437.16,175553.94,9137.75,294552.49,7396.76,1301.19,16865.85,18320.33,5732.79,24514.57,5010.58,874412.54,10032.16,11274.39,608938.22,939440.79,18634.19,403632.47,17262.35,298046.44,106619.67,0,0,1679.01,3803.9,20231879.41
,,Expense,,,,,,,,,,,,,,,,,,,,,,,,,,,,,,,,,,,,,,,,,,,,,,,,,,,,,,,,,,,,,,,,,,,,,,,,,,,,,,,,,,,,,,,,,,,,,,,,,,,,,,,,,,,,,,,,,,,,,,,,,,,,,,,,,,,,,,,,,,,,,,
,,,ACCRA.,,,,,,,,,,,,,,,,,,,,,,,,,,,,,,,,,,,,,,,,,,,,,,,,,,,,,,,,,,,,,,,,,,,,,,,,,,,,,,,,,,,,,,,,,,,,,,,,,,,,,,,,,,,,,,,,,,,,,,,,,,,,,,,,,,,,,,,,,,,,,
,,,,ACCRA,3762,13340.25,54857.25,1014.75,31185,16200,2153.25,2054.25,13686.75,47643.75,1881,8316,1410.75,841.5,1845,21656.25,7551,20002.5,1125,1485,4851,26460,1980,1039.5,21051,1707.75,4083.75,3390.75,6014.25,1980,0,4083.75,1014.75,3510,3539.25,2747.25,2871,17640,1212.75,1361.25,1163.25,4356,4950,6583.5,1881,470.25,1608.75,3440.25,2128.5,40020.75,2722.5,1707.75,3093.75,33610.5,22695.75,2722.5,1930.5,2425.5,1336.5,1633.5,3390.75,38981.25,3885.75,15072.75,519.75,2499.75,1089,11088,1163.25,1620,9875.25,3019.5,0,816.75,3712.5,42682.5,2400.75,10135.17,2301.75,65835,2945.25,11493.54,5618.25,35862.75,25467.75,15505.92,20194.47,0,1361.25,3069,1559.25,17325,965.25,2623.5,27200.25,3316.5,27200.25,1633.5,5296.5,2351.25,4009.5,2846.25,23388.75,4479.75,2858.67,1336.5,2895.75,3861,9961.92,1138.5,1534.5,2425.5,1386,6843.42,1089,0,2153.25,2994.75,3316.5,371.25,3242.25,4257,1170,1930.5,3412.53,22002.75,717.75,1856.25,43312.5,64102.5,3984.75,24601.5,2648.25,14639.67,11174.67,0,0,0,0,1216052.73
,,,Total ACCRA.,,3762,13340.25,54857.25,1014.75,31185,16200,2153.25,2054.25,13686.75,47643.75,1881,8316,1410.75,841.5,1845,21656.25,7551,20002.5,1125,1485,4851,26460,1980,1039.5,21051,1707.75,4083.75,3390.75,6014.25,1980,0,4083.75,1014.75,3510,3539.25,2747.25,2871,17640,1212.75,1361.25,1163.25,4356,4950,6583.5,1881,470.25,1608.75,3440.25,2128.5,40020.75,2722.5,1707.75,3093.75,33610.5,22695.75,2722.5,1930.5,2425.5,1336.5,1633.5,3390.75,38981.25,3885.75,15072.75,519.75,2499.75,1089,11088,1163.25,1620,9875.25,3019.5,0,816.75,3712.5,42682.5,2400.75,10135.17,2301.75,65835,2945.25,11493.54,5618.25,35862.75,25467.75,15505.92,20194.47,0,1361.25,3069,1559.25,17325,965.25,2623.5,27200.25,3316.5,27200.25,1633.5,5296.5,2351.25,4009.5,2846.25,23388.75,4479.75,2858.67,1336.5,2895.75,3861,9961.92,1138.5,1534.5,2425.5,1386,6843.42,1089,0,2153.25,2994.75,3316.5,371.25,3242.25,4257,1170,1930.5,3412.53,22002.75,717.75,1856.25,43312.5,64102.5,3984.75,24601.5,2648.25,14639.67,11174.67,0,0,0,0,1216052.73
,,,Bank fees,,88.43,298.61,1335.05,23.97,680.8,707.34,50.75,48.42,298.85,1040.17,44.21,186.2,33.28,19.8,0,472.73,0,726.18,0,34.91,114.05,635.41,46.54,24.45,471.33,40.26,96.14,79.83,141.51,46.54,0,96.14,23.97,90.78,83.33,64.72,67.5,423.6,28.62,32.11,27.47,102.41,116.38,147.32,44.21,11.19,37.94,81,50.06,873.74,64,40.26,72.85,733.86,495.54,64,45.39,57.03,31.44,38.41,79.83,850.94,91.47,329.11,12.34,58.88,25.6,248.34,27.47,37.94,221.11,70.97,0,19.33,87.28,1025.05,56.55,226.94,54.23,1581.09,69.36,289.07,132.19,711.06,556.06,718.73,0,0,32.11,72.15,36.78,300.73,22.82,61.68,91.47,77.98,593.76,38.41,124.54,55.39,94.28,67.03,510.66,105.44,100.49,31.44,68.19,90.78,222.98,26.78,36.07,57.03,32.6,153.16,25.6,0,50.75,70.54,77.98,8.86,76.36,100.09,30.95,45.39,0,480.39,16.99,43.77,937.99,1399.34,93.81,537.18,62.38,639.13,75.18,0,0,0,0,27289.4
,,,CLEANING.,,,,,,,,,,,,,,,,,,,,,,,,,,,,,,,,,,,,,,,,,,,,,,,,,,,,,,,,,,,,,,,,,,,,,,,,,,,,,,,,,,,,,,,,,,,,,,,,,,,,,,,,,,,,,,,,,,,,,,,,,,,,,,,,,,,,,,,,,,,,,
,,,,Annual Cleaning,0,1617.14,0,0,0,0,0,0,0,0,0,0,0,0,0,0,0,4049.39,0,0,0,6125.14,0,0,0,0,0,0,300,0,0,0,0,0,0,0,0,3825,0,0,0,0,0,0,0,0,0,0,0,0,0,0,0,3500,2291.69,0,0,0,0,0,0,2000,0,0,0,0,0,0,0,0,0,0,0,0,0,0,0,0,0,7940.32,0,0,0,0,8506.5,5801.74,0,0,0,0,0,1400,0,0,4050,0,795,0,0,0,0,4034,905,0,2930.69,0,0,0,0,0,0,0,0,0,0,0,0,0,0,0,0,0,0,0,0,6321,0,0,6050,0,0,6918.07,0,0,0,0,0,0,0,79360.68
,,,,Cleaning Service,0,0,33584.14,0,47925,4750,0,0,13675,2794.7,0,9275,0,0,0,15925.63,0,31620.16,0,0,0,14611.97,160,0,4850,0,0,1336.36,1600,0,0,0,0,0,0,0,0,14950,0,0,0,422.3,0,3254,0,0,0,0,827.7,3235,0,0,0,2156.26,18283.06,0,0,180,0,0,330,8910,650,4400,0,0,0,770,0,0,6075,0,0,0,337.5,29039,0,0,0,68.24,0,7740,146,15476.85,11985.07,13855.54,13350,0,0,0,0,8200,0,0,19520,0,14428.62,0,0,0,0,0,10593.12,0,0,0,0,0,1430,0,0,0,0,298,0,0,0,0,0,0,0,0,0,0,0,13226,0,0,22050,33047.46,0,20467.68,0,8225,9992,0,0,0,0,500027.36
,,,,Cleaning Supplies - Cleaners,0,0,0,0,0,0,0,0,0,0,0,0,0,0,0,0,0,0,0,0,0,0,0,0,0,0,0,0,0,0,0,0,0,0,0,0,0,2102.34,0,0,0,0,0,0,0,0,0,0,0,0,0,0,0,0,0,0,0,0,0,0,0,0,0,0,0,0,0,0,0,0,0,0,0,0,0,0,0,0,0,0,0,0,0,461.25,0,0,0,0,0,0,0,0,0,0,0,0,0,0,0,0,0,0,0,0,0,0,0,0,0,0,0,0,0,0,0,0,0,0,0,0,0,0,0,0,0,0,0,0,0,1130,0,20,0,0,0,0,0,0,0,3713.59
,,,Total CLEANING.,,0,1617.14,33584.14,0,47925,4750,0,0,13675,2794.7,0,9275,0,0,0,15925.63,0,35669.55,0,0,0,20737.11,160,0,4850,0,0,1336.36,1900,0,0,0,0,0,0,0,0,20877.34,0,0,0,422.3,0,3254,0,0,0,0,827.7,3235,0,0,0,5656.26,20574.75,0,0,180,0,0,330,10910,650,4400,0,0,0,770,0,0,6075,0,0,0,337.5,29039,0,0,0,8008.56,0,7740,146,15938.1,20491.57,19657.28,13350,0,0,0,0,9600,0,0,23570,0,15223.62,0,0,0,0,4034,11498.12,0,2930.69,0,0,0,1430,0,0,0,0,298,0,0,0,0,0,0,0,0,0,0,0,19547,0,0,28100,34177.46,0,27405.75,0,8225,9992,0,0,0,0,583101.63
,,,CONVENTION/LI,,,,,,,,,,,,,,,,,,,,,,,,,,,,,,,,,,,,,,,,,,,,,,,,,,,,,,,,,,,,,,,,,,,,,,,,,,,,,,,,,,,,,,,,,,,,,,,,,,,,,,,,,,,,,,,,,,,,,,,,,,,,,,,,,,,,,,,,,,,,,
,,,,Convention/LI Expenditures,0,0,0,0,695,0,0,0,0,0,0,0,0,0,0,0,515.1,0,0,0,0,0,0,0,0,0,530.96,0,0,0,0,0,0,0,0,0,0,0,0,0,0,0,0,0,0,0,0,0,0,0,0,0,0,0,0,0,0,0,0,0,529.08,0,0,0,0,0,0,0,0,0,-465.74,0,0,0,0,0,0,0,0,0,0,0,0,0,0,0,0,0,0,0,0,0,0,0,0,0,0,0,0,0,0,0,0,0,0,0,209.97,0,0,0,0,0,0,0,0,0,0,0,0,355,0,0,0,0,0,-665,0,0,0,0,0,0,0,0,-521.2,0,0,0,0,1183.17
,,,Total CONVENTION/LI,,0,0,0,0,695,0,0,0,0,0,0,0,0,0,0,0,515.1,0,0,0,0,0,0,0,0,0,530.96,0,0,0,0,0,0,0,0,0,0,0,0,0,0,0,0,0,0,0,0,0,0,0,0,0,0,0,0,0,0,0,0,0,529.08,0,0,0,0,0,0,0,0,0,-465.74,0,0,0,0,0,0,0,0,0,0,0,0,0,0,0,0,0,0,0,0,0,0,0,0,0,0,0,0,0,0,0,0,0,0,0,209.97,0,0,0,0,0,0,0,0,0,0,0,0,355,0,0,0,0,0,-665,0,0,0,0,0,0,0,0,-521.2,0,0,0,0,1183.17
,,,DEPRECIATION(EXP),,,,,,,,,,,,,,,,,,,,,,,,,,,,,,,,,,,,,,,,,,,,,,,,,,,,,,,,,,,,,,,,,,,,,,,,,,,,,,,,,,,,,,,,,,,,,,,,,,,,,,,,,,,,,,,,,,,,,,,,,,,,,,,,,,,,,,,,,,,,,
,,,,Depreciation & Amortization Exp,432,3779.03,83220.65,0,30181.53,8729.87,32.77,0,65218.52,42175.85,3018.49,21447.64,1113.52,0,0,14116.77,0,34988.94,0,0,0,26085.38,3262.5,0,7779.73,407.47,291,7422.32,19798.99,627.46,4687.5,1131,0,0,0,267.81,40.93,5699.12,4890.33,531.53,0,1366.04,4078.8,2010.58,50.47,0,0,0,4489.31,74944.48,0,932.15,4327.46,15750.17,13347.61,0,554.57,1037.69,0,428.57,0,2537.6,5712.74,858.56,0,2818.27,0,0,260.45,0,10245.73,0,0,121.07,7173.89,48439.37,0,3821.67,717,103833.13,0,29636.14,309.45,51278.6,5744.48,3587.63,0,0,0,76.07,0,3914.16,61.07,550.22,4935.62,122.25,8412.2,1320.22,0,268.5,8104.37,6490.59,1952.63,159.8,4948.24,0,406.72,5039.9,13893.44,0,309.49,0,2883.62,2575.72,0,1968.5,845.69,20533.84,309.11,42,43.5,1773.3,0,85.38,0,17327.77,0,0,28677.71,52262.27,0,46226.54,24.54,3655.63,6398.68,270,0,0,0,1038661.62
,,,Total DEPRECIATION(EXP),,432,3779.03,83220.65,0,30181.53,8729.87,32.77,0,65218.52,42175.85,3018.49,21447.64,1113.52,0,0,14116.77,0,34988.94,0,0,0,26085.38,3262.5,0,7779.73,407.47,291,7422.32,19798.99,627.46,4687.5,1131,0,0,0,267.81,40.93,5699.12,4890.33,531.53,0,1366.04,4078.8,2010.58,50.47,0,0,0,4489.31,74944.48,0,932.15,4327.46,15750.17,13347.61,0,554.57,1037.69,0,428.57,0,2537.6,5712.74,858.56,0,2818.27,0,0,260.45,0,10245.73,0,0,121.07,7173.89,48439.37,0,3821.67,717,103833.13,0,29636.14,309.45,51278.6,5744.48,3587.63,0,0,0,76.07,0,3914.16,61.07,550.22,4935.62,122.25,8412.2,1320.22,0,268.5,8104.37,6490.59,1952.63,159.8,4948.24,0,406.72,5039.9,13893.44,0,309.49,0,2883.62,2575.72,0,1968.5,845.69,20533.84,309.11,42,43.5,1773.3,0,85.38,0,17327.77,0,0,28677.71,52262.27,0,46226.54,24.54,3655.63,6398.68,270,0,0,0,1038661.62
,,,FOOD.,,,,,,,,,,,,,,,,,,,,,,,,,,,,,,,,,,,,,,,,,,,,,,,,,,,,,,,,,,,,,,,,,,,,,,,,,,,,,,,,,,,,,,,,,,,,,,,,,,,,,,,,,,,,,,,,,,,,,,,,,,,,,,,,,,,,,,,,,,,,,
,,,,Food,0,0,445656.39,0,164098.12,31495.23,0,0,51753.09,334641.83,327.29,19473.34,0,0,0,96056.53,0,229925.26,0,0,0,57398.72,0,0,0,0,0,0,12000,0,0,0,0,0,0,0,1490.26,124813.53,0,746.97,943.51,0,600,7985.39,1050.81,0,0,0,0,138701.12,0,0,0,154301.93,139304.64,0,412.02,0,0,0,0,177576.64,0,65723.78,0,0,0,0,0,0,0,0,0,0,4389.79,222363.02,0,148571.46,0,184174.42,0,862.79,0,169979.81,49954.13,210830.12,6338.47,0,0,0,0,0,0,0,166044.98,0,88119.04,0,0,0,0,0,93572.78,0,16721.46,0,0,0,0,0,0,0,0,0,0,0,250,466.45,0,0,0,0,0,0,0,103770.15,0,0,182722.88,255652.75,0,208273.33,0,43164.51,7035.58,0,0,0,0,4419734.32
,,,Total FOOD.,,0,0,445656.39,0,164098.12,31495.23,0,0,51753.09,334641.83,327.29,19473.34,0,0,0,96056.53,0,229925.26,0,0,0,57398.72,0,0,0,0,0,0,12000,0,0,0,0,0,0,0,1490.26,124813.53,0,746.97,943.51,0,600,7985.39,1050.81,0,0,0,0,138701.12,0,0,0,154301.93,139304.64,0,412.02,0,0,0,0,177576.64,0,65723.78,0,0,0,0,0,0,0,0,0,0,4389.79,222363.02,0,148571.46,0,184174.42,0,862.79,0,169979.81,49954.13,210830.12,6338.47,0,0,0,0,0,0,0,166044.98,0,88119.04,0,0,0,0,0,93572.78,0,16721.46,0,0,0,0,0,0,0,0,0,0,0,250,466.45,0,0,0,0,0,0,0,103770.15,0,0,182722.88,255652.75,0,208273.33,0,43164.51,7035.58,0,0,0,0,4419734.32
,,,HOUSING  EXPENSE,,,,,,,,,,,,,,,,,,,,,,,,,,,,,,,,,,,,,,,,,,,,,,,,,,,,,,,,,,,,,,,,,,,,,,,,,,,,,,,,,,,,,,,,,,,,,,,,,,,,,,,,,,,,,,,,,,,,,,,,,,,,,,,,,,,,,,,,,,,,,
,,,,Furniture Lease,0,989.28,0,0,0,2817.27,3535.2,0,89973.63,0,8989.92,0,0,0,5122.44,0,0,0,0,0,0,0,0,0,0,0,0,0,0,0,0,0,0,0,0,0,0,19243.35,0,0,0,0,0,0,0,0,0,0,0,102313.34,0,0,0,52332.57,14535.63,0,0,0,0,0,0,0,4443.12,2962.08,0,7122.51,0,0,0,0,0,0,0,0,0,13214.25,0,0,0,0,0,1978.56,0,0,7784.91,0,19784.79,0,0,0,0,15827.85,0,0,0,0,44616.15,0,0,0,0,0,3577.5,0,15544.53,0,0,0,0,0,0,0,0,9681.66,0,0,0,0,0,0,0,0,0,0,0,4946.22,0,0,31036.14,0,0,0,0,10331.55,0,0,0,0,0,492704.45
,,,,House,0,523.62,44271.87,0,6241.39,8935.19,92.37,56.19,3636.09,6482.49,0,1251.42,0,0,0,5174.29,0,26388.15,0,0,0,6201.3,65,0,844.61,0,748.44,2943.61,975.32,2907.56,6919.7,0,0,0,107.84,0,0,3144.42,2342.37,2055.77,0,10,1705.51,0,0,0,389.23,0,56.58,13175.44,0,124.26,0,3896.98,2092.95,0,214.86,0,0,0,0,2485.35,-3250,5579.99,0,1893.33,0,1305.58,0,0,2157.9,0,0,0,220.37,2023.42,0,4309.13,0,4290.24,0,5307.6,0,4024.22,11896.89,3864.82,2704.24,0,200,0,0,134.44,0,99.84,19536.59,4053.6,2395.13,0,0,0,4115.68,20359,1366.34,185.7,489.34,0,0,0,856.18,0,0,0,1654.16,2484.95,0,0,0,1001.1,0,0,193.8,0,0,0,0,2942.73,0,0,8399.13,3156.42,0,6602.76,0,2585.57,436.69,0,0,0,0,286037.05
,,,,Kitchen - Housing,0,0,0,0,2583.9,0,0,0,0,0,0,0,0,0,0,0,0,0,0,0,0,0,0,0,0,0,0,2196.66,0,0,0,0,0,0,0,0,0,0,0,0,0,0,0,0,0,0,0,0,0,8337.58,0,0,0,4345.51,0,0,0,0,0,0,0,0,0,0,0,0,0,0,0,0,0,0,0,0,0,731.88,0,0,0,72.71,0,0,0,1272,8136.4,0,340.24,0,0,0,0,0,0,0,0,0,0,0,0,0,0,0,-1553.32,0,1177.03,0,0,0,0,0,0,0,0,0,0,0,0,0,0,0,0,0,0,0,0,0,0,0,16276,0,0,1658.21,0,0,0,0,0,0,0,45574.8
,,,,Laundry and Linens,0,0,0,0,0,0,0,0,63.04,266.84,0,0,0,0,0,348,0,596.88,0,0,0,0,0,0,0,0,0,0,0,0,0,0,0,0,0,0,0,0,0,0,0,0,0,0,0,0,0,0,0,106,0,0,0,0,0,0,0,0,0,0,0,42,0,0,0,0,0,0,0,0,0,0,0,0,0,2159.52,0,749.49,0,3071.68,0,0,0,839.87,0,2546.82,108,0,0,0,0,0,0,0,0,0,0,0,0,0,0,0,0,0,0,0,0,0,0,0,0,0,0,126,0,0,0,0,0,0,0,0,0,0,0,4041.31,0,0,282.1,7410.05,0,5476.52,0,0,0,0,0,0,0,28234.12
,,,Total HOUSING  EXPENSE,,0,1512.9,44271.87,0,8825.29,11752.46,3627.57,56.19,93672.76,6749.33,8989.92,1251.42,0,0,5122.44,5522.29,0,26985.03,0,0,0,6201.3,65,0,844.61,0,748.44,5140.27,975.32,2907.56,6919.7,0,0,0,107.84,0,0,22387.77,2342.37,2055.77,0,10,1705.51,0,0,0,389.23,0,56.58,123932.36,0,124.26,0,60575.06,16628.58,0,214.86,0,0,0,0,2527.35,1193.12,8542.07,0,9015.84,0,1305.58,0,0,2157.9,0,0,0,220.37,18129.07,0,5058.62,0,7434.63,0,7286.16,0,6136.09,27818.2,6411.64,22937.27,0,200,0,0,15962.29,0,99.84,19536.59,4053.6,47011.28,0,0,0,4115.68,20359,3390.52,185.7,17210.9,0,0,0,856.18,0,0,0,1654.16,12292.61,0,0,0,1001.1,0,0,193.8,0,0,0,0,11930.26,0,0,55993.37,10566.47,0,13737.49,0,12917.12,436.69,0,0,0,0,852550.42
,,,INSURANCE AND TAXES,,,,,,,,,,,,,,,,,,,,,,,,,,,,,,,,,,,,,,,,,,,,,,,,,,,,,,,,,,,,,,,,,,,,,,,,,,,,,,,,,,,,,,,,,,,,,,,,,,,,,,,,,,,,,,,,,,,,,,,,,,,,,,,,,,,,,,,,,,,,,
,,,,Income Tax expense,0,0,0,0,0,0,0,0,0,0,0,0,0,0,0,0,0,0,0,0,0,0,0,0,0,0,0,0,0,0,0,0,0,0,0,0,0,0,0,0,0,0,0,0,0,0,0,0,0,0,0,0,0,0,0,0,0,0,0,0,0,0,0,0,0,0,0,0,0,0,0,0,0,0,0,0,0,0,0,0,0,0,0,90.03,0,0,0,0,0,0,0,0,0,0,0,0,0,0,0,0,0,0,0,0,0,0,0,0,0,0,0,0,0,0,0,0,0,0,0,0,0,0,0,0,0,0,0,0,94.51,0,0,0,0,0,0,0,0,0,0,184.54
,,,,Insurance and Taxes,0,0,0,0,0,0,0,0,0,20932.06,0,-62031.49,0,0,0,0,0,0,0,0,0,0,0,0,0,0,0,0,0,0,0,0,0,0,0,0,0,0,0,0,0,0,0,0,0,0,0,0,0,2315.54,0,0,0,0,0,0,0,0,0,0,0,3924.76,0,0,0,0,0,0,0,0,0,0,0,0,0,0,0,0,0,0,0,0,0,0,0,0,0,0,0,0,0,0,0,0,0,0,0,0,0,0,0,0,0,0,0,0,0,0,0,0,0,0,0,0,0,0,0,0,0,0,0,0,0,0,0,0,0,0,0,0,0,0,0,0,0,0,0,0,0,-34859.13
,,,,Property Insurance,0,0,0,0,0,0,0,0,0,1873.48,0,824.68,0,0,0,0,0,0,0,0,0,0,0,0,0,0,0,0,0,0,0,0,0,0,0,0,0,703.52,0,0,0,0,0,0,0,0,0,0,0,0,0,0,0,0,0,0,0,0,0,0,0,1717.79,0,0,0,0,0,0,0,0,0,0,0,0,0,0,0,0,0,0,0,0,0,0,0,0,10500,0,0,0,0,0,0,0,0,0,0,0,0,0,0,0,0,0,933.57,0,0,0,0,0,0,0,0,0,0,0,0,0,0,0,0,0,0,0,0,0,0,0,714.8,0,0,0,0,1028.16,0,0,0,0,0,18296
,,,,Property Taxes,0,4834.03,0,0,15468.74,0,0,0,8701.15,3975.89,0,6093.73,0,0,0,2591.43,0,0,0,0,0,0,0,0,901.68,11,0,0,0,0,0,186.17,0,0,24.55,0,0,21829.58,0,0,0,0,270.41,251.56,14.81,0,0,0,0,0,0,0,0,0,14090,0,0,0,0,0,0,22871.12,1182.56,0,0,0,0,4052.21,0,0,1088.88,0,0,1,599.72,35145.38,0,0,0,0,0,3374.04,0,0,24230.08,0,12000,0,0,0,0,5560.23,0,0,0,59.39,19542.29,0,0,0,0,27,93.76,0,13603.47,0,0,0,5224.76,0,0,0,0,4477.52,0,0,54.35,0,0,0,0,0,0,0,0,29782.34,0,0,0,0,0,0,5.81,8814.75,581.52,0,0,0,0,271616.91
,,,,Workers Comp Insurance,0,0,0,0,-185.56,0,0,0,0,0,0,0,0,0,0,0,0,0,0,0,0,0,0,0,0,0,0,0,0,0,0,0,0,0,0,0,0,0,0,0,0,0,0,0,0,0,0,0,0,0,0,0,0,0,0,0,0,0,0,0,0,0,0,0,0,0,0,0,0,0,0,0,0,0,0,0,0,0,0,0,0,0,0,0,-1071.27,0,0,0,0,0,0,0,0,0,0,0,0,0,0,0,0,0,0,0,0,0,0,0,0,0,0,0,0,-98.86,0,0,0,0,0,0,0,0,0,0,0,0,0,0,0,0,0,0,0,0,0,0,0,0,0,-1355.69
,,,,INSURANCE AND TAXES - Other,0,0,0,0,0,0,0,0,0,0,0,0,0,0,0,0,0,0,0,0,0,0,0,0,0,0,0,0,0,0,0,0,0,0,0,0,0,0,0,0,0,0,0,0,0,0,0,0,0,2231.05,0,0,0,0,0,0,0,0,0,0,0,0,0,0,0,0,0,0,0,0,0,0,0,0,0,0,0,0,0,0,0,0,0,0,0,0,0,0,0,0,0,0,0,0,0,0,0,0,0,0,0,0,0,0,0,0,0,0,0,0,0,0,0,0,0,0,0,0,0,0,0,0,0,0,0,0,0,0,0,0,0,0,0,0,0,0,0,0,0,2231.05
,,,Total INSURANCE AND TAXES,,0,4834.03,0,0,15283.18,0,0,0,8701.15,26781.43,0,-55113.08,0,0,0,2591.43,0,0,0,0,0,0,0,0,901.68,11,0,0,0,0,0,186.17,0,0,24.55,0,0,22533.1,0,0,0,0,270.41,251.56,14.81,0,0,0,0,4546.59,0,0,0,0,14090,0,0,0,0,0,0,28513.67,1182.56,0,0,0,0,4052.21,0,0,1088.88,0,0,1,599.72,35145.38,0,0,0,0,0,3374.04,0,90.03,23158.81,0,22500,0,0,0,0,5560.23,0,0,0,59.39,19542.29,0,0,0,0,27,93.76,0,14537.04,0,0,0,5224.76,0,0,0,0,4378.66,0,0,54.35,0,0,0,0,0,0,0,0,29782.34,0,0,809.31,0,0,0,5.81,9842.91,581.52,0,0,0,0,256113.68
,,,INTEREST  EXPENSE,,,,,,,,,,,,,,,,,,,,,,,,,,,,,,,,,,,,,,,,,,,,,,,,,,,,,,,,,,,,,,,,,,,,,,,,,,,,,,,,,,,,,,,,,,,,,,,,,,,,,,,,,,,,,,,,,,,,,,,,,,,,,,,,,,,,,,,,,,,,,
,,,,Interest Expense,0,0,109460.12,0,0,0,0,0,0,0,0,0,0,0,0,0,0,0,0,0,0,0,0,0,0,0,0,0,0,0,0,0,0,0,0,0,0,0,0,0,0,0,0,0,0,0,0,0,0,0,0,0,0,0,0,0,0,0,0,0,0,0,0,0,0,0,0,0,0,0,0,0,0,0,0,0,0,0,0,24638.87,0,0,0,0,0,0,0,0,0,0,0,0,0,0,0,0,0,0,0,0,0,0,0,0,0,0,0,0,5124.66,0,0,0,0,0,0,0,0,10491.3,0,0,0,0,0,0,0,0,0,0,0,0,0,0,0,0,0,0,0,0,0,149714.95
,,,Total INTEREST  EXPENSE,,0,0,109460.12,0,0,0,0,0,0,0,0,0,0,0,0,0,0,0,0,0,0,0,0,0,0,0,0,0,0,0,0,0,0,0,0,0,0,0,0,0,0,0,0,0,0,0,0,0,0,0,0,0,0,0,0,0,0,0,0,0,0,0,0,0,0,0,0,0,0,0,0,0,0,0,0,0,0,0,0,24638.87,0,0,0,0,0,0,0,0,0,0,0,0,0,0,0,0,0,0,0,0,0,0,0,0,0,0,0,0,5124.66,0,0,0,0,0,0,0,0,10491.3,0,0,0,0,0,0,0,0,0,0,0,0,0,0,0,0,0,0,0,0,0,149714.95
,,,LANDSCAPING.,,,,,,,,,,,,,,,,,,,,,,,,,,,,,,,,,,,,,,,,,,,,,,,,,,,,,,,,,,,,,,,,,,,,,,,,,,,,,,,,,,,,,,,,,,,,,,,,,,,,,,,,,,,,,,,,,,,,,,,,,,,,,,,,,,,,,,,,,,,,,
,,,,Grounds,0,2820.55,2936.56,0,4926.48,5985.85,0,0,2285,3867.64,0,2368.75,0,0,0,4465.8,0,2530,0,0,0,1375.35,0,0,2421,0,0,1820,0,0,0,0,0,0,0,0,0,1543,0,0,0,0,0,0,0,0,0,0,0,4913.05,0,0,0,4503,2763.75,0,0,0,0,0,0,5042.75,0,3360,0,0,0,550,0,0,0,0,0,0,0,4108.35,0,0,0,7022.09,0,4870,0,8244.66,4411.65,0,9625,0,0,0,0,2325,0,294.94,6012.5,0,2100,0,0,0,0,0,1550.04,0,3450,0,0,3135.65,1740,0,0,0,0,2210.07,0,0,0,0,0,0,0,0,0,0,0,1977.51,0,0,5150.92,9915.03,0,5147.08,0,0,0,0,0,0,0,143769.02
,,,Total LANDSCAPING.,,0,2820.55,2936.56,0,4926.48,5985.85,0,0,2285,3867.64,0,2368.75,0,0,0,4465.8,0,2530,0,0,0,1375.35,0,0,2421,0,0,1820,0,0,0,0,0,0,0,0,0,1543,0,0,0,0,0,0,0,0,0,0,0,4913.05,0,0,0,4503,2763.75,0,0,0,0,0,0,5042.75,0,3360,0,0,0,550,0,0,0,0,0,0,0,4108.35,0,0,0,7022.09,0,4870,0,8244.66,4411.65,0,9625,0,0,0,0,2325,0,294.94,6012.5,0,2100,0,0,0,0,0,1550.04,0,3450,0,0,3135.65,1740,0,0,0,0,2210.07,0,0,0,0,0,0,0,0,0,0,0,1977.51,0,0,5150.92,9915.03,0,5147.08,0,0,0,0,0,0,0,143769.02
,,,MAINTENANCE.,,,,,,,,,,,,,,,,,,,,,,,,,,,,,,,,,,,,,,,,,,,,,,,,,,,,,,,,,,,,,,,,,,,,,,,,,,,,,,,,,,,,,,,,,,,,,,,,,,,,,,,,,,,,,,,,,,,,,,,,,,,,,,,,,,,,,,,,,,,,,
,,,,House,0,0,0,0,0,0,0,0,0,0,0,0,0,0,0,0,0,0,0,0,0,0,0,0,0,0,0,0,0,0,0,0,0,0,0,0,0,0,0,0,0,0,0,0,0,0,0,0,0,0,0,0,0,0,0,0,0,0,0,0,0,0,0,0,0,0,0,0,0,0,0,0,0,0,0,0,0,0,0,0,0,0,0,0,0,0,0,0,0,0,0,0,0,0,0,0,0,0,0,0,0,0,0,0,0,0,0,0,0,0,0,0,0,0,0,0,0,0,0,0,0,0,0,0,0,0,0,0,0,0,0,461.6,0,0,0,0,0,0,0,461.6
,,,,Inspections,0,0,120,0,1631.44,0,0,0,307.67,4123,0,274,0,0,0,498,0,2143.66,0,0,0,0,0,0,0,0,0,200,0,0,0,0,0,0,0,0,0,0,0,0,0,0,0,24,0,0,0,0,0,967,0,0,0,407.02,1073.81,0,0,0,0,0,0,2109.62,0,0,0,0,0,0,0,0,0,0,0,0,0,1434.72,0,0,0,4484.71,0,219.33,0,693.25,2501.2,2208.5,0,0,0,0,0,705,0,0,1328,0,2478.81,0,0,0,0,0,1892.11,0,3401.95,0,0,0,0,0,0,0,0,310.5,0,0,0,0,0,0,0,0,0,0,0,3142.52,0,0,2559.62,1081.89,0,604.43,0,632.01,0,0,0,0,0,43557.77
,,,,Internet - Maintenance,0,0,0,0,0,190,0,0,4184.3,0,0,0,0,0,0,1425.43,0,2462.99,0,0,0,780,0,0,0,0,1550.94,0,0,0,0,0,0,0,0,0,0,725,0,0,0,0,0,0,0,0,0,0,0,999.7,0,0,0,5406.06,1640.4,0,0,0,0,0,0,1034,0,624.65,0,106.69,0,0,0,0,0,0,0,0,0,2859.04,0,0,0,0,0,0,0,2820,1506.4,0,0,0,0,0,0,0,0,0,1293.75,0,0,0,0,0,0,0,4816.91,0,0,0,0,0,0,0,0,0,0,0,0,0,0,0,0,0,0,0,0,0,0,1446.72,0,0,210,0,0,0,0,0,0,0,0,0,0,36082.98
,,,,Maintenance Contracts,0,0,0,0,0,1650,0,0,0,1752.72,0,0,0,0,0,0,0,0,0,0,0,515.69,0,0,0,0,0,140,0,0,0,0,0,0,0,0,0,0,0,0,0,0,0,0,0,0,0,0,61.39,127.2,0,0,0,588.81,2417.35,0,0,0,0,0,0,0,0,493.38,0,0,0,0,0,0,0,0,0,0,0,0,0,0,0,1473.39,0,256.68,0,504.8,0,2472,0,0,0,0,0,396,0,385.2,2123.52,0,1728,0,0,0,0,0,0,0,0,0,0,0,203.4,0,0,0,0,0,0,0,0,0,0,0,0,0,0,0,0,1479.85,0,0,3789,7280.07,0,0,0,0,0,0,0,0,0,29838.45
,,,,Pest Control,0,250,45,0,295.38,894,0,0,320,1350,0,370,0,0,0,330,0,645,0,0,0,368.76,0,0,1035,0,0,980,0,0,0,0,0,0,0,0,0,647,0,0,0,0,0,225,0,0,0,0,0,550,0,0,0,532.08,433.35,0,0,270,0,0,0,525,386,477,0,0,0,796,308,0,0,0,0,0,0,597,0,0,0,1953.5,0,1323,0,250,712.62,525,224,0,0,0,0,395,0,0,833.24,0,490,0,0,0,0,0,296.8,0,643.38,0,0,0,362,0,0,0,0,407.64,0,0,0,0,0,0,0,0,0,0,0,2092.3,0,0,210,345.72,0,1418,0,540,675,0,0,0,0,26326.77
,,,,Repairs and Maintenance,0,1970.01,12360.11,0,12567.12,18427.02,0,0,15284.05,10915.28,0,61448.66,0,0,0,31118.66,0,27385.71,0,0,0,12549.54,0,0,858.15,0,0,7591.45,0,0,0,0,0,0,0,0,0,36878.75,0,0,0,0,0,-7074.7,0,0,0,0,0,29387.96,0,0,0,45649.07,31971.13,0,0,12658.87,0,0,0,12686.2,8832.37,4321.55,0,353.89,0,1834.2,0,0,0,0,0,0,0,19207.36,0,1983.46,0,29182.6,0,5486.69,0,17956.9,18492.82,14556.24,8024.68,0,0,0,0,2005.34,0,0,22474.26,0,41332.91,0,0,0,0,0,21384.62,0,8834.49,0,0,0,3646.71,0,3301.2,0,0,11211.01,0,0,0,1196.43,0,0,0,0,0,0,0,27238.64,0,0,31129.29,35399,0,51659.06,0,5743.4,0,0,0,0,0,771422.16
,,,Total MAINTENANCE.,,0,2220.01,12525.11,0,14493.94,21161.02,0,0,20096.02,18141,0,62092.66,0,0,0,33372.09,0,32637.36,0,0,0,14213.99,0,0,1893.15,0,1550.94,8911.45,0,0,0,0,0,0,0,0,0,38250.75,0,0,0,0,0,-6825.7,0,0,0,0,61.39,32031.86,0,0,0,52583.04,37536.04,0,0,12928.87,0,0,0,16354.82,9218.37,5916.58,0,460.58,0,2630.2,308,0,0,0,0,0,0,24098.12,0,1983.46,0,37094.2,0,7285.7,0,22224.95,23213.04,19761.74,8248.68,0,0,0,0,3501.34,0,385.2,28052.77,0,46029.72,0,0,0,0,0,28390.44,0,12879.82,0,0,0,4212.11,0,3301.2,0,0,11929.15,0,0,0,1196.43,0,0,0,0,0,0,0,35400.03,0,0,37897.91,44106.68,0,54143.09,0,6915.41,675,0,0,0,0,907689.73
,,,OTHER EXPENSE,,,,,,,,,,,,,,,,,,,,,,,,,,,,,,,,,,,,,,,,,,,,,,,,,,,,,,,,,,,,,,,,,,,,,,,,,,,,,,,,,,,,,,,,,,,,,,,,,,,,,,,,,,,,,,,,,,,,,,,,,,,,,,,,,,,,,,,,,,,,,
,,,,Bad Debt Expense - Corp Board,-39725.12,-3290.27,45567.33,593.97,2730.65,-850.73,-842.6,382.55,-13720.38,13452.4,225.38,197.39,143.28,114.63,50,107.33,7277.5,712.84,25,34.84,823.48,197.9,116.28,-550.84,2351.81,977.04,7544.24,1559.8,930.93,168.51,1309.6,528.74,164.53,5027.24,245.19,484.72,-1777.82,7573.36,352.02,428.19,27.47,102.31,-38.84,3755.57,-3213.62,-28.27,436.44,-48.48,-1581.45,31283.22,6731.5,758.68,773.37,-147.95,-149.51,342.06,1127.35,289.47,30.83,788.35,97.86,30794.88,2268.88,8121.51,-72.91,43.97,243.63,405.18,634.81,668.49,-3147.08,1624.74,8333.73,6366.75,188.26,1807.05,674.61,1302.09,1798.76,40608.45,180.83,1030.57,460.63,-74018.05,44872.88,-9140.62,1894.51,1241.75,-380.25,1188.89,36.78,-4574.41,57.23,-138.4,3126.57,906.02,-89.7,1046.96,965.95,335.79,409.82,1149.51,5698.52,396.48,-2589.55,-7.6,617.92,1961,5404.98,235.92,-54.68,1357.45,-188.71,-1789.98,-31.94,6621.04,-459.43,1850.22,303.66,58.86,703.84,847.17,842.23,32.67,1868.29,6451.19,-362.96,-170.13,9530.59,65029.39,145.39,-1266.32,85.26,18999.48,2673.19,0,0,0,0,280999.77
,,,,Manual transfer to/from Chapter,688.72,457.75,43176.79,33.71,1412.73,605.38,11.65,-3461.6,1147.18,4053.58,291.21,690.72,0,0,6.3,0,114.9,1456.42,33.32,19.2,112.32,0,0,45.02,318.52,25.98,-3400.94,133.34,99.2,72.8,256.68,0,14.55,396.24,9.36,0,158.96,0,14.38,82.75,4.5,35.31,21.43,0,0,11.21,18,17.26,118.63,1822.13,-3363.22,52.61,350.06,251.12,1489.85,33.61,33.45,214.34,20.45,70.12,49.48,1700.88,85.12,864.23,0,37.24,0,0,127.16,36.49,102.62,13.34,-8215.79,-3118.02,-2935.71,1146.64,216.71,194.41,33.93,3598.19,0,175.32,12.74,3637.52,1276.24,764.65,94.46,-1280,5.61,0,22.99,49.19,17.04,2.4,55.72,107.15,1452.9,127.72,49.59,39.13,57.68,0,0,10,686.92,28.11,40.39,297.4,253.12,6.56,0,72.41,0,157.01,0,301.68,28.26,0,23.41,0,60.32,23.45,21.54,4.5,20.34,0,19.57,36.43,1501.11,2662.31,78.24,0,0,1197.18,240.71,0,0,0,0,58653.92
,,,,Miscellaneous - Corp Board,0,0,0,0,0,0,0,0,0,0,0,0,0,0,0,0,0,0,0,0,0,0,0,0,0,0,0,0,0,0,0,0,0,0,0,0,0,0,0,0,0,0,0,0,0,0,0,0,0,0,0,0,0,0,0,0,0,0,0,0,0,0,0,0,0,0,0,0,0,0,0,0,0,0,0,0,0,0,0,0,0,0,0,2150,0,0,0,0,0,0,0,0,0,0,0,0,0,0,0,0,0,0,0,0,0,0,0,0,0,0,0,0,0,0,0,0,0,0,0,0,0,0,0,0,0,0,0,0,0,0,0,0,0,0,0,0,0,0,0,2150
,,,,Miscellaneous Expense,0,0,0,0,250,0,0,0,0,0,0,38.41,0,0,0,0,0,0,0,0,0,0,0,0,0,0,0,0,0,0,0,0,0,0,0,0,0,0,0,0,0,0,0,0,0,0,0,0,0,0,0,0,0,0,0,0,0,0,0,0,0,0,0,0,0,0,0,0,0,0,0,0,0,0,0,0,0,0,0,0,0,0,0,0,0,0,247.56,0,0,0,0,0,0,0,0,0,0,0,0,0,0,0,0,0,0,0,0,0,0,0,0,0,0,0,0,0,0,0,0,0,0,0,0,0,0,0,0,0,0,0,0,0,0,0,0,0,0,0,0,535.97
,,,,Other,0,0,0,0,0,0,0,0,0,0,0,0,0,0,0,0,0,0,0,0,0,0,0,0,0,0,0,0,0,0,0,0,0,0,0,0,0,0,0,3000,0,0,0,0,0,0,0,0,0,0,0,0,0,0,0,0,0,0,0,0,0,0,0,0,0,0,0,0,0,0,0,0,0,0,0,0,0,0,0,0,0,0,0,0,0,0,0,0,0,0,0,0,0,0,0,0,0,0,0,0,0,0,0,420,0,0,0,0,3960.98,0,0,0,0,0,0,0,0,0,0,0,0,0,0,0,0,0,0,0,0,0,0,0,0,0,0,0,0,0,0,7380.98
,,,,Ritual Supplies,1512,0,0,537.6,0,2688,0,537.6,0,403.2,0,0,0,0,0,3366.72,0,0,0,0,2419.2,90.5,0,940.8,0,1209.6,0,0,0,0,0,0,0,0,0,0,1344,0,0,1369.2,403.2,0,364,0,2889.6,0,0,0,0,0,0,403.2,0,0,0,0,0,0,0,0,0,0,0,0,0,0,0,0,0,1075.2,0,0,0,0,5376,0,0,0,0,0,2419.2,0,0,0,0,0,0,0,739.2,168.3,0,0,672,0,0,0,0,268.8,2956.8,0,0,0,0,0,0,0,0,2688,0,0,0,0,0,672,0,0,0,2520,0,0,0,0,0,0,0,0,0,0,0,0,0,0,532,0,0,0,0,0,0,40565.92
,,,,Scholarships,0,0,0,0,1500,0,0,0,0,0,0,0,0,0,0,0,0,0,0,0,0,0,0,0,0,0,0,0,0,0,0,0,0,0,0,0,0,0,0,0,0,0,0,0,0,0,0,0,0,-50,0,0,0,0,0,0,0,0,0,0,0,0,0,0,0,400,0,0,0,0,0,0,0,0,0,0,0,0,0,0,0,1200,0,0,0,0,0,0,0,0,0,0,0,150,0,0,0,0,0,0,0,0,0,0,0,0,0,0,0,0,0,0,0,0,0,0,0,0,0,0,0,0,0,0,0,0,0,0,0,0,0,0,0,0,0,0,0,0,0,3200
,,,,Security,0,0,0,0,0,0,0,0,0,35606.6,0,0,0,0,0,0,0,0,0,0,0,0,0,0,0,0,0,0,0,0,0,0,0,0,0,0,0,0,0,0,0,0,0,0,0,0,0,0,0,0,0,0,0,0,0,0,0,0,0,0,0,0,0,0,0,0,0,0,0,0,0,0,0,0,0,18116.16,0,0,0,0,0,0,0,0,752.5,0,0,0,0,0,0,0,0,0,0,0,0,0,0,0,0,0,0,0,0,0,0,0,0,0,0,0,0,0,0,0,0,0,0,0,0,0,0,0,0,0,0,0,0,0,0,0,0,0,0,0,0,0,0,54475.26
,,,Total OTHER EXPENSE,,-37524.4,-2832.52,88744.12,1165.28,5893.38,2442.65,-830.95,-2541.45,-12573.2,53515.78,516.59,926.52,143.28,114.63,56.3,3474.05,7392.4,2169.26,58.32,54.04,3355,288.4,116.28,434.98,2670.33,2212.62,4143.3,1693.14,1030.13,241.31,1566.28,528.74,179.08,5423.48,254.55,484.72,-274.86,7573.36,366.4,4880.14,435.17,137.62,346.59,3755.57,-324.02,-17.06,454.44,-31.22,-1462.82,33055.35,3368.28,1214.49,1123.43,103.17,1340.34,375.67,1160.8,503.81,51.28,858.47,147.34,32495.76,2354,8985.74,-72.91,481.21,243.63,405.18,761.97,1780.18,-3044.46,1638.08,117.94,3248.73,2628.55,21069.85,891.32,1496.5,1832.69,44206.64,2600.03,2405.89,473.37,-68230.53,46901.62,-8375.97,2236.53,-38.25,364.56,1357.19,59.77,-4525.22,746.27,14,3182.29,1013.17,1363.2,1443.48,3972.34,374.92,467.5,1149.51,5698.52,826.48,-1902.63,20.51,658.31,4946.4,9619.08,242.48,-54.68,1429.86,-188.71,-960.97,-31.94,6922.72,-431.17,4370.22,327.07,58.86,764.16,870.62,863.77,37.17,1888.63,6451.19,-343.39,-133.7,11031.7,67691.7,223.63,-1266.32,617.26,20196.66,2913.9,0,0,0,0,447961.82
,,,PAYROLL EXPENSE,,,,,,,,,,,,,,,,,,,,,,,,,,,,,,,,,,,,,,,,,,,,,,,,,,,,,,,,,,,,,,,,,,,,,,,,,,,,,,,,,,,,,,,,,,,,,,,,,,,,,,,,,,,,,,,,,,,,,,,,,,,,,,,,,,,,,,,,,,,,,
,,,,Cooks,0,0,0,0,0,0,0,0,0,0,0,0,0,0,0,0,0,0,0,0,0,0,0,0,0,0,0,0,0,0,0,0,0,0,0,0,0,0,0,0,0,0,0,0,0,0,0,0,0,0,0,0,0,0,0,0,0,0,0,0,0,0,0,0,0,0,0,0,0,0,0,0,0,0,0,0,0,0,0,0,0,0,0,0,0,0,0,0,0,0,0,0,0,0,0,0,0,0,0,0,0,0,0,0,0,0,0,0,0,0,0,0,0,0,0,0,0,0,0,0,0,0,0,0,0,22115.44,0,0,0,0,0,0,0,0,0,0,0,0,0,22115.44
,,,,Employee Insurance Expense,0,0,3266.81,0,0,0,0,0,0,0,0,0,0,0,0,0,0,0,0,0,0,0,0,0,0,0,0,0,0,0,0,0,0,0,0,0,0,0,0,0,0,0,0,0,0,0,0,0,0,14187.15,0,0,0,0,0,0,0,0,0,0,0,0,0,0,0,0,0,0,0,0,0,0,0,0,0,0,0,0,0,0,0,0,0,0,0,0,0,0,0,0,0,0,0,0,0,0,0,0,0,0,0,0,0,0,38.64,0,0,0,0,0,0,0,0,0,0,0,0,0,0,0,0,0,0,0,0,0,0,0,0,0,0,0,0,0,0,0,0,0,0,17492.6
,,,,House Director Payroll,0,0,24668.71,0,15758.48,0,0,0,0,3794.45,0,0,0,0,0,0,0,0,0,0,0,0,0,0,0,0,0,0,0,0,0,0,0,0,0,0,0,0,0,0,0,0,0,0,0,0,0,0,0,0,0,0,0,0,0,0,0,0,0,0,0,0,0,0,0,0,0,0,0,0,0,0,0,0,0,0,0,0,0,0,0,0,0,0,0,0,0,0,0,0,0,0,0,0,0,0,0,0,0,0,0,0,0,0,0,0,0,0,0,0,0,0,0,9996.48,0,0,0,0,0,0,0,0,0,0,0,16916.97,0,0,0,0,0,0,0,0,0,0,0,0,0,71135.09
,,,,Houseboys/Waiters,0,0,0,0,0,0,0,0,0,0,0,0,0,0,0,0,0,0,0,0,0,0,0,0,0,0,0,0,0,0,0,0,0,0,0,0,0,0,0,0,0,0,0,0,0,0,0,0,0,0,0,0,0,0,0,0,0,0,0,0,0,0,0,0,0,0,0,0,0,0,0,0,0,0,0,0,0,0,0,0,0,0,0,0,0,0,0,0,0,0,0,0,0,0,0,0,0,0,0,0,0,0,0,0,0,0,0,0,0,0,0,0,0,0,0,0,0,0,0,0,0,0,0,0,0,12301.75,0,0,0,0,0,0,0,0,0,0,0,0,0,12301.75
,,,,Housekeeper,0,0,0,0,0,0,0,0,0,5512.5,0,0,0,0,0,0,0,0,0,0,0,0,0,0,0,0,0,0,0,0,0,0,0,0,0,0,0,0,0,0,0,0,0,0,0,0,0,0,0,0,0,0,0,0,0,0,0,0,0,0,0,0,0,0,0,0,0,0,0,0,0,0,0,0,0,0,0,0,0,0,0,0,0,0,0,0,0,0,0,0,0,0,0,0,0,0,0,0,0,0,0,0,0,0,0,0,0,0,0,0,0,0,0,0,0,0,0,0,0,0,0,0,0,0,0,0,0,0,0,0,0,0,0,0,0,0,0,0,0,5512.5
,,,,Payroll Service Expense,0,0,0,0,1705.49,0,0,0,0,657.88,0,0,0,0,0,0,0,0,0,0,0,0,0,0,0,0,0,0,0,0,0,0,0,0,0,0,0,0,0,0,0,0,0,0,0,0,0,0,0,0,0,0,0,0,0,0,0,0,0,0,0,0,0,0,0,0,0,0,0,0,0,0,0,0,0,0,0,0,0,0,0,0,0,0,0,0,0,0,0,0,0,0,0,0,0,0,0,0,0,0,0,0,0,0,0,0,0,0,0,0,0,0,0,732.05,0,0,0,0,0,0,0,0,0,0,0,4210.84,0,0,0,0,0,0,0,0,0,0,0,0,0,7306.26
,,,,Payroll Taxes,0,0,0,0,2003.86,0,0,0,0,788.14,0,0,0,0,0,0,0,6945.86,0,0,0,0,0,0,0,0,0,0,0,0,0,0,0,0,0,0,0,0,0,0,0,0,0,0,0,0,0,0,0,0,0,0,0,0,0,0,0,0,0,0,0,0,0,0,0,0,0,0,0,0,0,0,0,0,0,0,0,0,0,0,0,0,0,0,0,0,0,0,0,0,0,0,0,0,0,0,0,0,0,0,0,0,0,0,0,0,0,0,0,0,0,0,0,888.67,0,0,0,0,0,0,0,0,0,0,0,6150.4,0,0,0,0,0,0,0,0,0,0,0,0,0,16776.93
,,,,Retirement Contribution,0,0,4078.22,0,0,0,0,0,0,0,0,0,0,0,0,0,0,0,0,0,0,0,0,0,0,0,0,0,0,0,0,0,0,0,0,0,0,0,0,0,0,0,0,0,0,0,0,0,0,0,0,0,0,0,0,0,0,0,0,0,0,0,0,0,0,0,0,0,0,0,0,0,0,0,0,0,0,0,0,0,0,0,0,0,0,0,0,0,0,0,0,0,0,0,0,0,0,0,0,0,0,0,0,0,0,0,0,0,0,0,0,0,0,0,0,0,0,0,0,0,0,0,0,0,0,0,0,0,0,0,0,0,0,0,0,0,0,0,0,4078.22
,,,,Social Security,0,0,1776.27,0,0,0,0,0,0,0,0,0,0,0,0,0,0,0,0,0,0,0,0,0,0,0,0,0,0,0,0,0,0,0,0,0,0,0,0,0,0,0,0,0,0,0,0,0,0,0,0,0,0,0,0,0,0,0,0,0,0,0,0,0,0,0,0,0,0,0,0,0,0,0,0,0,0,0,0,0,0,0,0,0,0,0,0,0,0,0,0,0,0,0,0,0,0,0,0,0,0,0,0,0,0,0,0,0,0,0,0,0,0,0,0,0,0,0,0,0,0,0,0,0,0,0,0,0,0,0,0,0,0,0,0,0,0,0,0,1776.27
,,,,Workers Comp Insurance-Payroll,0,0,0,0,793.96,0,0,0,0,0,0,0,0,0,0,0,0,0,0,0,0,0,0,0,0,0,0,0,0,0,0,0,0,0,0,0,0,0,0,0,0,0,0,0,0,0,0,0,0,0,0,0,0,0,0,0,0,0,0,0,0,0,0,0,0,0,0,0,0,0,0,0,0,0,0,0,0,0,0,0,0,0,0,0,0,0,0,0,0,0,0,0,0,0,0,0,0,0,0,0,0,0,0,0,0,0,0,0,0,0,0,0,0,790.92,0,0,0,0,0,0,0,0,0,0,0,1034.14,0,0,0,0,0,0,0,0,0,0,0,0,0,2619.02
,,,,PAYROLL EXPENSE - Other,0,7038.87,0,0,7194.87,20880,0,0,37637.45,33173.76,0,0,0,0,0,22806.87,0,38820.99,0,0,0,22668.92,0,0,0,0,0,0,0,0,0,0,0,0,0,0,0,21267.56,0,0,0,0,0,0,0,0,0,0,0,130140.62,0,0,0,57630.91,20920.54,0,0,0,0,0,0,26271.99,0,25955.04,0,0,0,6992.28,0,0,0,0,0,0,0,38475.41,0,0,0,112496.77,0,11689.53,0,25707.8,35663.82,31346.01,0,0,0,0,0,0,0,0,23914.37,0,24156.88,0,0,0,0,0,19155.11,0,16260.66,0,0,0,0,0,0,0,0,4858.66,0,0,0,0,0,0,0,0,0,0,0,23617.54,0,0,27576.8,55443.96,0,32130.66,0,15745.72,0,0,0,0,38645.08,1016285.45
,,,Total PAYROLL EXPENSE,,0,7038.87,33790.01,0,27456.66,20880,0,0,37637.45,43926.73,0,0,0,0,0,22806.87,0,45766.85,0,0,0,22668.92,0,0,0,0,0,0,0,0,0,0,0,0,0,0,0,21267.56,0,0,0,0,0,0,0,0,0,0,0,144327.77,0,0,0,57630.91,20920.54,0,0,0,0,0,0,26271.99,0,25955.04,0,0,0,6992.28,0,0,0,0,0,0,0,38475.41,0,0,0,112496.77,0,11689.53,0,25707.8,35663.82,31346.01,0,0,0,0,0,0,0,0,23914.37,0,24156.88,0,0,0,0,0,19155.11,0,16299.3,0,0,0,0,0,0,0,0,17266.78,0,0,0,0,0,0,0,0,0,0,0,86347.08,0,0,27576.8,55443.96,0,32130.66,0,15745.72,0,0,0,0,38645.08,1177399.53
,,,PROFESSIONAL AND ADMIN,,,,,,,,,,,,,,,,,,,,,,,,,,,,,,,,,,,,,,,,,,,,,,,,,,,,,,,,,,,,,,,,,,,,,,,,,,,,,,,,,,,,,,,,,,,,,,,,,,,,,,,,,,,,,,,,,,,,,,,,,,,,,,,,,,,,,,,,,,,,,
,,,,Accounting/Billhighway fees/Mem,0,0,180,0,180,180,0,0,180,0,0,0,0,0,0,180,0,180,0,0,0,180,0,0,180,0,180,0,0,0,0,0,0,0,0,0,0,180,0,0,0,0,0,180,0,0,0,0,0,180,0,0,0,180,180,0,0,0,0,0,0,180,0,180,0,0,0,180,0,0,0,0,0,0,0,180,0,0,0,180,0,180,0,0,180,0,0,0,0,0,0,0,0,0,0,0,180,0,0,0,0,0,180,0,180,0,0,0,180,0,0,0,0,180,0,0,0,0,0,0,0,0,0,0,0,0,0,0,180,180,0,180,0,180,0,0,0,0,0,5400
,,,,Bank Charges/Credit Card Fees,-88.43,1496.51,36644.55,105.57,6908.14,3092.95,262.48,108.88,5310.35,18493.41,114.59,3137.74,-33.28,-14.19,280.83,-472.73,1030.22,18060.31,37.84,277.09,603.64,-635.41,-46.54,105.2,2021.61,186,39.84,912.1,1088.37,258.76,1864.82,-96.14,64.5,2338.75,265.99,-64.72,110.92,-423.6,290.58,732.47,44.03,475.21,253.13,-122.32,-44.21,32.94,187.36,494.73,607.08,15254.96,203.92,384.53,926.04,1968.84,6712.25,200.95,217.71,592.89,104.44,27.96,530.85,7653.36,991.92,4083.22,-12.34,277.38,-25.6,-248.34,193.54,129.57,1165.76,382.44,520.13,67.95,1299.81,7352.57,602.88,4544.26,226.23,21389.27,-69.36,1757.27,336.1,4462.44,5457.28,5252.93,2172.85,451.69,83.31,-72.15,163.08,590.6,218.1,162.22,89.91,523.14,9146.98,319.67,459.97,273.4,775.89,-67.03,-510.66,69.28,2465.19,113.26,453.92,566.04,1475.96,65.72,-36.07,298.83,-32.6,1663.18,-25.6,4117.25,160.08,-70.54,90.14,15.14,356.99,277.53,103.45,-8.53,65.39,-480.39,97.61,78.47,10403.53,17183.18,-93.81,-537.18,-62.38,5777.96,2145.41,0,0,0,0,262691.31
,,,,Legal Fees,0,0,0,0,10,0,0,0,0,20.47,0,50,0,0,20.47,302.47,0,22,0,0,0,0,0,0,0,20.47,20.47,0,0,0,0,20.47,20.47,0,20.47,20.47,20.47,0,20.47,20.47,20.47,0,20.47,0,20.47,20.47,20.47,0,20.47,0,20.47,20.47,20.47,0,0,20.47,20.47,20.47,20.47,20.47,20.47,0,20.47,20.47,20.47,0,20.47,0,20.47,20.47,40.47,20.47,0,20.47,20.47,0,20.47,20.47,20.47,0,20.47,20.47,0,20.47,0,20.47,20,0,0,20.47,20.47,4116.96,20.47,20.47,0,20.47,0,20.47,20.47,20.47,20.47,20.47,25,20.47,0,0,20.47,20.47,0,20.47,20.47,0,0,0,20.47,0,20.47,0,20.47,20.47,20.47,20.47,20.47,0,0,20.47,20.47,20.47,0,0,20.47,0,0,0,20.47,0,0,0,0,5999.33
,,,,Licenses and Permits,0,50,630,0,210,0,0,0,92,0,0,0,0,0,0,0,0,120,0,0,0,948,0,0,0,0,0,0,0,0,0,0,0,0,0,0,0,1402.02,0,0,0,0,0,0,0,0,0,0,0,1347,0,0,0,1570,0,0,0,0,0,0,0,0,0,0,0,0,0,428.8,0,0,1200,0,0,0,0,0,0,0,0,425,0,544,0,24,1836,100,0,0,0,0,0,0,0,0,0,0,580,0,0,0,0,0,2087.68,0,0,0,0,0,0,0,0,0,0,0,0,0,0,0,0,0,0,0,0,0,0,947,0,0,350,2193.7,0,88,0,5,0,0,0,0,0,17178.2
,,,,Postage expense,0,0,9.4,0,0,0,0,0,0,0,0,0,0,0,0,0,0,0,0,0,0,0,0,0,0,0,0,0,0,0,0,0,0,0,0,0,0,0,0,0,0,10,0,0,0,0,0,0,0,47,0,0,0,0,94,0,0,0,0,0,0,0,0,0,0,0,0,0,0,0,0,0,0,0,0,0,0,0,0,0,0,0,0,0,0,0,0,0,0,0,0,0,0,13.45,0,0,0,0,0,0,0,0,0,0,0,0,0,0,0,0,0,0,0,0,0,0,0,0,0,0,0,0,0,0,0,0,0,0,0,0,0,0,0,0,0,0,0,0,0,173.85
,,,,Professional Fees,0,0,0,0,0,60,0,0,0,0,0,0,0,0,0,0,0,1025.59,0,0,0,0,0,0,0,0,0,0,0,0,0,0,0,140,0,0,0,1000,0,0,0,0,0,0,0,0,0,0,0,685,0,0,0,0,0,0,0,0,0,0,0,260,0,0,0,0,0,0,0,0,0,0,0,0,0,0,0,0,0,0,0,0,0,0,0,0,1910.81,0,0,0,0,0,0,0,0,0,0,0,0,0,0,0,0,0,0,0,0,0,0,0,0,0,0,0,0,0,0,495.63,0,0,0,0,0,0,0,0,0,0,0,0,0,0,0,0,0,0,0,0,0,5577.03
,,,,Publications and Printing,0,0,0,0,0,0,0,0,244.8,0,0,0,0,0,0,0,0,0,0,0,0,0,0,0,0,0,0,0,0,0,0,0,0,0,0,0,0,0,0,0,0,0,0,0,0,0,0,0,0,0,0,0,0,0,0,0,0,0,0,0,0,0,0,0,0,0,0,0,0,0,0,0,0,0,0,0,0,0,0,0,0,0,0,0,0,0,0,0,0,0,0,0,0,33.75,0,0,0,0,0,0,0,0,0,0,0,0,0,0,128.94,0,0,0,0,0,0,0,0,40.95,0,0,127.15,0,0,0,0,0,0,0,120,0,0,0,0,0,0,0,0,0,0,695.59
,,,Total PROFESSIONAL AND ADMIN,,-88.43,1546.51,37463.95,105.57,7308.14,3332.95,262.48,108.88,5827.15,18513.88,114.59,3187.74,-33.28,-14.19,301.3,9.74,1030.22,19407.9,37.84,277.09,603.64,492.59,-46.54,105.2,2201.61,206.47,240.31,912.1,1088.37,258.76,1864.82,-75.67,84.97,2478.75,286.46,-44.25,131.39,2158.42,311.05,752.94,64.5,485.21,273.6,57.68,-23.74,53.41,207.83,494.73,627.55,17513.96,224.39,405,946.51,3718.84,6986.25,221.42,238.18,613.36,124.91,48.43,551.32,8093.36,1012.39,4283.69,8.13,277.38,-5.13,360.46,214.01,150.04,2406.23,402.91,520.13,88.42,1320.28,7532.57,623.35,4564.73,246.7,21994.27,-48.89,2501.74,336.1,4506.91,7473.28,5373.4,4103.66,451.69,83.31,-51.68,183.55,4707.56,238.57,229.89,89.91,543.61,9906.98,340.14,480.44,293.87,796.36,-46.56,1782.02,89.75,2645.19,113.26,474.39,586.51,1784.9,86.19,-15.6,298.83,-32.6,1843.18,-5.13,4117.25,180.55,466.04,110.61,35.61,504.61,298,123.92,-8.53,65.39,487.08,118.08,98.94,11053.53,19556.88,-73.34,-269.18,-62.38,5962.96,2165.88,0,0,0,0,297715.31
,,,RENT.,,,,,,,,,,,,,,,,,,,,,,,,,,,,,,,,,,,,,,,,,,,,,,,,,,,,,,,,,,,,,,,,,,,,,,,,,,,,,,,,,,,,,,,,,,,,,,,,,,,,,,,,,,,,,,,,,,,,,,,,,,,,,,,,,,,,,,,,,,,,,
,,,,Rent,0,7926.96,139290.32,0,0,0,0,0,0,489258.48,7200,80986.46,0,0,0,85943.25,0,308999.97,0,0,0,140400,6649,0,31950,0,0,10,0,0,0,3814,0,0,6300,0,0,234956.1,2400,5480,0,4944,0,23400,2400,0,0,0,3994.64,59916,0,0,0,177675.03,77249.97,0,2700,0,0,0,0,170462.79,34762.5,90000,0,0,0,38625.03,0,0,104387.72,0,0,0,7450,0,0,0,0,0,0,3417.12,21647,386250.03,91036.53,0,80364.36,0,0,1510,0,30899.97,0,0,105000.03,7704,146774.97,7200,1100,0,0,0,38625.03,0,49848.57,0,0,0,0,0,0,0,0,19312.47,0,18850,200,0,0,0,259,0,0,0,0,318269.97,3438,0,333431.17,312699.97,0,0,0,100498.52,55800,0,0,0,0,4483668.93
,,,,Storage Unit,3021,0,4448.72,0,0,1590,0,789.46,0,372.6,0,0,0,0,0,0,1228.06,0,0,810,1861,0,600,0,0,680,0,1684.55,540,0,0,2529,854,770.08,540,0,569.7,0,630,1095,0,0,1153,0,153,0,405,2977,0,1017.33,1260,660,0,0,0,999.24,540,866.5,436.06,0,339,0,392,0,585,765,1230,894,0,1605,0,2602.84,898.65,738,1701,0,0,0,0,0,1309.6,1974.56,0,894.55,0,600,0,0,477,819,522,227.98,112.96,411.61,0,0,0,450,0,1349.5,0,0,0,0,0,0,0,0,0,508.8,192,0,0,0,381.6,0,0,120,1287.09,0,2100.17,657,0,0,0,294,0,1674,953.2,2024,1740,0,1161,0,540,0,0,0,0,69612.41
,,,Total RENT.,,3021,7926.96,143739.04,0,0,1590,0,789.46,0,489631.08,7200,80986.46,0,0,0,85943.25,1228.06,308999.97,0,810,1861,140400,7249,0,31950,680,0,1694.55,540,0,0,6343,854,770.08,6840,0,569.7,234956.1,3030,6575,0,4944,1153,23400,2553,0,405,2977,3994.64,60933.33,1260,660,0,177675.03,77249.97,999.24,3240,866.5,436.06,0,339,170462.79,35154.5,90000,585,765,1230,39519.03,0,1605,104387.72,2602.84,898.65,738,9151,0,0,0,0,0,1309.6,5391.68,21647,387144.58,91036.53,600,80364.36,0,477,2329,522,31127.95,112.96,411.61,105000.03,7704,146774.97,7650,1100,1349.5,0,0,38625.03,0,49848.57,0,0,0,0,508.8,192,0,0,19312.47,381.6,18850,200,120,1287.09,0,2359.17,657,0,0,0,318563.97,3438,1674,334384.37,314723.97,1740,0,1161,100498.52,56340,0,0,0,0,4553281.34
,,,SUPPLIES.,,,,,,,,,,,,,,,,,,,,,,,,,,,,,,,,,,,,,,,,,,,,,,,,,,,,,,,,,,,,,,,,,,,,,,,,,,,,,,,,,,,,,,,,,,,,,,,,,,,,,,,,,,,,,,,,,,,,,,,,,,,,,,,,,,,,,,,,,,,,,
,,,,Cleaning Supplies - House,0,0,3296.49,0,0,0,0,0,341.07,2138.76,35.23,69.4,0,0,0,0,0,554.34,0,0,0,0,0,0,0,0,93.48,0,0,0,0,0,0,0,42.92,0,0,1122.49,0,0,0,0,0,0,0,0,0,0,0,783.93,0,167.9,0,2172.64,131.66,0,0,0,0,0,0,23.3,0,954.77,0,0,0,0,0,0,74.92,0,0,0,0,365.98,0,111.21,0,122.39,0,0,0,1315.54,0,1053.29,0,0,0,0,0,0,0,451.84,1440.99,0,0,0,0,0,0,0,164,0,0,0,0,0,0,0,0,0,0,1159.61,0,0,0,0,0,0,0,0,0,0,0,50.69,0,0,1994.07,402.55,0,1984.44,0,0,0,0,0,0,0,22619.9
,,,,Kitchen Supplies,0,0,3260.82,0,1234.55,0,0,0,6784.2,3356.19,464.77,0,0,0,0,158.98,0,1472.04,0,0,0,599.58,0,0,0,0,0,0,0,0,0,0,0,0,0,0,0,1119.36,0,0,0,0,0,0,0,0,0,0,0,13107.51,0,27.75,0,8581.37,78.68,0,0,0,0,0,0,4507.91,0,962.97,0,0,0,0,0,0,0,0,0,0,0,7184.04,0,12428.35,0,12005.3,0,0,0,3140.23,5091.43,5378.69,0,0,0,0,0,0,0,0,3569.93,0,1017,0,0,0,0,0,613.1,0,525.59,0,0,0,0,0,0,0,0,316.87,0,0,0,0,0,0,0,0,0,0,0,8042.22,0,0,11896.26,14578.31,0,8231.65,0,54.18,0,0,0,0,0,139789.83
,,,,Supplies,0,0,0,0,0,0,0,0,0,0,0,0,0,0,0,0,0,0,0,0,0,0,0,0,0,0,0,0,0,0,0,0,0,0,0,0,0,0,0,0,0,0,0,0,0,0,0,0,0,0,0,0,0,0,0,0,0,0,0,0,0,0,0,0,0,0,0,0,0,0,0,0,0,0,0,0,0,0,0,0,0,0,0,0,0,0,0,0,0,0,0,0,0,0,0,0,0,0,0,0,0,0,0,0,0,0,0,0,0,0,0,0,0,0,0,0,0,0,0,0,0,0,0,0,0,-64.07,0,0,0,0,0,0,0,0,0,0,0,0,0,-64.07
,,,Total SUPPLIES.,,0,0,6557.31,0,1234.55,0,0,0,7125.27,5494.95,500,69.4,0,0,0,158.98,0,2026.38,0,0,0,599.58,0,0,0,0,93.48,0,0,0,0,0,0,0,42.92,0,0,2241.85,0,0,0,0,0,0,0,0,0,0,0,13891.44,0,195.65,0,10754.01,210.34,0,0,0,0,0,0,4531.21,0,1917.74,0,0,0,0,0,0,74.92,0,0,0,0,7550.02,0,12539.56,0,12127.69,0,0,0,4455.77,5091.43,6431.98,0,0,0,0,0,0,0,451.84,5010.92,0,1017,0,0,0,0,0,777.1,0,525.59,0,0,0,0,0,0,0,0,1476.48,0,0,0,0,0,0,0,0,0,0,0,8028.84,0,0,13890.33,14980.86,0,10216.09,0,54.18,0,0,0,0,0,162345.66
,,,TRAVEL.,,,,,,,,,,,,,,,,,,,,,,,,,,,,,,,,,,,,,,,,,,,,,,,,,,,,,,,,,,,,,,,,,,,,,,,,,,,,,,,,,,,,,,,,,,,,,,,,,,,,,,,,,,,,,,,,,,,,,,,,,,,,,,,,,,,,,,,,,,,,,
,,,,Travel,0,0,719.53,0,294.47,947.05,0,0,976.7,761.63,0,0,0,0,0,0,0,244.47,0,0,0,0,0,0,0,0,317.98,0,0,0,0,0,0,0,0,0,0,966.68,113.44,0,0,0,0,0,0,0,0,0,0,0,0,0,0,621.59,1044.12,0,0,0,0,0,25.45,278.84,0,0,0,0,0,828.77,0,0,0,0,0,0,0,239.53,0,0,0,635.82,0,0,0,542.67,740.3,647.62,0,0,0,0,0,0,0,0,244.47,0,606.67,0,0,0,0,0,0,0,528.18,0,0,0,0,0,0,0,0,896.5,0,0,0,0,0,0,0,0,0,0,0,993.9,0,0,623.08,988.54,0,863.75,0,816.9,0,0,0,0,0,17508.65
,,,Total TRAVEL.,,0,0,719.53,0,294.47,947.05,0,0,976.7,761.63,0,0,0,0,0,0,0,244.47,0,0,0,0,0,0,0,0,317.98,0,0,0,0,0,0,0,0,0,0,966.68,113.44,0,0,0,0,0,0,0,0,0,0,0,0,0,0,621.59,1044.12,0,0,0,0,0,25.45,278.84,0,0,0,0,0,828.77,0,0,0,0,0,0,0,239.53,0,0,0,635.82,0,0,0,542.67,740.3,647.62,0,0,0,0,0,0,0,0,244.47,0,606.67,0,0,0,0,0,0,0,528.18,0,0,0,0,0,0,0,0,896.5,0,0,0,0,0,0,0,0,0,0,0,993.9,0,0,623.08,988.54,0,863.75,0,816.9,0,0,0,0,0,17508.65
,,,UTILITIES.,,,,,,,,,,,,,,,,,,,,,,,,,,,,,,,,,,,,,,,,,,,,,,,,,,,,,,,,,,,,,,,,,,,,,,,,,,,,,,,,,,,,,,,,,,,,,,,,,,,,,,,,,,,,,,,,,,,,,,,,,,,,,,,,,,,,,,,,,,,,,
,,,,Alarm System-Monthly Monitoring,0,660,0,0,0,600,0,0,600,664.22,0,0,0,0,0,0,0,237.83,0,0,0,691.74,0,0,0,0,0,0,0,0,0,0,0,0,0,0,0,540,0,0,0,0,0,0,0,0,0,0,0,0,0,0,0,1032,520.15,0,0,0,0,0,0,0,344.12,0,0,0,0,0,0,0,0,0,0,0,0,324.48,0,0,0,1044.32,0,0,0,0,644.56,0,0,0,0,0,0,239.7,0,0,132,0,735.41,0,0,0,0,0,522.44,0,394.2,0,0,0,0,0,0,0,0,240,0,0,0,149.97,0,0,0,0,0,0,0,765,0,0,893.58,623.4,0,0,0,300,0,0,0,0,0,12899.12
,,,,Cable,0,1873.78,4080,0,2109.49,1380.34,0,0,737.85,1302.96,0,150.46,0,0,0,1023.41,0,966.61,0,0,0,1399.11,0,0,683.43,0,1070.38,0,0,0,0,240,0,0,549.43,0,0,900.49,0,0,0,0,0,1212.01,0,981.11,0,0,0,6556.66,0,0,0,1249.8,857.12,0,0,648.59,0,0,0,1619.51,210.8,1735.57,0,640.64,0,1161.66,0,0,797.55,0,0,0,0,1074.96,0,1045.98,0,4304.4,0,1480.11,0,341,3909.36,2911.8,1435.63,0,0,0,0,856.79,0,0,1042.81,0,1405.21,0,0,0,0,0,2946.02,0,566.32,0,0,0,1091.22,0,0,0,0,584.48,0,0,0,52.48,0,0,0,0,0,0,0,2020.29,0,0,7019.28,2025.01,0,1249.79,0,906.03,1346.06,0,0,0,0,75753.79
,,,,Circuit and Alarm,0,836.86,8554.2,0,1644,1133.41,0,0,2506,2446.99,0,0,0,0,0,1389.8,0,3420.9,0,0,0,0,0,0,0,0,0,578.5,0,0,0,0,0,0,0,0,0,0,0,0,0,0,0,0,0,0,0,0,0,2446.43,0,0,0,4360.44,0,0,0,0,0,0,0,17.5,0,597.19,0,0,0,0,0,0,0,0,0,0,0,515.9,0,0,0,6247.99,0,79.24,0,5666.36,1257.29,147,350,0,0,0,0,0,0,0,375.4,0,2215.21,0,0,0,0,0,331.74,0,0,0,0,0,325.33,0,0,0,0,157.62,0,0,0,6229.75,0,0,0,0,0,0,0,1282.32,0,0,2484.15,0,0,0,0,330,0,0,0,0,0,57927.52
,,,,Electricity,0,3488.9,19598.85,0,7908.65,10779,0,0,5701.39,18021.34,0,2552.06,0,0,0,4730.37,0,52238.93,0,0,0,10809.57,0,0,1413.05,0,0,997.36,0,0,0,0,0,0,0,0,0,11627.17,0,0,0,0,0,2200.26,0,0,0,0,0,17392.83,0,0,0,9270.35,8920.5,0,0,369.95,0,0,0,17756.02,1223.68,7606.71,0,0,0,2208.62,0,0,4922.91,0,0,0,0,30663.63,0,0,0,9811.08,0,2821.29,0,12014,9232.06,25200.05,349.68,0,0,0,0,2543.02,0,0,13091.11,0,11006.1,0,0,0,0,0,6775.89,0,2366.13,0,0,0,1199.74,0,0,0,0,1374.04,0,0,0,813.03,0,0,0,0,0,0,0,6923.2,0,0,15999.67,33320.56,0,8924.9,0,7428.41,4262.79,0,0,0,0,427858.85
,,,,Gas,0,459.9,3237.54,0,4395.47,566.63,0,0,4329.42,2744.21,0,1341.1,0,0,0,2449.45,0,4136.46,0,0,0,806.07,0,0,670.14,0,0,0,0,0,0,0,0,0,0,0,0,2060.29,0,0,0,0,0,601.64,0,0,0,0,0,1421.45,0,0,0,5817.61,2773.84,0,0,314.68,0,0,0,520,524.55,1147.79,0,0,0,439.02,0,0,1284.73,0,0,0,0,2287.32,0,0,0,679.88,0,1351.34,0,2077.67,3419.12,2822.2,4119.37,0,0,0,0,1123,0,0,7128.33,0,4727.71,0,0,0,0,0,2444.54,0,2018.42,0,0,0,567.45,0,0,0,0,2196.94,0,0,0,0,0,0,0,0,0,0,0,3739.8,0,0,2640.64,2695.04,0,678.25,0,2408.28,1963.06,0,0,0,0,93130.35
,,,,House Phone,0,601.56,2366.36,0,2462.15,62.95,0,0,509.34,1165.73,0,0,0,0,0,-681.56,0,0,0,0,0,1408.44,0,0,0,0,0,445.72,0,0,0,0,0,0,0,0,0,1244.66,0,0,0,0,0,0,0,0,0,0,0,5334.4,0,0,0,4303.34,1304.88,0,0,0,0,0,0,680.67,1447.53,0,0,0,0,498.64,0,0,0,0,0,0,0,1971.38,0,0,0,0,0,0,0,0,690.03,0,0,0,0,0,0,563.32,0,0,680.93,0,1236.81,0,0,0,0,0,190.3,0,0,0,0,0,0,0,0,0,0,1458.56,0,0,0,51.4,0,0,0,0,0,0,0,906.73,0,0,468.09,4777.05,0,1077.49,0,0,0,0,0,0,0,37226.9
,,,,Internet,0,699.75,1925,0,9000,3344.39,0,0,1459.79,1519.2,0,1253.55,0,0,0,1810.17,0,2123.4,0,0,0,3059.91,0,0,1406.34,0,1352.06,919.6,0,0,0,0,0,0,431.91,0,0,2354.2,0,0,0,0,0,889.98,0,686.5,0,0,0,806.39,0,0,0,9480.99,2678.89,0,0,691.2,0,0,0,4549.5,1406.52,2360,0,0,0,224.91,0,0,4246.2,0,0,0,0,822.82,0,0,0,2242.51,0,340.18,0,3149.55,3917.79,0,2504.72,0,0,0,0,629.82,0,0,2337.95,0,1919.84,0,0,0,0,0,5381.81,0,1425,0,0,0,463,0,0,0,0,852.54,0,0,0,79.99,0,0,0,0,0,0,0,2327.05,0,0,2294.55,0,0,5850,0,2297.35,1266.68,0,0,0,0,100783.5
,,,,Recycling,0,0,0,0,370.39,0,0,0,515,357.99,0,0,0,0,0,0,0,0,0,0,0,0,0,0,0,0,0,0,0,0,0,0,0,0,0,0,0,2852.17,0,0,0,0,0,0,0,0,0,0,0,0,0,0,0,924,0,0,0,0,0,0,0,0,0,0,0,0,0,0,0,0,0,0,0,0,0,0,0,0,0,0,0,0,0,0,0,0,0,0,0,0,0,0,0,0,0,0,0,0,0,0,0,0,0,0,0,0,0,0,0,0,0,0,0,0,0,0,0,0,0,0,0,0,0,0,0,0,0,0,0,0,0,140.76,0,0,0,0,0,0,0,5160.31
,,,,Security,0,0,28174.14,0,0,0,0,0,0,0,0,0,0,0,0,0,0,0,0,0,0,0,0,0,0,0,0,0,0,0,0,0,0,0,0,0,0,0,0,0,0,0,0,0,0,0,0,0,0,0,0,0,0,0,0,0,0,0,0,0,0,0,0,0,0,0,0,0,0,0,0,0,0,0,0,0,0,0,0,8499.56,0,0,0,0,0,0,0,0,0,0,0,0,0,0,0,0,0,0,0,0,0,0,0,0,0,0,0,0,0,0,0,0,0,0,0,0,0,0,0,0,0,0,0,0,0,0,0,0,0,0,0,0,0,0,0,0,0,0,0,36673.7
,,,,Telephone,0,0,0,0,0,0,0,0,0,0,0,0,0,0,0,1659.14,0,2486.44,0,0,0,0,0,0,0,0,0,0,0,0,0,0,0,0,0,0,0,0,0,0,0,0,0,268.15,0,0,0,0,0,0,0,0,0,0,0,0,0,0,0,0,0,697.64,0,0,0,1123.84,0,0,0,0,0,0,0,0,0,0,0,0,0,4843.95,0,0,0,458.09,2183.74,0,667.16,0,0,0,0,0,0,0,0,0,0,0,0,0,0,0,0,0,1175.5,0,0,0,0,0,0,0,0,0,0,0,0,0,0,0,0,0,0,0,0,0,0,0,911.78,0,0,0,0,0,0,0,0,0,0,16475.43
,,,,Trash removal,0,695.43,65.09,0,3275.45,457.38,0,0,1150.54,3169.92,0,1125.94,0,0,0,879,0,2028.92,0,0,0,1800,0,149,558.02,0,0,0,0,0,0,0,0,0,0,0,0,5423.15,0,0,0,0,0,0,0,0,0,0,0,2537.37,0,0,0,3194.21,6988.84,0,0,0,0,0,0,1917.09,0,3508.66,0,0,0,1288.55,0,0,0,0,0,0,0,4395.26,0,0,0,905,0,0,0,5010.65,2623.76,0,0,0,0,0,0,116,0,0,6231.89,0,14683.88,0,0,0,0,1887.32,1796.03,0,969.38,0,0,0,452.7,0,0,0,0,1347.06,0,0,0,0,0,0,0,0,0,0,0,7307.64,0,0,1412.02,5177.43,0,2256.6,0,362.59,0,0,0,0,0,97147.77
,,,,Water and sewer,0,806.35,4097.03,0,3679.02,2070.99,0,0,3817.41,8174.06,0,2612.17,0,0,0,2435.1,0,8326.99,0,0,0,3579.08,0,0,2434.4,0,0,390.27,0,0,0,0,0,0,0,0,0,2316.32,0,0,0,0,0,641.08,0,0,0,0,0,12526.88,0,0,0,4928.64,3815.67,0,0,0,0,0,0,7001.59,295.43,548.1,0,0,0,667.47,0,0,830.47,0,0,0,0,7653.86,0,0,0,747.05,0,6371.77,0,6540.5,3519.18,9818.45,652.46,0,0,0,0,233.6,0,0,8725.08,0,4812.96,0,0,0,0,0,4720.95,0,0,0,0,0,957.93,0,0,0,0,1539.33,0,0,0,0,0,0,0,0,0,0,0,15649.19,0,0,4312.02,8085.95,0,2971.41,0,1822.85,972.57,0,0,0,0,166101.63
,,,,UTILITIES. - Other,0,0,0,0,0,0,0,0,0,0,0,0,0,0,0,0,0,0,0,0,0,0,0,0,0,0,0,0,0,0,0,0,0,0,0,0,0,0,0,0,0,0,0,0,0,0,0,0,0,0,0,0,0,0,0,0,0,0,0,0,0,0,0,0,0,0,0,0,0,0,0,0,0,0,0,0,0,0,0,0,0,0,0,0,0,0,0,0,0,0,0,0,0,0,0,0,0,0,0,0,0,0,0,0,0,0,0,0,0,0,0,0,0,0,0,0,0,0,0,0,0,0,0,0,0,0,0,0,0,0,0,0,0,0,0,0,0,0,0,0
,,,Total UTILITIES.,,0,10122.53,72098.21,0,34844.62,20395.09,0,0,21326.74,39566.62,0,9035.28,0,0,0,15694.88,0,75966.48,0,0,0,23553.92,0,149,7165.38,0,2422.44,3331.45,0,0,0,240,0,0,981.34,0,0,29318.45,0,0,0,0,0,5813.12,0,1667.61,0,0,0,49022.41,0,0,0,44561.38,27859.89,0,0,2024.42,0,0,0,34759.52,5452.63,17504.02,0,1764.48,0,6488.87,0,0,12081.86,0,0,0,0,49709.61,0,1045.98,0,39325.74,0,12443.93,0,35257.82,31396.89,40899.5,10079.02,0,0,0,0,6305.25,0,0,39745.5,0,42743.13,0,0,0,0,1887.32,25109.72,0,8914.95,0,0,0,5057.37,0,0,0,0,9750.57,0,0,0,7376.62,0,0,0,0,0,0,0,40921.22,0,0,38435.78,56704.44,0,23149.2,0,15855.51,9811.16,0,0,0,0,1127138.87
,,,Z Contra Account,,0,0,-5534,0,0,-4110,0,0,0,0,0,0,0,0,0,0,0,-4207.34,0,0,0,-1952.3,0,0,0,0,0,-2297.53,0,-2907.56,0,0,0,0,0,0,0,-13668.75,0,0,0,0,0,0,0,0,0,0,0,-6723,0,0,0,0,0,0,0,-10308.87,0,0,0,0,-4250,0,0,0,0,0,0,0,0,0,0,0,0,0,0,-2343.64,0,0,0,0,0,0,0,0,0,0,0,0,0,0,0,0,0,0,0,0,0,0,0,-20000,2328.82,0,0,0,0,0,0,0,-3301.2,0,0,0,0,0,0,0,0,0,0,0,0,0,0,0,0,0,-15000,0,0,-7900,0,0,0,0,0,0,0,-102175.37
,,Total Expense,,,-30309.4,54224.87,1165425.31,2309.57,395326.16,146259.51,5295.87,515.75,329707.25,1135246.37,22592.09,163503.33,2667.55,961.74,7325.04,322267.29,17716.78,833838.79,1221.16,2661.04,10784.69,339158.37,12832.78,1753.13,84199.82,5265.57,14518.74,33434.69,43488.57,3154.07,15038.3,12533.13,2156.77,12273.09,12160.24,3520.25,4895.92,538981.88,12294.96,16935.71,2633.9,11823.58,13494.29,46433.02,5246.54,2185.4,3103.19,6961.76,10772.91,735220.21,7639.17,5279.56,9564,622778.75,403048.11,4382.83,7796.32,10328.31,1980.19,3007.38,5392.77,560188.49,61657.53,252849.08,1052.31,18141.39,2583.1,75238.92,2735.15,5193.16,145104.4,7734.3,1536.72,5033.3,29620.88,549606.85,3971.97,187100.45,5152.37,670408.92,6875.35,107270.21,28662.36,699851.07,399119.56,353395.6,199977.46,413.44,2518.23,6851.73,2361.35,96104.29,2146.94,5122.72,452631.67,16890.5,480800.99,12425.75,10973.82,4693.43,17587.69,16814.14,257824.02,5846.92,152496.46,1501.71,4713.33,17660.24,59127.4,2002.75,2001.78,4211.22,5735.07,90265.8,1459.13,31858.47,3303.42,49087.29,5428.36,871.58,7183.85,7956.01,2188.64,2089.91,5366.55,703346.48,3947.43,3539.26,805598.18,1002272.85,5968.85,436996.16,4456.86,259129.83,107079.06,270,0,0,38645.08,17277036.48
Net Income,,,,,30321.29,21426.85,763776.84,3983.66,-35047.9,70676.82,5587.74,6911.96,-74016.8,-131903.11,-8548.39,-18981.88,1334.43,3324.22,2974.96,23016.63,39737.17,63448.75,19718.84,10149.76,21614.11,-41302.95,695.6,4775.16,45985.22,4989.86,-2692.19,10385.62,7270.52,11452.63,79788.06,31394.77,3842.28,94133.3,4079.21,13858.44,6846,-88482.37,5817.78,14284.79,2703.01,9865.18,-2416.44,27696.08,8009.4,1303.61,6151.9,13212.43,19189.35,65038.19,2569.42,12341.22,42097.9,24143.74,43170.74,5076.97,8547.71,20792.04,3594.04,3647.79,29847.73,-125205.66,-969.95,-5453.11,989.13,-4181.31,2170.36,14708.85,10152.06,3056.67,44305.21,10859.02,18601.88,-1203.54,36813.43,155056.96,28685.66,21571.31,9870.01,571233.16,8096.88,-8511.96,-7088.64,61455.9,100630.98,26240.09,-116761.12,21013.56,1611.29,11757.96,6293.56,-14297.83,6441.52,7741.6,173686.16,10703.25,-47288.85,5705.36,12983.71,9737.85,18087.47,27445.81,-10955.28,-180.25,11119.24,4777.52,15545.89,73011.9,7809.39,4786.88,2421.81,13095.08,5886.44,-21986.36,3978.03,143695.47,5834.33,245465.2,1968.4,429.61,9682,10364.32,3544.15,22424.66,-355.97,171066.06,6084.73,7735.13,-196659.96,-62832.06,12665.34,-33363.69,12805.49,38916.61,-459.39,-270,0,1679.01,-34841.18,2954842.93
