Alpha Omicron Pi Corporations,,,,,,,,,,,,,,,,,,,,,,,,,,,,,,,,,,,,,,,,,,,,,,,,,,,,,,,,,,,,,,,,,,,,,,,,,,,,,,,,,,,,,,,,,,,,,,,,,,,,,,,,,,,,,,,,,,,,,,,,,,,,,,,,,,,,,,,,,
Forecast,,,,,,,,,,,,,,,,,,,,,,,,,,,,,,,,,,,,,,,,,,,,,,,,,,,,,,,,,,,,,,,,,,,,,,,,,,,,,,,,,,,,,,,,,,,,,,,,,,,,,,,,,,,,,,,,,,,,,,,,,,,,,,,,,,,,,,,,,
2017,,,,,,,,,,,,,,,,,,,,,,,,,,,,,,,,,,,,,,,,,,,,,,,,,,,,,,,,,,,,,,,,,,,,,,,,,,,,,,,,,,,,,,,,,,,,,,,,,,,,,,,,,,,,,,,,,,,,,,,,,,,,,,,,,,,,,,,,,0
,,,,,Alpha,Alpha Chi,Alpha Delta,Alpha Epsilon,Alpha Gamma,Alpha Lambda,Alpha Mu,Alpha Nu,Alpha Phi,Alpha Pi,Alpha Psi,Alpha Rho,Alpha Theta,Beta Chi,Beta Eta,Beta Gamma,Beta Nu,Beta Phi,Beta Sigma,Beta Upsilon,Beta Zeta,Chi Epsilon,Chi Lambda,Chi Phi,Chi Psi,Chi Theta,Delta,Delta Beta,Delta Delta,Delta Epsilon,Delta Kappa,Delta Lambda,Delta Nu,Delta Omega,Delta Pi,Delta Rho,Delta Sigma,Delta Tau,Delta Theta,Delta Xi,Epsilon Alpha,Epsilon Chi,Epsilon Gamma,Epsilon Omega,Epsilon Sigma,Gamma,Gamma Alpha,Gamma Delta,Gamma Omicron,Gamma Phi,Gamma Sigma,Gamma Theta,Iota,Iota Sigma,Iota Theta,Kappa Alpha,Kappa Chi,Kappa Delta,Kappa Gamma,Kappa Kappa,Kappa Omega,Kappa Omicron,Kappa Rho,Kappa Sigma,Kappa Tau,Lambda Alpha,Lambda Beta,Lambda Chi,Lambda Delta,Lambda Eta,Lambda Iota,Lambda Omicron,Lambda Rho,Lambda Sigma,Lambda Tau,Lambda Upsilon,Mu Lambda,Nu Beta,Nu Omega,Nu Omicron,Omega,Omega Sigma,Omega Upsilon,Omicron,Omicron Pi,Phi Beta,Phi Chi,Phi Delta,Phi Gamma,Phi Lambda,Phi Sigma,Phi Upsilon,Pi Alpha,Pi Delta,Pi Omicron,Pi Theta,Rho Beta,Rho Delta,Rho Omicron,Sigma Alpha,Sigma Beta,Sigma Chi,Sigma Delta,Sigma Gamma,Sigma Omicron,Sigma Phi,Sigma Rho,Sigma Tau,Sigma Theta,Tau Delta,Tau Gamma,Tau Lambda,Tau Omega,Tau Omicron,Texas A & M,Theta Beta,Theta Chi,Theta Iota,Theta Omega,Theta Pi,Theta Psi,Theta Sigma,Upsilon,Upsilon Beta,Upsilon Lambda,Xi,Xi Omicron,Xi Rho,Zeta,Zeta Pi,Zeta Psi,Zeta Theta,TOTAL
,,Income,,,,,,,,,,,,,,,,,,,,,,,,,,,,,,,,,,,,,,,,,,,,,,,,,,,,,,,,,,,,,,,,,,,,,,,,,,,,,,,,,,,,,,,,,,,,,,,,,,,,,,,,,,,,,,,,,,,,,,,,,,,,,,,,,,,,,,,
,,,CONTRACT FEES,,,,,,,,,,,,,,,,,,,,,,,,,,,,,,,,,,,,,,,,,,,,,,,,,,,,,,,,,,,,,,,,,,,,,,,,,,,,,,,,,,,,,,,,,,,,,,,,,,,,,,,,,,,,,,,,,,,,,,,,,,,,,,,,,,,,,,
,,,,Contract Deposit,0,5500,19000,0,20000,7000,0,0,17000,0,0,2000,0,0,0,15500,0,52413,,0,0,16500,0,0,2500,0,0,0,0,0,0,0,0,0,0,0,23000,0,0,0,0,0,5500,0,0,0,0,0,22500,0,0,0,30550,27000,0,0,0,0,0,0,24500,0,15500,0,0,0,4500,0,0,12000,0,0,0,33000,0,0,0,27000,0,3000,0,33250,26000,24500,,0,0,0,0,0,0,25750,0,23000,0,0,0,0,0,15600,0,9900,0,0,0,500,0,0,0,0,6000,0,0,0,,0,0,0,0,0,0,,25450,0,0,24000,38750,0,28500,0,12500,0,679162.89
,,,,CONTRACT FEES - Other,0,0,0,0,0,0,0,0,0,0,0,0,0,0,0,0,0,0,,0,0,0,0,0,0,0,0,0,0,0,0,0,0,0,0,0,0,0,0,0,0,0,0,0,0,0,0,0,0,0,0,0,0,0,0,0,0,0,0,0,0,0,0,0,0,0,0,0,0,0,0,0,0,0,0,0,0,0,0,0,0,0,0,0,,0,0,0,0,0,0,0,0,0,0,0,0,0,0,0,0,0,0,0,0,0,0,0,0,0,0,0,0,0,,0,0,0,0,0,0,,0,0,0,0,0,0,0,0,0,0,0
,,,Total CONTRACT FEES,,0,5500,19000,0,20000,7000,0,0,17000,0,0,2000,0,0,0,15500,0,52413,0,0,0,16500,0,0,2500,0,0,0,0,0,0,0,0,0,0,0,23000,0,0,0,0,0,5500,0,0,0,0,0,22500,0,0,0,30550,27000,0,0,0,0,0,0,24500,0,15500,0,0,0,4500,0,0,12000,0,0,0,33000,0,0,0,27000,0,3000,0,33250,26000,24500,0,0,0,0,0,0,0,25750,0,23000,0,0,0,0,0,15600,0,9900,0,0,0,500,0,0,0,0,6000,0,0,0,0,0,0,0,0,0,0,0,25450,0,0,24000,38750,0,28500,0,12500,0,679162.89
,,,DEVELOPMENT FEES,,,,,,,,,,,,,,,,,,,,,,,,,,,,,,,,,,,,,,,,,,,,,,,,,,,,,,,,,,,,,,,,,,,,,,,,,,,,,,,,,,,,,,,,,,,,,,,,,,,,,,,,,,,,,,,,,,,,,,,,,,,,,,,,,,,,,,
,,,,Development Fees,55200,46100,1340077,3600,53249,193150,10800,10300,30807,773900,16685,84900,4700,3700,8200,98325,46000,32108,10000,11200,21600,112880,10400,3500,104900,7600,35520,43854,26700,8800,37400,4700,93600,17000,14700,12800,156400,9100,32806,5200,14500,13600,18150,8400,2404,7100,11500,16886,655712,12100,9962,61187,174781,101157,16700,13900,32610,5900,7300,28700,204971,79219,37319,2300,11100,4800,80425,13313,7200,67200,21400,3600,55300,360526,26700,118502,8658,1039839,13100,74236,34200,409000,78911,295000,206250,4500,13600,6900,78120,9800,11700,197225,33800,89044,13700,26700,11100,27621,49588,90338,7000,14640,4500,12900,109200,47305,5500,6800,18100,8200,38853,5700,9600,73200,225000,9200,1600,26800,14200,5500,20500,13000,52269,5600,8200,366301,432317,19400,95011,11800,132742,50100,10572850.86
,,,,DEVELOPMENT FEES - Other,0,0,0,0,0,0,0,0,0,0,0,0,0,0,0,0,0,0,0,0,0,0,0,0,0,0,0,0,0,0,0,0,0,0,0,0,0,0,0,0,0,0,0,0,0,0,0,0,0,0,0,0,0,0,0,0,0,0,0,0,0,0,0,0,0,0,0,0,0,0,0,0,0,0,0,0,0,0,0,0,0,0,0,0,0,0,0,0,0,0,0,0,0,0,0,0,0,0,0,0,0,0,0,0,0,0,0,0,0,0,0,0,0,0,0,0,0,0,0,0,0,0,0,0,0,0,0,0,0,0,0,0,0
,,,Total DEVELOPMENT FEES,,55200,46100,1340077,3600,53249,193150,10800,10300,30807,773900,16685,84900,4700,3700,8200,98325,46000,32108,10000,11200,21600,112880,10400,3500,104900,7600,35520,43854,26700,8800,37400,4700,93600,17000,14700,12800,156400,9100,32806,5200,14500,13600,18150,8400,2404,7100,11500,16886,655712,12100,9962,61187,174781,101157,16700,13900,32610,5900,7300,28700,204971,79219,37319,2300,11100,4800,80425,13313,7200,67200,21400,3600,55300,360526,26700,118502,8658,1039839,13100,74236,34200,409000,78911,295000,206250,4500,13600,6900,78120,9800,11700,197225,33800,89044,13700,26700,11100,27621,49588,90338,7000,14640,4500,12900,109200,47305,5500,6800,18100,8200,38853,5700,9600,73200,225000,9200,1600,26800,14200,5500,20500,13000,52269,5600,8200,366301,432317,19400,95011,11800,132742,50100,10572850.86
,,,G/L on disposal of asset,,0,0,0,0,0,0,0,0,0,0,0,0,0,0,0,0,0,0,,0,0,0,0,0,0,0,0,0,0,0,0,0,0,0,0,0,0,0,0,0,0,0,0,0,0,0,0,0,0,0,0,0,0,0,0,0,0,0,0,0,0,0,0,0,0,0,0,0,0,0,0,0,0,0,0,0,0,0,0,0,0,0,0,0,,0,0,0,0,0,0,0,0,0,0,0,0,0,0,0,0,0,0,0,0,0,0,0,0,0,0,0,0,0,,0,0,0,0,0,0,,0,0,0,0,0,0,0,0,0,0,0
,,,G/L on fair value int swap,,0,0,0,0,0,0,0,0,0,0,0,0,0,0,0,0,0,0,0,0,0,0,0,0,0,0,0,0,0,0,0,0,0,0,0,0,0,0,0,0,0,0,0,0,0,0,0,0,0,0,0,0,0,0,0,0,0,0,0,0,0,0,0,0,0,0,0,0,0,0,0,0,0,0,0,0,0,0,0,0,0,0,0,0,0,0,0,0,0,0,0,0,0,0,0,0,0,0,0,0,0,0,0,0,0,0,0,0,0,0,0,0,0,0,0,0,0,0,0,0,0,0,0,0,0,0,0,0,0,0,0,0,0
,,,Gain on Sale of Property,,0,0,0,0,0,0,0,0,0,0,0,0,0,0,0,0,0,0,,0,0,0,0,0,0,0,0,0,0,0,0,0,0,0,0,0,0,0,0,0,0,0,0,0,0,0,0,0,0,0,0,0,0,0,0,0,0,0,0,0,0,0,0,0,0,0,0,0,0,0,0,0,0,0,0,0,0,0,0,0,0,0,0,0,,0,0,0,0,0,0,0,0,0,0,0,0,0,0,0,0,0,0,0,0,0,0,0,0,0,0,0,0,0,,0,0,0,0,0,0,,0,0,0,0,0,0,0,0,0,0,0
,,,OTHER INCOME,,,,,,,,,,,,,,,,,,,,,,,,,,,,,,,,,,,,,,,,,,,,,,,,,,,,,,,,,,,,,,,,,,,,,,,,,,,,,,,,,,,,,,,,,,,,,,,,,,,,,,,,,,,,,,,,,,,,,,,,,,,,,,,,,,,,,,
,,,,Billhighway Income Posting,0,0,0,0,0,0,0,0,0,0,0,0,0,0,0,0,0,0,0,0,0,0,0,0,0,0,0,0,0,0,0,0,0,0,0,0,0,0,0,0,0,0,0,0,0,0,0,0,0,0,0,0,0,0,0,0,0,0,0,0,0,0,0,0,0,0,0,0,0,0,0,0,0,0,0,0,0,0,0,0,0,0,0,0,0,0,0,0,0,0,0,0,0,0,0,0,0,0,0,0,0,0,0,0,0,0,0,0,0,0,0,0,0,0,0,0,0,0,0,0,0,0,0,0,0,0,0,0,0,0,0,0,0
,,,,Building and Furnishing Fees,3750,10000,45325,1600,13780,17394,1893,2900,5000,51489,4400,12225,850,1600,2000,9825,9000,14900,1250,2400,12675,10950,3000,1400,26000,3100,8400,6625,20253,8250,12500,1600,1600,4500,4425,3600,3200,4883,3125,1000,5300,8400,2000,2700,600,2350,9600,7600,23250,1415,6100,18000,14310,9075,2900,3840,10300,2638,800,8800,23000,5200,8550,788,6450,1200,6000,1600,5150,11400,11393,1000,14083,30100,4800,3750,4317,67750,4725,9150,5800,32625,8903,12450,12500,1000,4100,3300,14100,0,3800,12874,6850,12900,3388,7600,4900,6448,4600,10560,2320,0,1800,8400,10800,6750,1200,1500,10760,4400,3000,1500,3240,3600,15000,5330,250,4850,7500,1400,3750,3250,15000,2300,3100,36338,57118,4188,44100,5250,17750,19150,1186640.25
,,,,Chapter Surplus,0,0,0,0,0,0,0,0,0,0,0,0,0,0,0,0,0,0,0,0,0,0,0,0,0,0,0,0,0,0,0,0,0,0,0,0,0,0,0,0,0,0,0,0,0,0,0,0,0,0,0,0,0,0,0,0,0,0,0,0,0,0,0,0,0,0,0,0,0,0,0,0,0,0,0,0,0,0,0,0,0,0,0,0,,0,0,0,0,0,0,0,0,0,0,0,0,0,0,0,0,0,0,0,0,0,0,0,0,0,0,0,0,0,,0,0,0,0,0,0,,0,0,0,0,0,0,0,0,0,0,0
,,,,Contract Deposit,0,0,0,0,0,0,0,0,0,0,0,0,0,0,0,0,0,0,0,0,0,0,0,0,0,0,0,0,0,0,0,0,0,0,0,0,0,0,0,0,0,0,0,0,0,0,0,0,0,0,0,0,0,0,0,0,0,0,0,0,0,0,0,0,0,0,0,0,0,0,0,0,0,0,0,0,0,0,0,0,0,0,0,0,,0,0,0,0,0,0,0,0,0,0,0,0,0,0,0,0,0,0,0,0,0,0,0,0,0,0,0,0,0,,0,0,0,0,0,0,,0,0,0,0,0,0,0,0,0,0,0
,,,,Corporation Dues,0,0,0,0,0,0,0,0,0,0,0,0,0,0,0,0,0,0,0,0,0,0,0,0,0,0,0,0,0,0,0,0,0,0,0,0,0,0,0,0,0,0,0,0,0,0,0,0,0,0,0,0,0,0,0,0,0,0,0,0,0,0,0,0,0,0,0,0,0,0,0,0,0,0,0,0,0,0,0,0,0,0,0,0,0,0,0,0,0,0,0,0,0,0,0,0,0,0,0,0,0,0,0,0,0,0,0,0,0,0,0,0,0,0,0,0,0,0,0,0,0,0,0,0,0,0,0,0,0,0,0,0,0
,,,,Damage Deposit,0,0,0,0,0,0,0,0,0,0,0,0,0,0,0,0,0,0,0,0,0,0,0,0,0,0,0,0,0,0,0,0,0,0,0,0,0,0,0,0,0,0,0,0,0,0,0,0,0,0,0,0,0,0,0,0,0,0,0,0,0,0,0,0,0,0,0,0,0,0,0,0,0,0,0,0,0,0,0,0,0,0,0,0,,0,0,0,0,0,0,0,0,0,0,0,0,0,0,0,0,0,0,0,0,0,0,0,0,0,0,0,0,0,,0,0,0,0,0,0,,0,0,0,0,0,0,0,0,0,0,0
,,,,Damage Income,0,0,0,0,0,0,0,0,0,0,0,0,0,0,0,0,0,0,0,0,0,0,0,0,0,0,0,0,0,0,0,0,0,0,0,0,0,0,0,0,0,0,0,0,0,0,0,0,0,0,0,0,0,0,0,0,0,0,0,0,0,0,0,0,0,0,0,0,0,0,0,0,0,0,0,0,0,0,0,0,0,0,0,0,,0,0,0,0,0,0,0,0,0,0,0,0,0,0,0,0,0,0,0,0,0,0,0,0,0,0,0,0,0,,0,0,0,0,0,0,,0,0,0,0,0,0,0,0,0,0,0
,,,,Empty Bed Fee - Corp Board,0,0,0,0,0,0,0,0,0,0,0,0,0,0,0,0,0,0,0,0,0,0,0,0,0,0,0,0,0,0,0,0,0,0,0,0,0,0,0,0,0,0,0,0,0,0,0,0,0,0,0,0,0,0,0,0,0,0,0,0,0,0,0,0,0,0,0,0,0,0,0,0,0,0,0,0,0,0,0,0,0,0,0,0,,0,0,0,0,0,0,0,0,0,0,0,0,0,0,0,0,0,0,0,0,0,0,0,0,0,0,0,0,0,,0,0,0,0,0,0,,0,0,0,0,0,0,0,0,0,0,0
,,,,Fundraising - other than Founda,0,0,0,0,0,0,0,0,0,0,0,0,0,0,0,0,0,0,0,0,0,0,0,0,0,0,0,0,0,0,0,0,0,0,0,0,0,0,0,0,0,0,0,0,0,0,0,0,0,0,0,0,0,0,0,0,0,0,0,0,0,0,0,0,0,0,0,0,0,0,0,0,0,0,0,0,0,0,0,0,0,0,0,0,,0,0,0,0,0,0,0,0,0,0,0,0,0,0,0,0,0,0,0,0,0,0,0,0,0,0,0,0,0,,0,0,0,0,0,0,,0,0,0,0,0,0,0,0,0,0,0
,,,,Initiation Fee,0,0,0,0,0,0,0,0,0,0,0,0,0,0,0,0,0,0,0,0,0,0,0,0,0,0,0,0,0,0,0,0,0,0,0,0,0,0,0,0,0,0,0,0,0,0,0,0,0,0,0,0,0,0,0,0,0,0,0,0,0,0,0,0,0,0,0,0,0,0,0,0,0,0,0,0,0,0,0,0,0,0,0,0,0,0,0,0,0,0,0,0,0,0,0,0,0,0,0,0,0,0,0,0,0,0,0,0,0,0,0,0,0,0,0,0,0,0,0,0,0,0,0,0,0,0,0,0,0,0,0,0,0
,,,,Interest Income,0,0,0,0,0,0,0,0,0,0,0,0,0,0,0,0,0,0,0,0,0,0,0,0,0,0,0,0,0,0,0,0,0,0,0,0,0,0,0,0,0,0,0,0,0,0,0,0,0,0,0,0,0,0,0,0,0,0,0,0,0,0,0,0,0,0,0,0,0,0,0,0,0,0,0,0,0,0,0,0,0,0,0,0,,0,0,0,0,0,0,0,0,0,0,0,0,0,0,0,0,0,0,0,0,0,0,0,0,0,0,0,0,0,,0,0,0,0,0,0,,0,0,0,0,0,0,0,0,0,0,0
,,,,Late Payment Fees,0,0,0,0,0,0,0,0,0,0,0,0,0,0,0,0,0,0,0,0,0,0,0,0,0,0,0,0,0,0,0,0,0,0,0,0,0,0,0,0,0,0,0,0,0,0,0,0,0,0,0,0,0,0,0,0,0,0,0,0,0,0,0,0,0,0,0,0,0,0,0,0,0,0,0,0,0,0,0,0,0,0,0,0,,0,0,0,0,0,0,0,0,0,0,0,0,0,0,0,0,0,0,0,0,0,0,0,0,0,0,0,0,0,,0,0,0,0,0,0,,0,0,0,0,0,0,0,0,0,0,0
,,,,Late Payment Fees - Corp Board,0,0,0,0,0,0,0,0,0,0,0,0,0,0,0,0,0,0,0,0,0,0,0,0,0,0,0,0,0,0,0,0,0,0,0,0,0,0,0,0,0,0,0,0,0,0,0,0,0,0,0,0,0,0,0,0,0,0,0,0,0,0,0,0,0,0,0,0,0,0,0,0,0,0,0,0,0,0,0,0,0,0,0,0,0,0,0,0,0,0,0,0,0,0,0,0,0,0,0,0,0,0,0,0,0,0,0,0,0,0,0,0,0,0,0,0,0,0,0,0,0,0,0,0,0,0,0,0,0,0,0,0,0
,,,,Member Discount,0,0,0,0,0,0,0,0,0,0,0,0,0,0,0,0,0,0,0,0,0,0,0,0,0,0,0,0,0,0,0,0,0,0,0,0,0,0,0,0,0,0,0,0,0,0,0,0,0,0,0,0,0,0,0,0,0,0,0,0,0,0,0,0,0,0,0,0,0,0,0,0,0,0,0,0,0,0,0,0,0,0,0,0,,0,0,0,0,0,0,0,0,0,0,0,0,0,0,0,0,0,0,0,0,0,0,0,0,0,0,0,0,0,,0,0,0,0,0,0,,0,0,0,0,0,0,0,0,0,0,0
,,,,Miscellaneous Income Corp Board,0,0,0,0,0,0,0,0,0,0,0,0,0,0,0,0,0,0,0,0,0,0,0,0,0,0,0,0,0,0,0,0,0,0,0,0,0,0,0,0,0,0,0,0,0,0,0,0,0,0,0,0,0,0,0,0,0,0,0,0,0,0,0,0,0,0,0,0,0,0,0,0,0,0,0,0,0,0,0,2850,0,0,0,0,,0,0,0,0,0,0,0,0,0,0,0,0,0,0,0,0,0,0,0,0,0,0,0,0,0,0,0,0,0,,0,0,0,0,0,0,,0,0,0,0,0,0,0,0,0,0,2850
,,,,Other Income,0,0,0,0,0,0,0,0,0,0,0,0,0,0,0,0,0,0,0,0,0,0,0,0,0,0,0,0,0,0,0,0,0,0,0,0,0,0,0,0,0,0,0,0,0,0,0,0,0,0,0,0,0,0,0,0,0,0,0,0,0,0,0,0,0,0,0,0,0,0,0,0,0,0,0,0,0,0,0,0,0,0,0,0,,0,0,0,0,0,0,0,0,0,0,0,0,0,0,0,0,0,0,0,0,0,0,0,0,0,0,0,0,0,,0,0,0,0,0,0,,0,0,0,0,0,0,0,0,0,0,0
,,,,Parking Fees,0,0,0,0,0,0,0,0,0,0,0,0,0,0,0,0,0,0,0,0,0,0,0,0,0,0,0,0,0,0,0,0,0,0,0,0,0,0,0,0,0,0,0,0,0,0,0,0,0,0,0,0,0,0,0,0,0,0,0,0,0,0,0,0,0,0,0,0,0,0,0,0,0,0,0,0,0,0,0,0,0,0,0,0,,0,0,0,0,0,0,0,0,0,0,0,0,0,0,0,0,0,0,0,0,0,0,0,0,0,0,0,0,0,,0,0,0,0,0,0,,0,0,0,0,0,0,0,0,0,0,0
,,,,Recruitment Week Rent,0,0,0,0,0,0,0,0,0,0,0,0,0,0,0,0,0,0,0,0,0,0,0,0,0,0,0,0,0,0,0,0,0,0,0,0,0,0,0,0,0,0,0,0,0,0,0,0,0,0,0,0,0,0,0,0,0,0,0,0,0,0,0,0,0,0,0,0,0,0,0,0,0,0,0,0,0,0,0,0,0,0,0,0,0,0,0,0,0,0,0,0,0,0,0,0,0,0,0,0,0,0,0,0,0,0,0,0,0,0,0,0,0,0,0,0,0,0,0,0,0,0,0,0,0,0,0,0,0,0,0,0,0
,,,,Returned Check Fee,0,0,0,0,0,0,0,0,0,0,0,0,0,0,0,0,0,0,0,0,0,0,0,0,0,0,0,0,0,0,0,0,0,0,0,0,0,0,0,0,0,0,0,0,0,0,0,0,0,0,0,0,0,0,0,0,0,0,0,0,0,0,0,0,0,0,0,0,0,0,0,0,0,0,0,0,0,0,0,0,0,0,0,0,,0,0,0,0,0,0,0,0,0,0,0,0,0,0,0,0,0,0,0,0,0,0,0,0,0,0,0,0,0,,0,0,0,0,0,0,,0,0,0,0,0,0,0,0,0,0,0
,,,,Vending Machine Income,0,0,0,0,0,0,0,0,0,0,0,0,0,0,0,0,0,0,0,0,0,0,0,0,0,0,0,0,0,0,0,0,0,0,0,0,0,0,0,0,0,0,0,0,0,0,0,0,0,0,0,0,0,0,0,0,0,0,0,0,0,0,0,0,0,0,0,0,0,0,0,0,0,0,0,0,0,0,0,0,0,0,0,0,0,0,0,0,0,0,0,0,0,0,0,0,0,0,0,0,0,0,0,0,0,0,0,0,0,0,0,0,0,0,0,0,0,0,0,0,0,0,0,0,0,0,0,0,0,0,0,0,0
,,,,OTHER INCOME - Other,0,0,0,0,0,0,0,0,0,0,0,0,0,0,0,0,0,0,0,0,0,0,0,0,0,0,0,0,0,0,0,0,0,0,0,0,0,0,0,0,0,0,0,0,0,0,0,0,0,0,0,0,0,0,0,0,0,0,0,0,0,0,0,0,0,0,0,0,0,0,0,0,0,0,0,0,0,0,0,0,0,0,0,0,,0,0,0,0,0,0,0,0,0,0,0,0,0,0,0,0,0,0,0,0,0,0,0,0,0,0,0,0,0,,0,0,0,0,0,0,,0,0,0,0,0,0,0,0,0,0,0
,,,Total OTHER INCOME,,3750,10000,45325,1600,13780,17394,1893,2900,5000,51489,4400,12225,850,1600,2000,9825,9000,14900,1250,2400,12675,10950,3000,1400,26000,3100,8400,6625,20253,8250,12500,1600,1600,4500,4425,3600,3200,4883,3125,1000,5300,8400,2000,2700,600,2350,9600,7600,23250,1415,6100,18000,14310,9075,2900,3840,10300,2638,800,8800,23000,5200,8550,788,6450,1200,6000,1600,5150,11400,11393,1000,14083,30100,4800,3750,4317,67750,4725,12000,5800,32625,8903,12450,12500,1000,4100,3300,14100,0,3800,12874,6850,12900,3388,7600,4900,6448,4600,10560,2320,0,1800,8400,10800,6750,1200,1500,10760,4400,3000,1500,3240,3600,15000,5330,250,4850,7500,1400,3750,3250,15000,2300,3100,36338,57118,4188,44100,5250,17750,19150,1189490.25
,,,ROOM AND BOARD,,,,,,,,,,,,,,,,,,,,,,,,,,,,,,,,,,,,,,,,,,,,,,,,,,,,,,,,,,,,,,,,,,,,,,,,,,,,,,,,,,,,,,,,,,,,,,,,,,,,,,,,,,,,,,,,,,,,,,,,,,,,,,,,,,,,,,
,,,,Room and Board,0,38852,375850,0,372016,50028,0,0,234373,275520,0,85350,0,0,0,273500,0,913851,,0,0,306706,0,0,49440,0,0,0,0,0,0,0,0,0,0,0,375200,0,0,0,0,0,65835,0,0,0,0,0,297200,0,0,0,537147,363000,0,0,0,0,0,0,314674,0,262471,0,0,0,66879,0,0,145862,0,0,0,401310,0,179426,0,372683,0,54925,0,574009,440847,145450,,0,0,0,15750,0,0,561350,0,460296,0,0,0,0,0,220219,0,165510,0,0,0,32123,0,0,0,0,65440,0,0,0,,0,0,0,0,0,0,,858136,0,0,465225,592148,0,321597,0,186125,107520,11623845.98
,,,,ROOM AND BOARD - Other,0,0,0,0,0,0,0,0,0,0,0,0,0,0,0,0,0,0,0,0,0,0,0,0,0,0,0,0,0,0,0,0,0,0,0,0,0,0,0,0,0,0,0,0,0,0,0,0,0,0,0,0,0,0,0,0,0,0,0,0,0,0,0,0,0,0,0,0,0,0,0,0,0,0,0,0,0,0,0,0,0,0,0,0,0,0,0,0,0,0,0,0,0,0,0,0,0,0,0,0,0,0,0,0,0,0,0,0,0,0,0,0,0,0,0,0,0,0,0,0,0,0,0,0,0,0,0,0,0,0,0,0,0
,,,Total ROOM AND BOARD,,0,38852,375850,0,372016,50028,0,0,234373,275520,0,85350,0,0,0,273500,0,913851,0,0,0,306706,0,0,49440,0,0,0,0,0,0,0,0,0,0,0,375200,0,0,0,0,0,65835,0,0,0,0,0,297200,0,0,0,537147,363000,0,0,0,0,0,0,314674,0,262471,0,0,0,66879,0,0,145862,0,0,0,401310,0,179426,0,372683,0,54925,0,574009,440847,145450,0,0,0,0,15750,0,0,561350,0,460296,0,0,0,0,0,220219,0,165510,0,0,0,32123,0,0,0,0,65440,0,0,0,0,0,0,0,0,0,0,0,858136,0,0,465225,592148,0,321597,0,186125,107520,11623845.98
,,,Uncategorized Income,,0,0,0,0,0,0,0,0,0,0,0,0,0,0,0,0,,0,,0,0,0,0,0,0,0,0,0,0,0,0,0,0,0,0,0,0,0,0,0,0,0,0,0,0,0,0,0,0,0,0,0,0,0,0,0,0,0,0,0,0,0,0,0,0,0,0,0,0,0,0,0,0,0,0,0,0,0,0,0,0,0,0,0,,0,0,0,0,0,0,0,0,0,0,0,0,0,0,0,0,0,0,0,0,0,0,0,0,0,0,0,0,0,,0,0,0,0,0,0,,0,0,0,0,0,0,0,0,0,0,0
,,Total Income,,,58950,100452,1780252,5200,459045,267572,12693,13200,287179,1100909,21085,184475,5550,5300,10200,397150,55000,1013272,11250,13600,34275,447036,13400,4900,182840,10700,43920,50479,46953,17050,49900,6300,95200,21500,19125,16400,557800,13983,35931,6200,19800,22000,91485,11100,3004,9450,21100,24486,998662,13515,16062,79187,756788,500232,19600,17740,42910,8538,8100,37500,567146,84419,323841,3088,17550,6000,157804,14913,12350,236462,32793,4600,69383,824936,31500,301678,12974,1507272,17825,144162,40000,1048884,554661,477400,218750,5500,17700,10200,107970,9800,15500,797200,40650,585240,17088,34300,16000,34068,54188,336717,9320,190050,6300,21300,120000,86677,6700,8300,28860,12600,113293,7200,12840,76800,240000,14530,1850,31650,21700,6900,24250,16250,950854,7900,11300,891864,1120333,23588,489208,17050,349117,176770,24065349.98
,,Cost of Goods Sold,,,,,,,,,,,,,,,,,,,,,,,,,,,,,,,,,,,,,,,,,,,,,,,,,,,,,,,,,,,,,,,,,,,,,,,,,,,,,,,,,,,,,,,,,,,,,,,,,,,,,,,,,,,,,,,,,,,,,,,,,,,,,,,,,,,,,,,
,,,Cost of Goods Sold,,,,,,,,,,,,,,,,,,,,,,,,,,,,,,,,,,,,,,,,,,,,,,,,,,,,,,,,,,,,,,,,,,,,,,,,,,,,,,,,,,,,,,,,,,,,,,,,,,,,,,,,,,,,,,,,,,,,,,,,,,,,,,,,,,,,,,0
,,Total COGS,,,,,,,,,,,,,,,,,,,,,,,,,,,,,,,,,,,,,,,,,,,,,,,,,,,,,,,,,,,,,,,,,,,,,,,,,,,,,,,,,,,,,,,,,,,,,,,,,,,,,,,,,,,,,,,,,,,,,,,,,,,,,,,,,,,,,,,0
,Gross Profit,,,,58950,100452,1780252,5200,459045,267572,12693,13200,287179,1100909,21085,184475,5550,5300,10200,397150,55000,1013272,11250,13600,34275,447036,13400,4900,182840,10700,43920,50479,46953,17050,49900,6300,95200,21500,19125,16400,557800,13983,35931,6200,19800,22000,91485,11100,3004,9450,21100,24486,998662,13515,16062,79187,756788,500232,19600,17740,42910,8538,8100,37500,567146,84419,323841,3088,17550,6000,157804,14913,12350,236462,32793,4600,69383,824936,31500,301678,12974,1507272,17825,144162,40000,1048884,554661,477400,218750,5500,17700,10200,107970,9800,15500,797200,40650,585240,17088,34300,16000,34068,54188,336717,9320,190050,6300,21300,120000,86677,6700,8300,28860,12600,113293,7200,12840,76800,240000,14530,1850,31650,21700,6900,24250,16250,950854,7900,11300,891864,1120333,23588,489208,17050,349117,176770,24065349.98
,,Expense,,,,,,,,,,,,,,,,,,,,,,,,,,,,,,,,,,,,,,,,,,,,,,,,,,,,,,,,,,,,,,,,,,,,,,,,,,,,,,,,,,,,,,,,,,,,,,,,,,,,,,,,,,,,,,,,,,,,,,,,,,,,,,,,,,,,,,,
,,,ACCRA.,,,,,,,,,,,,,,,,,,,,,,,,,,,,,,,,,,,,,,,,,,,,,,,,,,,,,,,,,,,,,,,,,,,,,,,,,,,,,,,,,,,,,,,,,,,,,,,,,,,,,,,,,,,,,,,,,,,,,,,,,,,,,,,,,,,,,,
,,,,ACCRA,5016,17787,73143,1353,41580,21599,2871,2739,18249,63525,2508,11088,1881,1122,2460,28875,10068,26670,1500,1980,6468,35280,2640,1386,28067,2277,5445,4521,8019,2640,5445,1353,4680,4719,3663,3828,23520,1617,1815,1551,5808,6600,8778,2508,627,2145,4587,2838,53361,3630,2277,4125,44814,30261,3630,2574,3234,1782,2178,4521,51975,5181,20097,693,3333,1452,14784,1551,2160,13167,4026,1089,4950,56910,3201,13514,3069,87780,3927,15325,7491,47817,33957,20675,26926,1815,4092,2079,23100,1287,3498,36267,4422,36267,2178,7062,3135,5346,3795,31185,5973,3812,1782,3861,5148,13283,1518,2046,3234,1848,9125,1452,2871,3993,20143,4422,495,4323,5676,1560,2574,4550,29337,957,2475,57750,85470,5313,32802,3531,19520,14900,1641543.25
,,,,ACCRA. - Other,0,0,0,0,0,0,0,0,0,0,0,0,0,0,0,0,0,0,,0,0,0,0,0,0,0,0,0,0,0,0,0,0,0,0,0,0,0,0,0,0,0,0,0,0,0,0,0,0,0,0,0,0,0,0,0,0,0,0,0,0,0,0,0,0,0,0,0,0,0,0,0,0,0,0,0,0,0,0,0,0,0,0,0,,0,0,0,0,0,0,0,0,0,0,0,0,0,0,0,0,0,0,0,0,0,0,0,0,0,0,0,0,0,,0,0,0,0,0,0,0,0,0,0,0,0,0,0,0,0,0,0
,,,Total ACCRA.,,5016,17787,73143,1353,41580,21599,2871,2739,18249,63525,2508,11088,1881,1122,2460,28875,10068,26670,1500,1980,6468,35280,2640,1386,28067,2277,5445,4521,8019,2640,5445,1353,4680,4719,3663,3828,23520,1617,1815,1551,5808,6600,8778,2508,627,2145,4587,2838,53361,3630,2277,4125,44814,30261,3630,2574,3234,1782,2178,4521,51975,5181,20097,693,3333,1452,14784,1551,2160,13167,4026,1089,4950,56910,3201,13514,3069,87780,3927,15325,7491,47817,33957,20675,26926,1815,4092,2079,23100,1287,3498,36267,4422,36267,2178,7062,3135,5346,3795,31185,5973,3812,1782,3861,5148,13283,1518,2046,3234,1848,9125,1452,2871,3993,20143,4422,495,4323,5676,1560,2574,4550,29337,957,2475,57750,85470,5313,32802,3531,19520,14900,1641543.25
,,,Bad Debt Exp,,0,0,0,0,0,0,0,0,0,0,0,0,0,0,,0,0,0,0,0,0,0,0,0,0,0,0,0,0,0,0,0,0,0,0,0,0,0,0,0,0,0,0,0,0,0,0,0,0,0,0,0,0,0,0,0,0,0,0,0,0,0,0,0,0,0,0,0,0,0,0,0,0,0,0,0,0,0,0,0,0,0,0,0,,0,0,0,0,0,0,0,0,0,0,0,0,0,0,0,0,0,0,0,0,0,0,0,0,0,0,0,0,0,,0,0,0,0,0,0,,0,0,0,0,0,0,0,0,0,0,0
,,,Bank fees,,0,0,0,0,0,0,0,0,0,0,0,0,0,0,,0,0,0,0,0,0,0,0,0,0,0,0,0,0,0,0,0,0,0,0,0,0,0,0,0,0,0,0,0,0,0,0,0,0,0,0,0,0,0,0,0,0,0,0,0,0,0,0,0,0,0,0,0,0,0,0,0,0,0,0,0,0,0,0,0,0,0,0,0,,0,0,0,0,0,0,0,0,0,0,0,0,0,0,0,0,0,0,0,0,0,0,0,0,0,0,0,0,0,,0,0,0,0,0,0,,0,0,0,0,0,0,0,0,0,0,0
,,,CLEANING.,,,,,,,,,,,,,,,,,,,,,,,,,,,,,,,,,,,,,,,,,,,,,,,,,,,,,,,,,,,,,,,,,,,,,,,,,,,,,,,,,,,,,,,,,,,,,,,,,,,,,,,,,,,,,,,,,,,,,,,,,,,,,,,,,,,,,,
,,,,Annual Cleaning,0,1500,0,0,5200,4000,0,0,2500,5150,0,1185,0,0,0,4500,0,3000,0,0,0,2500,0,0,0,0,0,500,0,0,0,0,0,0,0,0,3500,0,0,0,0,0,2000,0,0,0,0,0,248,0,0,0,3000,2500,0,0,300,0,0,0,2500,800,0,0,0,0,0,0,0,0,0,0,0,4000,0,0,0,4000,0,1411,0,0,3802,3500,,0,0,0,2500,0,0,3000,0,2000,0,0,0,0,0,2500,0,2600,0,0,0,0,0,0,0,0,2500,0,0,0,,0,0,0,0,0,0,0,4500,0,0,3500,3500,0,6253,0,2500,2000,98948.47
,,,,Cleaning Service,0,0,35113,0,36500,10500,0,0,14500,15450,0,1133,0,0,0,13000,0,37655,0,0,0,12000,242,0,3290,0,0,0,1730,0,0,0,0,0,0,0,27500,464,0,0,0,0,5000,0,0,0,0,0,4000,0,0,0,11356,21042,0,0,227,0,0,237,12000,335,10500,0,0,0,750,0,0,0,0,0,0,25364,0,0,0,0,0,8034,125,20000,15834,9000,11247,0,0,0,7200,0,0,20677,258,17750,0,0,0,309,0,13000,0,0,0,0,0,2500,0,0,0,0,549,0,0,0,11247,0,0,0,0,0,0,108,26000,0,0,28000,40115,0,18695,0,9000,12000,571534.16
,,,,Cleaning Supplies,0,0,1250,0,0,0,0,0,250,0,0,0,0,0,0,300,0,0,0,0,0,546,0,0,0,0,0,0,0,0,0,0,0,0,0,0,1700,0,0,0,0,0,0,0,0,0,0,0,650,0,0,0,64,0,0,0,0,0,0,0,0,0,0,0,0,0,0,0,0,0,0,0,95,0,0,0,0,300,0,0,0,223,-2060,0,,0,0,0,0,0,0,0,0,634,0,0,0,0,0,2500,0,300,0,0,0,0,0,0,0,0,0,0,0,0,,0,0,0,0,0,0,0,142,0,0,3,2224,0,0,0,0,0,9120.08
,,,,CLEANING. - Other,0,0,0,0,0,0,0,0,0,0,0,0,0,0,0,0,0,250,0,0,0,0,0,0,0,0,0,250,0,0,0,0,0,0,0,0,0,0,0,0,0,0,0,0,250,0,0,0,0,0,0,0,250,500,0,0,100,0,0,0,500,250,0,0,0,0,0,0,0,0,0,0,0,0,0,0,0,0,0,250,0,0,500,0,,0,0,0,0,0,0,0,0,0,0,0,0,0,0,0,0,0,0,0,0,0,0,0,0,0,0,0,0,0,,0,0,0,0,0,0,0,0,0,0,500,0,0,0,0,0,0,3600
,,,Total CLEANING.,,0,1500,36363,0,41700,14500,0,0,17250,20600,0,2318,0,0,0,17800,0,40905,0,0,0,15046,242,0,3290,0,0,750,1730,0,0,0,0,0,0,0,32700,464,0,0,0,0,7000,0,250,0,0,0,4898,0,0,0,14669,24042,0,0,627,0,0,237,15000,1385,10500,0,0,0,750,0,0,0,0,0,95,29364,0,0,0,4300,0,9695,125,20223,18076,12500,11247,0,0,0,9700,0,0,23677,258,20384,0,0,0,309,0,18000,0,2900,0,0,0,2500,0,0,0,0,3049,0,0,0,11247,0,0,0,0,0,0,108,30642,0,0,32003,45839,0,24948,0,11500,14000,683202.7
,,,CONVENTION/LI,,,,,,,,,,,,,,,,,,,,,,,,,,,,,,,,,,,,,,,,,,,,,,,,,,,,,,,,,,,,,,,,,,,,,,,,,,,,,,,,,,,,,,,,,,,,,,,,,,,,,,,,,,,,,,,,,,,,,,,,,,,,,,,,,,,,,,
,,,,Convention/LI Expenditures,3200,2000,2000,2000,2000,2000,3200,2600,2000,2000,2000,2000,2000,2000,1000,2000,2000,2000,0,3200,2000,2000,1500,2000,2000,2000,3200,2000,4000,2000,2000,2000,2000,2000,2000,2000,2000,2000,6000,2000,3200,2000,2000,2000,2000,2600,2000,2000,2000,3200,2000,2000,2000,2000,4200,2000,2000,2000,2000,4000,2000,2000,2000,2000,2000,2000,2000,2000,2000,2000,2000,2000,2000,2000,2000,3200,2000,2000,2000,2000,2000,2000,2000,2000,2000,2600,2000,2000,2000,2000,2500,2000,2000,2000,2000,2000,2000,2000,2000,2000,2600,2600,2000,2000,2000,2000,2600,2000,2000,2000,2000,2600,2000,2000,2000,2000,2000,2000,2000,2600,2000,1716,2000,2000,2000,2000,2000,2000,2000,2000,2000,2000,284116
,,,,CONVENTION/LI - Other,0,0,0,0,0,0,0,0,0,0,0,0,0,0,0,0,0,0,0,0,0,0,0,0,0,0,0,0,0,0,0,0,0,0,0,0,0,0,0,0,0,0,0,0,0,0,0,0,0,0,0,0,0,0,0,0,0,0,0,0,0,0,0,0,0,0,0,0,0,0,0,0,0,0,0,0,0,0,0,0,0,0,0,0,0,0,0,0,0,0,0,0,0,0,0,0,0,0,0,0,0,0,0,0,0,0,0,0,0,0,0,0,0,0,0,0,0,0,0,0,0,0,0,0,0,0,0,0,0,0,0,0,0
,,,Total CONVENTION/LI,,3200,2000,2000,2000,2000,2000,3200,2600,2000,2000,2000,2000,2000,2000,1000,2000,2000,2000,0,3200,2000,2000,1500,2000,2000,2000,3200,2000,4000,2000,2000,2000,2000,2000,2000,2000,2000,2000,6000,2000,3200,2000,2000,2000,2000,2600,2000,2000,2000,3200,2000,2000,2000,2000,4200,2000,2000,2000,2000,4000,2000,2000,2000,2000,2000,2000,2000,2000,2000,2000,2000,2000,2000,2000,2000,3200,2000,2000,2000,2000,2000,2000,2000,2000,2000,2600,2000,2000,2000,2000,2500,2000,2000,2000,2000,2000,2000,2000,2000,2000,2600,2600,2000,2000,2000,2000,2600,2000,2000,2000,2000,2600,2000,2000,2000,2000,2000,2000,2000,2600,2000,1716,2000,2000,2000,2000,2000,2000,2000,2000,2000,2000,284116
,,,DEPRECIATION(EXP),,,,,,,,,,,,,,,,,,,,,,,,,,,,,,,,,,,,,,,,,,,,,,,,,,,,,,,,,,,,,,,,,,,,,,,,,,,,,,,,,,,,,,,,,,,,,,,,,,,,,,,,,,,,,,,,,,,,,,,,,,,,,,,,,,,,,,
,,,,Depreciation & Amortization Exp,593,5257,78562,0,33267,2721,498,0,12351,53891,5847,28149,214,0,984,16041,0,32539,0,0,0,35589,1099,0,10202,560,400,5485,27191,470,1553,0,0,0,368,56,9391,1566,730,0,1876,5602,2761,69,0,0,0,5428,23656,0,0,5943,72687,23778,0,762,35,0,441,0,3485,10004,2655,0,2239,0,0,358,0,14071,0,166,3433,70766,0,5133,985,142597,0,40957,425,70423,7889,4927,0,0,104,0,7377,84,756,6653,168,14318,1813,0,369,9587,1160,2965,219,10611,0,559,6921,18362,0,0,0,3813,5855,0,1161,1092,0,425,58,60,2131,0,117,0,13488,0,0,37165,63645,0,55086,34,7907,8604,1171786.67
,,,,DEPRECIATION(EXP) - Other,0,0,0,0,0,0,0,0,0,0,0,0,0,0,0,0,0,0,0,0,0,0,0,0,0,0,0,0,0,0,0,0,0,0,0,0,0,0,0,0,0,0,0,0,0,0,0,0,0,0,0,0,0,0,0,0,0,0,0,0,0,0,0,0,0,0,0,0,0,0,0,0,0,0,0,0,0,0,0,0,0,0,0,0,0,0,0,0,0,0,0,0,0,0,0,0,0,0,0,0,0,0,0,0,0,0,0,0,0,0,0,0,0,0,0,0,0,0,0,0,0,0,0,0,0,0,0,0,0,0,0,0,0
,,,Total DEPRECIATION(EXP),,593,5257,78562,0,33267,2721,498,0,12351,53891,5847,28149,214,0,984,16041,0,32539,0,0,0,35589,1099,0,10202,560,400,5485,27191,470,1553,0,0,0,368,56,9391,1566,730,0,1876,5602,2761,69,0,0,0,5428,23656,0,0,5943,72687,23778,0,762,35,0,441,0,3485,10004,2655,0,2239,0,0,358,0,14071,0,166,3433,70766,0,5133,985,142597,0,40957,425,70423,7889,4927,0,0,104,0,7377,84,756,6653,168,14318,1813,0,369,9587,1160,2965,219,10611,0,559,6921,18362,0,0,0,3813,5855,0,1161,1092,0,425,58,60,2131,0,117,0,13488,0,0,37165,63645,0,55086,34,7907,8604,1171786.67
,,,FOOD.,,,,,,,,,,,,,,,,,,,,,,,,,,,,,,,,,,,,,,,,,,,,,,,,,,,,,,,,,,,,,,,,,,,,,,,,,,,,,,,,,,,,,,,,,,,,,,,,,,,,,,,,,,,,,,,,,,,,,,,,,,,,,,,,,,,,,,
,,,,Food,0,528,500000,0,160000,43000,0,286,78500,271750,0,35000,0,0,0,60091,,235000,10000,0,266,90000,0,0,0,0,1000,0,12000,0,0,0,0,0,0,1500,160000,0,0,1800,0,18,15000,639,0,0,0,0,275220,0,0,0,203297,150000,1265,0,0,0,0,0,170000,0,63000,0,0,0,41,0,0,32,0,0,10000,231150,0,175000,0,241377,0,9006,0,265418,100000,195700,40125,0,0,0,0,0,107,164800,7,140872,0,0,0,365,0,131305,0,24000,0,0,265,0,0,0,234,0,56,0,0,0,60000,0,0,0,0,0,0,,172668,0,0,165000,204074,0,125000,0,57340,25000,5078102.83
,,,,FOOD. - Other,0,0,0,0,0,0,0,0,0,0,0,0,0,0,0,0,,0,0,0,0,0,0,0,0,0,0,0,0,0,0,0,0,0,0,0,0,0,0,0,0,0,0,0,0,0,0,0,0,0,0,0,0,0,0,0,0,0,0,0,0,0,0,0,0,0,0,0,0,0,0,0,0,0,0,0,0,0,0,0,0,0,0,0,,0,0,0,0,0,0,0,0,0,0,0,0,0,0,0,0,0,0,0,0,0,0,0,0,0,0,0,0,0,,0,0,0,0,0,0,,0,0,0,0,0,0,0,0,0,0,0
,,,Total FOOD.,,0,528,500000,0,160000,43000,0,286,78500,271750,0,35000,0,0,0,60091,0,235000,10000,0,266,90000,0,0,0,0,1000,0,12000,0,0,0,0,0,0,1500,160000,0,0,1800,0,18,15000,639,0,0,0,0,275220,0,0,0,203297,150000,1265,0,0,0,0,0,170000,0,63000,0,0,0,41,0,0,32,0,0,10000,231150,0,175000,0,241377,0,9006,0,265418,100000,195700,40125,0,0,0,0,0,107,164800,7,140872,0,0,0,365,0,131305,0,24000,0,0,265,0,0,0,234,0,56,0,0,0,60000,0,0,0,0,0,0,0,172668,0,0,165000,204074,0,125000,0,57340,25000,5078102.83
,,,HOUSING  EXPENSE,,,,,,,,,,,,,,,,,,,,,,,,,,,,,,,,,,,,,,,,,,,,,,,,,,,,,,,,,,,,,,,,,,,,,,,,,,,,,,,,,,,,,,,,,,,,,,,,,,,,,,,,,,,,,,,,,,,,,,,,,,,,,,,,,,,,,,
,,,,Furniture Lease,0,1319,0,0,0,3756,4714,0,119965,0,11987,0,0,0,6000,0,,0,0,0,0,0,0,0,0,0,0,0,0,0,0,0,0,0,0,0,25658,0,0,0,0,0,0,0,0,0,0,0,133780,0,0,0,69777,19381,0,0,0,0,0,0,0,5924,3949,0,9497,0,0,0,0,0,0,0,0,17619,0,0,0,0,0,2638,0,0,10380,0,26380,0,0,0,21104,0,0,0,0,59488,0,0,0,0,0,4770,0,20726,0,0,0,0,0,0,0,0,12909,0,0,0,13190,0,0,0,0,0,0,,42208,0,0,41382,0,0,0,0,13775,0,702275.38
,,,,House,0,836,5000,0,5016,2850,0,2725,8501,12360,23,5758,666,2001,0,6780,1000,12508,1364,4153,0,6509,182,0,326,1752,1473,2282,830,3000,1384,532,532,2755,0,0,6055,195,9742,244,1111,23,3521,1220,500,518,1096,229,17965,0,650,650,7488,5066,1537,613,1500,0,2076,106,5000,250,5412,18,590,0,1562,1408,0,926,208,0,1074,85385,3461,3275,707,23602,0,10138,446,5538,5285,30900,10000,0,202,0,197,0,2818,9806,7560,9176,25,0,0,928,3000,5865,0,1046,1012,334,263,918,0,0,0,2440,2059,0,0,44,38077,1161,142,585,1447,852,528,1656,5639,0,0,3210,12209,0,10705,0,4253,1749,480292.06
,,,,Housing Expense,0,0,0,0,0,0,0,0,0,0,0,0,0,0,0,0,,0,0,0,0,0,0,0,0,0,0,0,0,0,0,0,0,0,0,0,0,0,0,0,0,0,0,0,0,0,0,0,0,0,0,0,0,0,0,0,0,0,0,0,0,0,0,0,0,0,0,0,0,0,0,0,0,0,0,0,0,0,0,0,0,0,0,0,,0,0,0,0,0,0,0,0,0,0,0,0,0,0,0,0,0,0,0,0,0,0,0,0,0,0,0,0,0,,0,0,0,0,0,0,,0,0,0,0,0,0,0,0,0,0,0
,,,,Kitchen,0,0,500,0,1002,799,0,0,0,0,500,0,0,0,0,0,,1500,0,0,0,0,0,0,692,0,0,0,0,0,0,0,0,0,0,0,0,0,0,0,0,0,0,0,0,0,0,0,1566,0,0,0,0,1500,0,0,0,0,0,0,1500,0,0,0,0,0,0,0,0,0,0,0,0,0,0,0,0,0,0,0,0,6582,1970,0,,0,0,0,302,0,0,0,0,0,0,0,0,0,0,0,0,0,0,0,0,0,0,0,0,0,0,0,0,0,,0,0,0,0,0,0,,456,0,0,2325,1852,0,83,0,0,0,23129.57
,,,,Laundry and Linens,0,0,0,0,0,0,0,0,117,0,0,0,0,0,0,0,,511,0,0,0,0,0,0,0,0,0,0,0,0,0,0,0,0,0,0,0,0,0,0,0,0,0,0,0,0,0,0,342,0,0,0,750,0,0,0,0,0,0,0,0,0,0,0,0,0,0,0,0,0,0,0,0,0,0,966,0,3982,0,0,0,665,283,1006,,0,0,0,0,0,0,0,0,0,0,0,0,0,0,0,0,0,0,0,0,0,0,0,0,0,0,0,0,0,,0,0,0,0,0,0,,3053,0,0,1543,5694,0,6167,0,0,0,25077.99
,,,,Wish List,0,0,0,0,0,0,0,0,0,0,0,0,0,0,0,0,0,0,0,0,0,0,0,0,0,0,0,0,0,0,0,0,0,0,0,0,0,0,0,0,0,0,0,0,0,0,0,0,0,0,0,0,0,0,0,0,0,0,0,0,0,0,0,0,0,0,0,0,0,0,0,0,0,0,0,0,0,0,0,0,0,0,0,0,0,0,0,0,0,0,0,0,0,0,0,0,0,0,0,0,0,0,0,0,0,0,0,0,0,0,0,0,0,0,0,0,0,0,0,0,0,0,0,0,0,0,0,0,0,0,0,0,0
,,,,HOUSING  EXPENSE - Other,0,0,0,0,0,0,0,0,0,0,0,0,0,0,0,0,0,0,0,0,0,0,0,0,0,0,0,0,0,0,0,0,0,0,0,0,0,0,0,0,0,0,0,0,0,0,0,0,0,0,0,0,0,0,0,0,0,0,0,0,0,0,0,0,0,0,0,0,0,0,0,0,0,0,0,0,0,0,0,0,0,0,0,0,0,0,0,0,0,0,0,0,0,0,0,0,0,0,0,0,0,0,0,0,0,0,0,0,0,0,0,0,0,0,0,0,0,0,0,0,0,0,0,0,0,0,0,0,0,0,0,0,0
,,,Total HOUSING  EXPENSE,,0,2155,5500,0,6018,7405,4714,2725,128582,12360,12510,5758,666,2001,6000,6780,1000,14518,1364,4153,0,6509,182,0,1019,1752,1473,2282,830,3000,1384,532,532,2755,0,0,31713,195,9742,244,1111,23,3521,1220,500,518,1096,229,153653,0,650,650,78014,25947,1537,613,1500,0,2076,106,6500,6174,9361,18,10086,0,1562,1408,0,926,208,0,1074,103004,3461,4241,707,27583,0,12776,446,12785,17918,31906,36380,0,202,0,21603,0,2818,9806,7560,68664,25,0,0,928,3000,10635,0,21772,1012,334,263,918,0,0,0,2440,14968,0,0,44,51267,1161,142,585,1447,852,528,1656,51356,0,0,48459,19755,0,16955,0,18028,1749,1230775
,,,INSURANCE AND TAXES,,,,,,,,,,,,,,,,,,,,,,,,,,,,,,,,,,,,,,,,,,,,,,,,,,,,,,,,,,,,,,,,,,,,,,,,,,,,,,,,,,,,,,,,,,,,,,,,,,,,,,,,,,,,,,,,,,,,,,,,,,,,,,,,,,,,,,
,,,,Income Tax expense,,,,,,,,,,,,,,,,,,,,,,,,,,,,,,,,,,,,,,,,,,,,,,,,,,,,,,,,,,,,,,,,,,,,,,,,,,,,,,,,,,,,,,,,,,,,,,,,,,,,,,,,,,,,,,,,,,,,,,,,,,,,,,,,,,,,,0
,,,,Insurance and Taxes,0,0,0,0,0,0,0,65,0,0,0,0,0,0,0,0,0,0,215,0,0,0,0,0,0,0,0,0,0,0,0,0,0,0,0,0,0,0,0,0,0,0,0,0,0,0,0,0,9353,0,0,0,0,0,0,0,0,0,0,0,0,0,0,0,0,0,77,0,0,0,0,0,59,0,0,0,0,300,0,-291,0,0,0,0,,0,0,0,0,0,0,59,0,0,0,0,0,0,0,0,0,1466,0,0,0,50,0,0,0,0,0,0,0,0,,0,0,0,0,0,0,,0,0,0,16416,0,0,52,0,3225,0,31045.86
,,,,Property Insurance,312,7498,20261,0,17139,8035,0,312,9024,12000,1639,7500,468,150,0,4285,260,23566,0,312,312,1639,546,312,540,312,312,5133,1639,1092,162,312,321,1966,2839,312,20000,312,684,312,546,2731,5527,505,312,312,1092,1639,40310,0,800,1092,18903,11669,312,961,4713,0,1092,312,7862,4668,6253,312,520,468,9967,800,300,468,416,312,428,25459,312,331,416,22058,312,1766,1082,10150,3942,5000,3311,312,312,0,5000,312,780,150,780,10973,0,312,312,1947,728,12372,312,11311,312,312,676,13069,312,312,416,1801,5897,624,624,589,3311,312,312,312,624,728,728,162,19760,312,312,10000,12875,312,18907,728,11881,7500,511493.72
,,,,Property Taxes,0,1940,0,0,15504,0,0,0,6060,20000,0,5811,0,0,0,0,0,0,0,0,0,0,0,0,0,0,11226,0,0,0,0,0,0,0,0,0,28000,0,0,0,0,0,0,0,0,0,0,0,994,0,0,0,27080,13812,0,0,0,0,0,0,22488,0,0,0,0,0,3875,0,0,0,0,0,53,29765,0,0,0,0,0,14,0,0,37191,0,,0,0,0,3488,0,0,0,0,17480,0,0,0,0,0,0,0,8780,0,0,0,5179,0,0,0,0,0,0,0,0,,0,0,0,0,0,0,,16132,0,0,0,0,0,7170,0,6021,0,288061.34
,,,,Workers Comp Insurance,0,0,1444,0,-772,207,0,0,3158,0,0,0,0,0,0,797,0,1765,0,0,0,213,0,0,0,0,0,0,0,0,0,0,0,0,0,0,0,0,0,0,0,0,0,0,0,0,0,0,5825,0,0,0,4556,1314,0,0,0,0,0,0,2840,0,375,0,0,0,1122,0,0,0,0,0,0,7083,0,1651,0,4154,0,340,0,0,1518,0,,0,0,0,0,0,0,0,0,1975,0,0,0,0,0,508,0,972,0,0,0,0,0,0,0,0,0,0,0,0,,0,0,0,0,0,0,,0,0,0,2856,2851,0,2574,0,729,0,50055.2
,,,,INSURANCE AND TAXES - Other,0,0,0,0,0,0,0,0,0,0,0,0,0,0,0,0,0,0,0,0,0,0,0,0,0,0,0,0,0,0,0,0,0,0,0,0,0,0,0,0,0,0,0,0,0,0,0,0,0,0,0,0,0,0,0,0,0,0,0,0,0,0,0,0,0,0,0,0,0,0,0,0,0,0,0,0,0,0,0,0,0,0,0,0,0,0,0,0,0,0,0,0,0,0,0,0,0,0,0,0,0,0,0,0,0,0,0,0,0,0,0,0,0,0,0,0,0,0,0,0,0,0,0,0,0,0,0,0,0,0,0,0,0
,,,Total INSURANCE AND TAXES,,312,9438,21706,0,31871,8242,0,377,18242,32000,1639,13311,468,150,0,5082,260,25331,215,312,312,1852,546,312,540,312,11538,5133,1639,1092,162,312,321,1966,2839,312,48000,312,684,312,546,2731,5527,505,312,312,1092,1639,56483,0,800,1092,50539,26794,312,961,4713,0,1092,312,33191,4668,6628,312,520,468,15041,800,300,468,416,312,540,62307,312,1982,416,26513,312,1829,1082,10150,42651,5000,3311,312,312,0,8488,312,780,209,780,30428,0,312,312,1947,728,12880,312,22529,312,312,676,18297,312,312,416,1801,5897,624,624,589,3311,312,312,312,624,728,728,162,35892,312,312,29271,15726,312,28702,728,21855,7500,880656.12
,,,INTEREST  EXPENSE,,,,,,,,,,,,,,,,,,,,,,,,,,,,,,,,,,,,,,,,,,,,,,,,,,,,,,,,,,,,,,,,,,,,,,,,,,,,,,,,,,,,,,,,,,,,,,,,,,,,,,,,,,,,,,,,,,,,,,,,,,,,,,,,,,,,,,
,,,,Interest Expense,0,0,130103,0,0,2732,0,0,0,0,0,0,0,0,0,0,,0,,0,0,0,0,0,0,0,0,0,0,0,0,0,0,0,0,0,0,102,0,0,0,0,0,0,0,0,0,0,0,0,0,0,0,0,0,0,0,0,0,0,1418,0,0,0,0,0,108,0,0,0,0,0,0,0,0,0,0,65972,0,0,0,7544,2313,220000,,0,0,0,0,0,0,0,0,0,0,0,0,0,0,1356,0,0,0,0,0,7049,0,0,0,0,0,0,0,0,,0,0,0,0,0,0,,2439,0,0,856,6160,0,0,0,0,0,448152.85
,,,,Rent,0,0,0,0,0,0,0,0,0,0,0,0,0,0,0,0,,0,,0,0,0,0,0,0,0,0,0,0,0,0,0,0,0,0,0,0,0,0,0,0,0,0,0,0,0,0,0,0,0,0,0,0,0,0,0,0,0,0,0,0,0,0,0,0,0,0,0,0,0,0,0,0,0,0,0,0,0,0,0,0,0,0,0,,0,0,0,0,0,0,0,0,0,0,0,0,0,0,0,0,0,0,0,0,0,0,0,0,0,0,0,0,0,,0,0,0,0,0,0,,0,0,0,0,0,0,0,0,0,0,0
,,,,INTEREST  EXPENSE - Other,0,0,0,0,0,0,0,0,0,0,0,0,0,0,0,0,0,0,0,0,0,0,0,0,0,0,0,0,0,0,0,0,0,0,0,0,0,0,0,0,0,0,0,0,0,0,0,0,0,0,0,0,0,0,0,0,0,0,0,0,0,0,0,0,0,0,0,0,0,0,0,0,0,0,0,0,0,0,0,0,0,0,0,0,0,0,0,0,0,0,0,0,0,0,0,0,0,0,0,0,0,0,0,0,0,0,0,0,0,0,0,0,0,0,0,0,0,0,0,0,0,0,0,0,0,0,0,0,0,0,0,0,0
,,,Total INTEREST  EXPENSE,,0,0,130103,0,0,2732,0,0,0,0,0,0,0,0,0,0,0,0,0,0,0,0,0,0,0,0,0,0,0,0,0,0,0,0,0,0,0,102,0,0,0,0,0,0,0,0,0,0,0,0,0,0,0,0,0,0,0,0,0,0,1418,0,0,0,0,0,108,0,0,0,0,0,0,0,0,0,0,65972,0,0,0,7544,2313,220000,0,0,0,0,0,0,0,0,0,0,0,0,0,0,0,1356,0,0,0,0,0,7049,0,0,0,0,0,0,0,0,0,0,0,0,0,0,0,0,2439,0,0,856,6160,0,0,0,0,0,448152.85
,,,LANDSCAPING.,,,,,,,,,,,,,,,,,,,,,,,,,,,,,,,,,,,,,,,,,,,,,,,,,,,,,,,,,,,,,,,,,,,,,,,,,,,,,,,,,,,,,,,,,,,,,,,,,,,,,,,,,,,,,,,,,,,,,,,,,,,,,,,,,,,,,,
,,,,Grounds,0,10000,14723,0,5000,11000,0,0,3500,7725,0,2508,0,0,0,7000,,6999,,0,0,4340,0,0,1957,0,0,2802,0,0,0,0,0,0,0,0,2500,0,0,0,0,0,2500,0,0,0,0,5000,10000,0,0,0,8515,8000,0,0,0,0,0,0,8989,1200,134,0,0,0,800,0,0,0,0,0,0,7500,0,0,0,14500,0,5169,0,4280,9333,3000,2051,0,0,0,5000,0,0,8000,0,10000,0,0,0,0,0,2400,0,4000,0,0,0,3500,0,0,0,0,3500,0,0,800,2051,0,0,0,0,0,0,,2500,0,0,5663,13089,0,6672,0,3000,4000,245198.37
,,,,Landscaping - Other,0,0,0,0,0,0,0,0,0,0,0,0,0,0,0,0,0,0,0,0,0,0,0,0,0,0,0,0,0,0,0,0,0,0,0,0,0,0,0,0,0,0,0,0,0,0,0,0,0,0,0,0,0,0,0,0,0,0,0,0,0,0,0,0,0,0,0,0,0,0,0,0,0,0,0,0,0,0,0,0,0,0,0,0,0,0,0,0,0,0,0,0,0,0,0,0,0,0,0,0,0,0,0,0,0,0,0,0,0,0,0,0,0,0,0,0,0,0,0,0,0,0,0,0,0,0,0,0,0,0,0,0,0
,,,,LANDSCAPING. - Other,0,0,0,0,0,0,0,0,0,0,0,0,0,0,0,0,,0,,0,0,0,0,0,0,0,0,0,0,0,0,0,0,0,0,0,0,0,0,0,0,0,0,0,0,0,0,0,0,0,0,0,0,0,0,0,0,0,0,0,0,0,0,0,0,0,0,0,0,0,0,0,0,0,0,0,0,0,0,0,0,0,0,0,,0,0,0,0,0,0,0,0,0,0,0,0,0,0,0,0,0,0,0,0,0,0,0,0,0,0,0,0,0,,0,0,0,0,0,0,,0,0,0,0,0,0,0,0,0,0,0
,,,Total LANDSCAPING.,,0,10000,14723,0,5000,11000,0,0,3500,7725,0,2508,0,0,0,7000,0,6999,0,0,0,4340,0,0,1957,0,0,2802,0,0,0,0,0,0,0,0,2500,0,0,0,0,0,2500,0,0,0,0,5000,10000,0,0,0,8515,8000,0,0,0,0,0,0,8989,1200,134,0,0,0,800,0,0,0,0,0,0,7500,0,0,0,14500,0,5169,0,4280,9333,3000,2051,0,0,0,5000,0,0,8000,0,10000,0,0,0,0,0,2400,0,4000,0,0,0,3500,0,0,0,0,3500,0,0,800,2051,0,0,0,0,0,0,0,2500,0,0,5663,13089,0,6672,0,3000,4000,245198.37
,,,LI/Convention Exp - DO NOT USE,,,,,,,,,,,,,,,,,,,,,,,,,,,,,,,,,,,,,,,,,,,,,,,,,,,,,,,,,,,,,,,,,,,,,,,,,,,,,,,,,,,,,,,,,,,,,,,,,,,,,,,,,,,,,,,,,,,,,,,,,,,,,,,,,,,,,,0
,,,MAINTENANCE.,,,,,,,,,,,,,,,,,,,,,,,,,,,,,,,,,,,,,,,,,,,,,,,,,,,,,,,,,,,,,,,,,,,,,,,,,,,,,,,,,,,,,,,,,,,,,,,,,,,,,,,,,,,,,,,,,,,,,,,,,,,,,,,,,,,,,,
,,,,Building - Expense,0,0,0,0,0,0,0,0,0,0,0,0,0,0,,0,0,0,,0,0,0,0,0,0,0,0,0,0,0,0,0,0,0,0,0,0,0,0,0,0,0,0,0,0,0,0,0,0,0,0,0,0,0,0,0,0,0,0,0,0,0,0,0,0,0,0,0,0,0,0,0,0,0,0,0,0,0,0,0,0,0,0,0,,0,0,0,0,0,0,0,0,0,0,0,0,0,0,0,0,0,0,0,0,0,0,0,0,0,0,0,0,0,,0,0,0,0,0,0,,0,0,0,0,0,0,0,0,0,0,0
,,,,Equipment,,,,,,,,,,,,,,,,,0,,,,,,,,,,,,,,,,,,,,,,,,,,,,,,,,,,,,,,,,,,,,,,,,,,,,,,,,,,,,,,,,,,,,,,,,,,,,,,,,,,,,,,,,,,,,,,,,,,,,,,,,,,,,,,,,,,,,0
,,,,Furniture,0,0,0,0,0,0,0,0,0,0,0,0,0,0,,0,0,0,,0,0,0,0,0,0,0,0,0,0,0,0,0,0,0,0,0,0,0,0,0,0,0,0,0,0,0,0,0,0,0,0,0,0,0,0,0,0,0,0,0,0,0,0,0,0,0,0,0,0,0,0,0,0,0,0,0,0,0,0,0,0,0,0,0,,0,0,0,0,0,0,0,0,0,0,0,0,0,0,0,0,0,0,0,0,0,0,0,0,0,0,0,0,0,,0,0,0,0,0,0,,0,0,0,0,0,0,0,0,0,0,0
,,,,Grounds - DO NOT USE,0,0,0,0,0,0,0,0,0,0,0,0,0,0,,0,0,0,,0,0,0,0,0,0,0,0,0,0,0,0,0,0,0,0,0,0,0,0,0,0,0,0,0,0,0,0,0,0,0,0,0,0,0,0,0,0,0,0,0,0,0,0,0,0,0,0,0,0,0,0,0,0,0,0,0,0,0,0,0,0,0,0,0,,0,0,0,0,0,0,0,0,0,0,0,0,0,0,0,0,0,0,0,0,0,0,0,0,0,0,0,0,0,,0,0,0,0,0,0,,0,0,0,0,0,0,0,0,0,0,0
,,,,House,0,0,0,0,0,0,0,0,0,0,0,0,0,0,,0,0,0,,0,0,0,0,0,0,0,0,0,0,0,0,0,0,0,0,0,0,0,0,0,0,0,0,0,0,0,0,0,0,0,0,0,0,0,0,0,0,0,0,0,0,0,0,0,0,0,0,0,0,0,0,0,0,0,0,0,0,0,0,0,0,0,0,0,,0,0,0,0,0,0,0,0,0,0,0,0,0,0,0,0,0,0,0,0,0,0,0,0,0,0,0,0,0,,0,0,0,0,0,0,,0,0,0,0,0,0,0,0,0,0,0
,,,,Inspections,0,136,342,0,1351,500,0,0,750,0,0,93,0,0,,900,0,3108,,0,0,0,0,0,0,0,0,144,0,0,0,0,0,0,0,0,900,0,0,0,0,0,700,0,0,0,0,0,2209,0,0,0,2309,555,0,0,0,0,0,0,17,0,0,0,0,0,101,0,0,0,0,0,0,1200,0,0,0,4900,0,761,0,0,669,500,,0,0,0,750,0,0,0,0,1200,0,0,0,0,0,829,0,7067,0,0,0,0,0,0,0,0,300,0,0,0,,0,0,0,0,0,0,,800,0,0,1216,1922,0,426,0,750,0,37404.46
,,,,Internet,0,0,0,0,0,0,0,0,1000,0,0,0,0,0,,500,0,824,,0,0,163,0,0,97,0,0,0,0,0,0,0,0,0,0,0,800,0,0,0,0,0,0,0,0,0,0,0,1534,0,0,0,1515,4307,0,0,0,0,0,0,0,0,3384,0,0,0,0,0,0,0,0,0,0,500,0,0,0,1200,0,0,0,135,1305,0,,0,0,0,0,0,0,0,0,0,0,0,0,0,0,0,0,175,0,0,0,0,0,0,0,0,0,0,0,0,,0,0,0,0,0,0,,0,0,0,1500,0,0,0,0,0,0,18938.93
,,,,Maintenance,0,0,0,0,0,0,0,0,0,0,0,0,0,0,,0,0,0,,0,0,0,0,0,0,0,0,0,0,0,0,0,0,0,0,0,0,0,0,0,0,0,0,0,0,0,0,0,0,0,0,0,0,0,0,0,0,0,0,0,0,0,0,0,0,0,0,0,0,0,0,0,0,0,0,0,0,0,0,0,0,0,0,0,,0,0,0,0,0,0,0,0,0,0,0,0,0,0,0,0,0,0,0,0,0,0,0,0,0,0,0,0,0,,0,0,0,0,0,0,,0,0,0,0,0,0,0,0,0,0,0
,,,,Maintenance Contracts,0,0,2214,0,0,600,0,0,1500,0,0,0,0,0,,0,0,2308,,0,0,508,0,0,0,0,0,0,0,0,0,0,0,0,0,0,0,0,0,0,0,0,0,0,0,0,0,130,0,0,0,0,2200,1505,0,0,58,0,0,0,3972,0,0,0,0,0,0,0,0,0,0,0,0,688,0,0,0,1963,0,1912,273,0,1909,0,,0,0,0,0,0,755,-425,0,1788,0,0,0,0,0,0,0,0,0,0,0,0,0,0,0,0,0,0,0,0,,0,0,0,0,0,0,,870,0,0,3970,7034,0,0,0,0,0,35731.8
,,,,Pest Control,0,575,422,0,608,800,0,0,300,0,0,0,0,0,,500,0,878,,0,0,769,0,0,0,0,0,350,0,0,0,0,0,0,0,0,2000,0,0,0,0,0,174,0,0,0,0,0,567,0,0,0,813,349,0,0,0,0,0,0,361,1031,750,0,0,0,1200,317,0,0,0,0,0,870,0,0,0,1956,0,2569,0,464,979,250,,0,0,0,335,0,0,876,0,1308,0,0,0,0,0,781,0,1653,0,0,0,612,0,0,0,0,286,0,0,1000,,0,0,0,0,0,0,,3000,0,0,417,305,0,323,0,2132,0,32879.17
,,,,Rent,,,,,,,,,,,,,,,,,0,,,,,,,,,,,,,,,,,,,,,,,,,,,,,,,,,,,,,,,,,,,,,,,,,,,,,,,,,,,,,,,,,,,,,,,,,,,,,,,,,,,,,,,,,,,,,,,,,,,,,,,,,,,,,,,,,,,,0
,,,,Repairs and Maintenance,0,10000,25000,0,15000,7500,0,0,15000,10300,0,6180,0,205,,20000,0,20600,,0,0,10000,103,0,1421,0,0,5000,0,0,0,0,0,0,1331,0,18000,0,0,0,0,0,5000,0,0,0,0,0,18000,0,0,10000,25750,18000,0,0,8000,0,0,0,18000,5000,2500,0,0,0,9000,2500,0,5150,0,0,0,20000,0,5150,0,28000,0,10933,0,12360,20000,10000,3833,0,0,0,7500,0,43,15450,89,20000,178,0,0,155,0,12000,0,10000,0,0,0,6000,0,0,0,0,10000,0,0,2000,3832,0,0,0,0,0,0,,20000,0,0,20600,25000,0,32000,0,15000,6000,608661.59
,,,,MAINTENANCE. - Other,0,0,0,0,0,0,0,0,0,0,0,0,0,0,0,0,0,0,0,0,0,0,0,0,0,0,0,0,0,0,0,0,0,0,0,0,0,0,0,0,0,0,0,0,0,0,0,0,0,0,0,0,0,0,0,0,0,0,0,0,0,0,0,0,0,0,0,0,0,0,0,0,0,0,0,0,0,0,0,0,0,0,0,0,0,0,0,0,0,0,0,0,0,0,0,0,0,0,0,0,0,0,0,0,0,0,0,0,0,0,0,0,0,0,0,0,0,0,0,0,0,0,0,0,0,0,0,0,0,0,0,0,0
,,,Total MAINTENANCE.,,0,10711,27979,0,16959,9400,0,0,18550,10300,0,6273,0,205,0,21900,0,27718,0,0,0,11440,103,0,1517,0,0,5494,0,0,0,0,0,0,1331,0,21700,0,0,0,0,0,5874,0,0,0,0,130,22309,0,0,10000,32586,24716,0,0,8058,0,0,0,22349,6031,6634,0,0,0,10301,2817,0,5150,0,0,0,23258,0,5150,0,38019,0,16174,273,12959,24861,10750,3833,0,0,0,8585,0,798,15901,89,24296,178,0,0,155,0,13610,0,18895,0,0,0,6612,0,0,0,0,10586,0,0,3000,3832,0,0,0,0,0,0,0,24670,0,0,27704,34261,0,32750,0,17882,6000,733615.94
,,,OTHER EXPENSE,,,,,,,,,,,,,,,,,,,,,,,,,,,,,,,,,,,,,,,,,,,,,,,,,,,,,,,,,,,,,,,,,,,,,,,,,,,,,,,,,,,,,,,,,,,,,,,,,,,,,,,,,,,,,,,,,,,,,,,,,,,,,,,,,,,,,,
,,,,Bad Debt Expense - Corp Board,589,1064,17803,52,4590,2676,127,132,0,14108,211,1845,56,53,,0,1100,10133,637,136,342,4470,134,49,1544,107,439,505,470,170,381,63,981,215,191,164,0,140,305,62,198,220,915,111,30,95,211,245,9987,135,161,792,0,0,196,178,378,86,81,375,0,985,3238,31,176,52,0,149,123,2365,327,46,694,8249,315,3017,130,15073,178,1413,400,0,5547,0,,55,177,102,0,98,155,7972,406,0,171,343,160,341,542,0,93,0,63,213,1200,867,67,83,288,104,1133,72,128,768,,145,19,316,217,69,243,,0,79,113,0,14419,235,4892,170,0,1767,161230.35
,,,,Billhighway Expense Posting,,,,,,,,,,,,,,,,,,,,,,,,,,,,,,,,,,,,,,,,,,,,,,,,,,,,,,,,,,,,,,,,,,,,,,,,,,,,,,,,,,,,,,,,,,,,,,,,,,,,,,,,,,,,,,,,,,,,,,,,,,,,,,,,,,,,,0
,,,,Building - Expense,0,0,0,0,0,0,0,0,0,0,0,0,0,0,,0,,0,,0,0,0,0,0,0,0,0,0,0,0,0,0,0,0,0,0,0,0,0,0,0,0,0,0,0,0,0,0,0,0,0,0,0,0,0,0,0,0,0,0,0,0,0,0,0,0,0,0,0,0,0,0,0,0,0,0,0,0,0,0,0,0,0,0,,0,0,0,0,0,0,0,0,0,0,0,0,0,0,0,0,0,0,0,0,0,0,0,0,0,0,0,0,0,,0,0,0,0,0,0,,0,0,0,0,0,0,0,0,0,0,0
,,,,Furniture - Lease,,,,,,,,,,,,,,,,,,,,,,,,,,,,,,,,,,,,,,,,,,,,,,,,,,,,,,,,,,,,,,,,,,,,,,,,,,,,,,,,,,,,,,,,,,,,,,,,,,,,,,,,,,,,,,,,,,,,,,,,,,,,,,,,,,,,,0
,,,,Manual transfer to/from Chapter,0,0,0,0,0,0,0,0,0,0,0,0,0,0,,0,,0,,0,0,0,0,0,0,0,0,0,0,0,0,0,0,0,0,0,0,0,0,0,0,0,0,0,0,0,0,0,0,0,0,0,0,0,0,0,0,0,0,0,0,0,0,0,0,0,0,0,0,0,0,0,0,0,0,0,0,0,0,0,0,0,0,0,,0,0,0,0,0,0,0,0,0,0,0,0,0,0,0,0,0,0,0,0,0,0,0,0,0,0,0,0,0,,0,0,0,0,0,0,,0,0,0,0,0,0,0,0,0,0,0
,,,,Miscellaneous - Corp Board,0,0,0,0,0,0,0,0,0,0,0,0,0,0,,0,,0,,0,0,0,0,0,0,0,0,0,0,0,0,0,0,0,0,0,0,0,0,0,0,0,0,0,0,0,0,0,0,0,0,0,0,0,0,0,0,0,0,0,0,0,0,0,0,0,0,0,0,0,0,0,0,0,0,0,0,0,0,0,0,0,0,0,,0,0,0,0,0,0,0,0,0,0,0,0,0,0,0,0,0,0,0,0,0,0,0,0,0,0,0,0,0,,0,0,0,0,0,0,,0,0,0,0,0,0,0,0,0,0,0
,,,,Miscellaneous Expense,0,0,0,0,0,0,0,0,0,0,0,0,0,0,,0,,0,,0,0,0,0,0,0,0,0,0,0,0,0,0,0,0,0,0,0,0,0,0,0,0,0,0,0,0,0,0,0,0,0,0,0,0,0,0,0,0,0,0,0,0,0,0,0,0,0,0,0,0,0,0,0,0,0,0,0,0,0,0,0,0,0,0,,0,0,0,0,0,0,0,0,0,0,0,0,0,0,0,0,0,0,0,0,0,0,0,0,0,0,0,0,0,,0,0,0,0,0,0,,0,0,0,0,0,0,0,0,0,0,0
,,,,Officer/Previously Collected Fu,,,,,,,,,,,,,,,,,,,,,,,,,,,,,,,,,,,,,,,,,,,,,,,,,,,,,,,,,,,,,,,,,,,,,,,,,,,,,,,,,,,,,,,,,,,,,,,,,,,,,,,,,,,,,,,,,,,,,,,,,,,,,,,,,,,,,0
,,,,Other,500,1500,1500,500,1500,1500,500,500,1500,1500,500,1500,500,500,,1500,,1500,,500,500,1500,500,500,1500,500,500,500,500,500,500,500,515,500,500,500,1500,500,1200,500,500,500,1500,500,500,500,500,500,1500,500,500,500,1500,1500,500,500,500,500,500,500,1500,500,1500,500,500,500,1500,500,500,1500,500,500,500,1500,500,1500,500,1500,500,1500,500,1500,1500,1500,,500,500,500,1500,500,500,1500,500,1500,500,500,500,500,500,1500,500,1500,500,500,500,1500,500,500,500,500,1500,500,500,500,,500,500,500,500,500,500,,1500,500,500,1500,1500,500,1500,500,1500,1500,103715
,,,,Ritual Supplies,500,500,500,500,500,500,500,500,500,500,500,500,500,500,,500,500,500,,500,500,500,0,500,500,500,500,500,500,500,500,500,515,500,500,500,500,500,1800,1250,500,500,500,500,500,500,500,500,500,500,500,500,500,500,500,500,500,500,500,500,500,500,500,500,500,500,500,500,500,500,500,500,5500,500,500,500,500,500,500,500,500,500,500,500,,500,1500,500,500,500,500,1500,500,500,500,500,500,500,500,500,500,500,500,500,500,500,500,500,500,500,500,500,500,500,,500,500,500,500,500,500,,500,500,500,500,500,500,500,500,500,500,72065
,,,,Scholarships,0,0,0,0,3250,0,0,0,0,0,0,0,0,0,,0,,0,,0,0,0,0,0,0,0,100,0,0,0,0,0,0,0,0,0,0,0,0,0,0,0,0,0,0,0,0,0,0,0,0,0,0,0,0,0,0,0,0,0,0,0,0,0,700,0,0,0,0,0,0,0,0,0,0,0,0,0,0,2400,0,0,0,0,,0,0,0,0,0,300,0,0,0,0,0,0,0,0,0,0,0,0,0,0,0,0,0,0,0,0,0,0,0,,0,0,0,0,0,0,,0,0,0,0,0,0,0,0,0,0,6750
,,,,Security,0,0,0,0,0,0,0,0,0,0,0,0,0,0,,0,,0,,0,0,532,0,0,0,0,0,0,0,0,0,0,0,0,0,0,642,0,0,0,0,0,0,0,0,0,0,0,0,0,0,0,0,0,0,0,0,0,0,0,0,0,0,0,0,0,0,0,0,0,0,0,0,0,0,0,0,0,0,0,0,0,1201,16,,0,0,0,0,0,0,462,0,0,0,0,0,0,0,0,0,0,0,0,0,0,0,0,0,0,0,0,0,0,,0,0,0,0,0,0,,1261,0,0,-396,0,0,0,0,0,0,3718.04
,,,,OTHER EXPENSE - Other,0,0,0,0,0,0,0,0,0,0,0,0,0,0,0,0,0,0,0,0,0,0,0,0,0,0,0,0,0,0,0,0,0,0,0,0,0,0,0,0,0,0,0,0,0,0,0,0,0,0,0,0,0,0,0,0,0,0,0,0,0,0,0,0,0,0,0,0,0,0,0,0,0,0,0,0,0,0,0,0,0,0,0,0,0,0,0,0,0,0,0,0,0,0,0,0,0,0,0,0,0,0,0,0,0,0,0,0,0,0,0,0,0,0,0,0,0,0,0,0,0,0,0,0,0,0,0,0,0,0,0,0,0
,,,Total OTHER EXPENSE,,1589,3064,19803,1052,9840,4676,1127,1132,2000,16108,1211,3845,1056,1053,0,2000,1600,12133,637,1136,1342,7003,634,1049,3544,1107,1539,1505,1470,1170,1381,1063,2011,1215,1191,1164,2642,1140,3305,1812,1198,1220,2915,1111,1030,1095,1211,1245,11987,1135,1161,1792,2000,2000,1196,1178,1378,1086,1081,1375,2000,1985,5238,1031,1876,1052,2000,1149,1123,4365,1327,1046,6694,10249,1315,5017,1130,17073,1178,5813,1400,2000,8748,2016,0,1055,2177,1102,2000,1098,1455,11434,1406,2000,1171,1343,1160,1341,1542,2000,1093,2000,1063,1213,2200,2867,1067,1083,1288,1104,3133,1072,1128,1768,0,1145,1019,1316,1217,1069,1243,0,3261,1079,1113,1604,16419,1235,6892,1170,2000,3767,347478.39
,,,PAYROLL EXPENSE,,,,,,,,,,,,,,,,,,,,,,,,,,,,,,,,,,,,,,,,,,,,,,,,,,,,,,,,,,,,,,,,,,,,,,,,,,,,,,,,,,,,,,,,,,,,,,,,,,,,,,,,,,,,,,,,,,,,,,,,,,,,,,,,,,,,,,
,,,,Cooks,0,0,0,0,0,0,0,0,27000,0,0,0,0,0,,0,,5897,,0,0,0,0,0,0,0,0,0,0,0,0,0,0,0,0,0,0,0,0,0,0,0,0,0,0,0,0,0,43000,0,0,0,0,0,0,0,0,0,0,0,0,0,0,0,0,0,0,0,0,0,0,0,0,0,0,0,0,50000,0,0,0,0,20489,0,,0,0,0,0,0,0,0,0,0,0,0,0,0,0,0,0,0,0,0,0,0,0,0,0,0,0,0,0,0,,0,0,0,0,0,0,,45000,0,0,32478,55000,0,45000,0,0,0,323863.33
,,,,Employee Insurance Expense,0,0,5665,0,5665,5665,0,0,5665,5665,0,0,0,0,,5665,,5665,,0,0,5665,0,0,0,0,0,0,0,0,0,0,0,0,0,0,5665,0,0,0,0,0,5665,0,0,0,0,0,5665,0,0,0,5665,5665,0,0,0,0,0,0,5665,0,5665,0,0,0,5665,0,0,0,0,0,0,5665,0,0,0,5665,0,5665,0,5665,5665,5665,,0,0,0,0,0,0,5665,0,5665,0,0,0,0,0,5665,0,5665,0,0,0,0,0,0,0,0,5665,0,0,0,,0,0,0,0,0,0,,5665,0,0,5665,5665,0,5665,0,5665,0,181280
,,,,FUTA,,,,,,,,,,,,,,,,,,,,,,,,,,,,,,,,,,,,,,,,,,,,,,,,,,,,,,,,,,,,,,,,,,,,,,,,,,,,,,,,,,,,,,,,,,,,,,,,,,,,,,,,,,,,,,,,,,,,,,,,,,,,,,,,,,,,,0
,,,,Handyman,0,0,0,0,0,0,0,0,0,0,0,0,0,0,,0,,0,,0,0,0,0,0,0,0,0,0,0,0,0,0,0,0,0,0,0,0,0,0,0,0,0,0,0,0,0,0,0,0,0,0,0,0,0,0,0,0,0,0,0,0,0,0,0,0,0,0,0,0,0,0,0,0,0,0,0,0,0,0,0,0,0,0,,0,0,0,0,0,0,0,0,0,0,0,0,0,0,0,0,0,0,0,0,0,0,0,0,0,0,0,0,0,,0,0,0,0,0,0,,0,0,0,0,0,0,0,0,0,0,0
,,,,HD car allowance,0,0,0,0,0,0,0,0,0,0,0,0,0,0,,0,,0,,0,0,0,0,0,0,0,0,0,0,0,0,0,0,0,0,0,0,0,0,0,0,0,0,0,0,0,0,0,0,0,0,0,0,577,0,0,0,0,0,0,0,0,0,0,0,0,0,0,0,0,0,0,0,0,0,0,0,0,0,0,0,361,0,0,,0,0,0,0,0,0,0,0,0,0,0,0,0,0,0,0,0,0,0,0,0,0,0,0,0,0,0,0,0,,0,0,0,0,0,0,,0,0,0,0,0,0,0,0,0,0,937.3
,,,,House Director Payroll,0,8455,33000,0,31260,25250,0,0,17615,32960,0,0,0,0,,27000,,40170,,0,0,21000,0,0,0,0,0,0,0,0,0,0,0,0,0,0,27000,0,0,0,0,0,18000,0,0,0,0,0,45000,0,0,0,35020,26500,0,0,0,0,0,0,30000,0,25000,0,0,0,7000,0,0,20000,0,0,0,40500,0,0,0,45200,0,13400,0,31000,19000,39200,,0,0,0,0,0,0,24800,0,29000,0,0,0,0,0,21000,0,19200,0,0,0,0,0,0,0,0,21000,0,0,0,,0,0,0,0,0,0,,34000,0,0,33000,44000,0,24000,0,18100,0,926630
,,,,House Director Phone Allowance,0,0,0,0,0,0,0,0,0,0,0,0,0,0,,0,,0,,0,0,0,0,0,0,0,0,0,0,0,0,0,0,0,0,0,0,0,0,0,0,0,0,0,0,0,0,0,0,0,0,0,0,0,0,0,0,0,0,0,0,0,0,0,0,0,0,0,0,0,0,0,0,0,0,0,0,0,0,0,0,52,0,0,,0,0,0,0,0,0,0,0,0,0,0,0,0,0,0,0,0,0,0,0,0,0,0,0,0,0,0,0,0,,0,0,0,0,0,0,,0,0,0,0,0,0,0,0,0,0,51.5
,,,,Houseboys/Waiters,0,0,0,0,31,0,0,0,3000,0,0,0,0,0,,1500,,3124,,0,0,685,0,0,0,0,0,0,0,0,0,0,0,0,0,0,46,0,0,0,0,0,0,0,0,0,0,0,15315,0,0,0,0,0,0,0,0,0,0,0,0,0,0,0,0,0,0,0,0,0,0,0,0,0,0,0,0,15450,0,0,0,0,0,4373,,0,0,0,0,0,0,7414,0,0,0,0,0,0,0,0,0,0,0,0,0,0,0,0,0,0,0,0,0,0,,0,0,0,0,0,0,,12521,0,0,7950,7268,0,5118,0,0,0,83795.35
,,,,Housekeeper,0,0,0,0,0,0,0,0,1200,0,0,0,0,0,,0,,0,,0,0,0,0,0,0,0,0,0,0,0,0,0,0,0,0,0,0,0,0,0,0,0,0,0,0,0,0,0,24881,0,0,0,23970,0,0,0,0,0,0,0,0,0,0,0,0,0,0,0,0,0,0,0,0,0,0,0,0,15443,0,0,0,0,0,0,,0,0,0,0,0,0,0,0,0,0,0,0,0,0,0,0,0,0,0,0,0,0,0,0,0,0,0,0,0,,0,0,0,0,0,0,,0,0,0,0,0,0,0,0,0,0,65493.85
,,,,Medicare,,,,,,,,,,,,,,,,,,,,,,,,,,,,,,,,,,,,,,,,,,,,,,,,,,,,,,,,,,,,,,,,,,,,,,,,,,,,,,,,,,,,,,,,,,,,,,,,,,,,,,,,,,,,,,,,,,,,,,,,,,,,,,,,,,,,,0
,,,,Payroll Service Expense,0,600,0,0,2907,2664,0,0,2963,0,0,0,0,0,,3298,,2585,,0,0,2507,0,0,0,0,0,0,0,0,0,0,0,0,0,0,1692,0,0,0,0,0,0,0,0,0,0,0,3535,0,0,0,2522,2478,0,0,0,0,0,0,2636,0,3569,0,0,0,1385,0,0,0,0,0,0,2533,0,0,0,3100,0,2327,0,1777,2378,2030,,0,0,0,0,0,0,3197,0,2464,0,0,0,0,0,2296,0,1478,0,0,0,0,0,0,0,0,2324,0,0,0,,0,0,0,0,0,0,,3550,0,0,3014,2900,0,2805,0,1508,0,75022.28
,,,,Payroll Taxes,0,1100,0,0,3265,2417,0,0,4992,3296,0,0,0,0,,1172,,5593,,0,0,1590,0,0,0,0,0,0,0,0,0,0,0,0,0,0,1605,0,0,0,0,0,0,0,0,0,0,0,8036,0,0,0,4374,2808,0,0,0,0,0,0,3196,0,1955,0,0,0,793,0,0,0,0,0,0,7808,0,1276,0,11592,0,1056,0,1248,3844,2273,,0,0,0,0,0,0,2392,0,2742,0,0,0,0,0,1845,0,1580,0,0,0,0,0,0,0,0,1780,0,0,0,,0,0,0,0,0,0,,10015,0,0,6336,9489,0,6041,0,4768,0,122278.27
,,,,Payroll Taxes - Other,0,0,0,0,0,-236,0,0,0,0,0,0,0,0,,0,,-1304,,0,0,0,0,0,0,0,0,0,0,0,0,0,0,0,0,0,0,0,0,0,0,0,0,0,0,0,0,0,0,0,0,0,0,0,0,0,0,0,0,0,0,0,0,0,0,0,0,0,0,0,0,0,0,0,0,435,0,0,0,0,0,0,0,0,,0,0,0,0,0,0,2875,0,0,0,0,0,0,0,0,0,-138,0,0,0,0,0,0,0,0,0,0,0,0,,0,0,0,0,0,0,,0,0,0,0,-1501,0,0,0,-2207,0,-2075.77
,,,,Retirement Contribution,0,0,5117,0,0,0,0,0,0,330,0,0,0,0,,0,,0,,0,0,0,0,0,0,0,0,0,0,0,0,0,0,0,0,0,0,0,0,0,0,0,0,0,0,0,0,0,0,0,0,0,0,0,0,0,0,0,0,0,0,0,0,0,0,0,0,0,0,0,0,0,0,0,0,0,0,0,0,0,0,0,0,0,,0,0,0,0,0,0,0,0,0,0,0,0,0,0,0,0,0,0,0,0,0,0,0,0,0,0,0,0,0,,0,0,0,0,0,0,,0,0,0,0,0,0,0,0,0,0,5447.01
,,,,Social Security,0,0,2182,0,0,0,0,0,0,0,0,0,0,0,,0,,0,,0,0,0,0,0,0,0,0,0,0,0,0,0,0,0,0,0,0,0,0,0,0,0,0,0,0,0,0,0,0,0,0,0,0,0,0,0,0,0,0,0,0,0,0,0,0,0,0,0,0,0,0,0,0,0,0,0,0,0,0,0,0,0,0,0,,0,0,0,0,0,0,0,0,0,0,0,0,0,0,0,0,0,0,0,0,0,0,0,0,0,0,0,0,0,,0,0,0,0,0,0,,0,0,0,0,0,0,0,0,0,0,2182.36
,,,,SUTA,,,,,,,,,,,,,,,,,,,,,,,,,,,,,,,,,,,,,,,,,,,,,,,,,,,,,,,,,,,,,,,,,,,,,,,,,,,,,,,,,,,,,,,,,,,,,,,,,,,,,,,,,,,,,,,,,,,,,,,,,,,,,,,,,,,,,0
,,,,Workers Comp Insurance,0,0,0,0,662,0,0,0,0,0,0,0,0,0,,0,,0,,0,0,0,0,0,0,0,0,0,0,0,0,0,0,0,0,0,0,0,0,0,0,0,0,0,0,0,0,0,0,0,0,0,0,0,0,0,0,0,0,0,0,0,0,0,0,0,0,0,0,0,0,0,0,0,0,0,0,0,0,0,0,0,0,0,,0,0,0,0,0,0,0,0,0,0,0,0,0,0,0,0,0,0,0,0,0,0,0,0,0,0,0,0,0,,0,0,0,0,0,0,,0,0,0,0,0,0,0,0,0,0,662.13
,,,,PAYROLL EXPENSE - Other,0,0,0,0,0,0,0,0,-155,0,0,0,0,0,,0,,1304,,0,0,0,0,0,0,0,0,0,0,0,0,0,0,0,0,0,0,0,0,0,0,0,0,0,0,0,0,0,0,0,0,0,0,0,0,0,0,0,0,0,0,0,0,0,0,0,0,0,0,0,0,0,0,0,0,0,0,3737,0,0,0,0,0,0,,0,0,0,0,0,0,79,0,0,0,0,0,0,0,0,0,0,0,0,0,0,0,0,0,0,0,0,0,0,,0,0,0,0,0,0,,0,0,0,0,0,0,0,0,0,0,4965.4
,,,Total PAYROLL EXPENSE,,0,10155,45965,0,43790,35759,0,0,62281,42251,0,0,0,0,0,38635,0,63034,0,0,0,31447,0,0,0,0,0,0,0,0,0,0,0,0,0,0,36009,0,0,0,0,0,23665,0,0,0,0,0,145433,0,0,0,71551,38028,0,0,0,0,0,0,41497,0,36190,0,0,0,14842,0,0,20000,0,0,0,56505,0,1711,0,150187,0,22449,0,40103,51375,53541,0,0,0,0,0,0,0,46422,0,39871,0,0,0,0,0,30806,0,27784,0,0,0,0,0,0,0,0,30769,0,0,0,0,0,0,0,0,0,0,0,110750,0,0,88443,122821,0,88630,0,27835,0,1790533.01
,,,Payroll Expenses - Inactive,,,,,,,,,,,,,,,,,,,,,,,,,,,,,,,,,,,,,,,,,,,,,,,,,,,,,,,,,,,,,,,,,,,,,,,,,,,,,,,,,,,,,,,,,,,,,,,,,,,,,,,,,,,,,,,,,,,,,,,,,,,,,,,,,,,,,,0
,,,PROFESSIONAL AND ADMIN,,,,,,,,,,,,,,,,,,,,,,,,,,,,,,,,,,,,,,,,,,,,,,,,,,,,,,,,,,,,,,,,,,,,,,,,,,,,,,,,,,,,,,,,,,,,,,,,,,,,,,,,,,,,,,,,,,,,,,,,,,,,,,,,,,,,,,
,,,,Accounting/Billhighway fees/Mem,360,360,360,360,360,360,360,360,360,360,360,360,360,360,,360,360,360,,0,360,360,360,360,360,360,360,360,360,360,360,360,360,360,360,360,360,360,360,360,360,360,360,360,360,360,360,360,360,360,360,360,360,360,360,360,360,360,360,360,360,360,360,360,360,360,360,360,360,360,360,360,360,360,360,360,360,360,360,360,360,360,360,360,,360,360,360,360,360,360,360,360,360,360,360,360,360,360,360,360,360,360,360,360,360,360,360,360,360,360,360,360,360,,360,360,360,360,360,360,,360,360,360,360,360,360,360,360,360,360,45360
,,,,Administrative,,,,,,,,,,,,,,,,,,,,,,,,,,,,,,,,,,,,,,,,,,,,,,,,,,,,,,,,,,,,,,,,,,,,,,,,,,,,,,,,,,,,,,,,,,,,,,,,,,,,,,,,,,,,,,,,,,,,,,,,,,,,,,,,,,,,,0
,,,,Bank Charges/Credit Card Fees,1473,2660,44506,130,11476,6689,318,331,7179,35270,527,4612,139,133,,9929,2500,25332,1404,0,856,11176,336,122,3859,267,1098,1262,1175,426,953,157,2380,538,477,409,13445,350,763,154,495,550,2287,276,75,237,527,612,24967,338,402,1980,18920,12506,490,444,945,214,202,937,14179,2461,8096,77,439,130,3945,373,309,5912,819,116,1735,20623,787,7542,324,37682,445,3533,1000,26223,13867,11936,,138,443,256,2699,246,387,19930,1016,14631,427,857,400,852,1355,8418,232,4751,156,532,3001,2167,168,208,721,259,2832,181,320,1920,,364,47,790,542,173,607,1612,23689,197,284,22297,36048,588,12230,426,8728,4418,607311.41
,,,,Legal Fees,0,0,0,0,0,0,0,0,0,0,0,0,0,0,,0,,0,,0,0,0,0,0,0,0,0,0,0,0,0,0,0,0,0,0,0,0,0,0,0,0,0,0,0,0,0,0,0,0,0,0,0,0,0,0,0,0,0,0,0,0,0,0,0,0,0,0,0,0,0,0,0,0,0,0,0,0,0,0,0,0,0,0,,0,25,0,0,0,0,0,0,0,0,0,0,0,0,0,0,0,0,0,0,0,0,0,0,0,0,0,0,0,,0,0,0,0,0,0,,0,0,0,0,0,0,0,0,0,0,25
,,,,Licenses and Permits,0,0,0,0,0,0,0,0,0,0,0,0,0,0,,0,,0,,0,0,0,0,0,0,0,0,0,0,0,0,0,0,0,0,0,0,0,0,0,0,0,0,0,0,0,0,0,0,0,0,0,0,0,0,0,0,0,0,0,0,0,0,0,0,0,0,0,0,0,0,0,0,0,0,0,0,0,0,0,0,0,0,0,,0,0,0,0,0,0,0,0,0,0,0,0,0,0,0,0,0,0,0,0,0,0,0,0,0,0,0,0,0,,0,0,0,0,0,0,,0,0,0,0,0,0,0,0,0,0,0
,,,,Postage expense,0,0,0,0,0,0,0,0,0,0,0,0,0,0,,0,,0,,0,0,0,0,0,0,0,0,0,0,0,0,0,0,0,0,0,0,0,0,0,0,0,0,0,0,0,0,0,0,0,0,0,0,0,0,0,0,0,0,0,0,0,0,0,0,0,0,0,0,0,0,0,0,0,0,0,0,0,0,0,0,0,0,0,,0,0,0,0,0,0,0,0,0,0,0,0,0,0,0,0,0,0,0,0,0,0,0,0,0,0,0,0,0,,0,0,0,0,0,0,,0,0,0,0,0,0,0,0,0,0,0
,,,,Professional Fees,0,0,0,0,0,0,0,0,0,0,0,0,0,0,,0,,0,,0,0,0,0,0,0,0,0,0,0,0,0,0,0,0,0,0,0,0,0,0,0,0,0,0,0,0,0,0,0,0,0,0,0,0,0,0,0,0,0,0,0,0,0,0,0,0,0,0,0,0,0,0,0,0,0,0,0,0,0,0,0,0,0,0,,0,0,0,0,0,0,0,0,0,0,0,0,0,0,0,0,0,0,0,0,0,0,0,0,0,0,0,0,0,,0,0,0,0,0,0,,0,0,0,0,0,0,0,0,0,0,0
,,,,Publications and Printing,0,0,0,0,0,0,0,0,0,0,0,0,0,0,,0,,0,,0,0,0,0,0,0,0,0,0,0,0,0,0,0,0,0,0,0,0,0,0,0,0,0,0,0,0,0,0,500,0,0,0,0,0,0,0,0,0,0,0,0,0,0,0,0,0,0,0,0,0,0,0,0,0,0,0,0,0,0,0,0,0,0,0,,0,0,0,0,0,0,0,0,0,0,0,0,0,0,0,0,0,0,0,0,0,0,0,0,0,0,0,0,0,,0,0,0,0,0,0,,0,0,0,0,0,0,0,0,0,0,499.95
,,,,PROFESSIONAL AND ADMIN - Other,0,0,0,0,0,0,0,0,0,0,0,0,0,0,0,0,0,0,0,0,0,0,0,0,0,0,0,0,0,0,0,0,0,0,0,0,0,0,0,0,0,0,0,0,0,0,0,0,0,0,0,0,0,0,0,0,0,0,0,0,0,0,0,0,0,0,0,0,0,0,0,0,0,0,0,0,0,0,0,0,0,0,0,0,0,0,0,0,0,0,0,0,0,0,0,0,0,0,0,0,0,0,0,0,0,0,0,0,0,0,0,0,0,0,0,0,0,0,0,0,0,0,0,0,0,0,0,0,0,0,0,0,0
,,,Total PROFESSIONAL AND ADMIN,,1833,3020,44866,490,11836,7049,678,691,7539,35630,887,4972,499,493,0,10289,2860,25692,1404,0,1216,11536,696,482,4219,627,1458,1622,1535,786,1313,517,2740,898,837,769,13805,710,1123,514,855,910,2647,636,435,597,887,972,25826,698,762,2340,19280,12866,850,804,1305,574,562,1297,14539,2821,8456,437,799,490,4305,733,669,6272,1179,476,2095,20983,1147,7902,684,38042,805,3893,1360,26583,14227,12296,0,498,828,616,3059,606,747,20290,1376,14991,787,1217,760,1212,1715,8778,592,5111,516,892,3361,2527,528,568,1081,619,3192,541,680,2280,0,724,407,1150,902,533,967,1612,24049,557,644,22657,36408,948,12590,786,9088,4778,653196.36
,,,Reconciliation Discrepancies,,,,,,,,,,,,,,,,,,,,,,,,,,,,,,,,,,,,,,,,,,,,,,,,,,,,,,,,,,,,,,,,,,,,,,,,,,,,,,,,,,,,,,,,,,,,,,,,,,,,,,,,,,,,,,,,,,,,,,,,,,,,,,,,,,,,,,0
,,,RENT.,,,,,,,,,,,,,,,,,,,,,,,,,,,,,,,,,,,,,,,,,,,,,,,,,,,,,,,,,,,,,,,,,,,,,,,,,,,,,,,,,,,,,,,,,,,,,,,,,,,,,,,,,,,,,,,,,,,,,,,,,,,,,,,,,,,,,,
,,,,Rent,0,7870,195000,0,0,0,0,0,0,670530,9000,101228,0,0,,114261,,412000,,0,0,185400,6335,0,29252,0,0,10,0,0,7541,0,0,8652,0,0,322428,0,5645,0,4800,0,31724,2472,0,0,0,2979,0,0,2352,1624,236900,103000,0,1391,0,0,0,2469,224952,46350,132355,0,0,0,51500,0,0,123600,0,0,2060,0,0,0,0,0,0,4970,10564,515000,121382,0,100000,0,0,0,41200,0,0,391400,15339,195700,6180,0,0,0,0,51500,0,72100,0,0,0,0,0,0,0,0,25750,0,412,0,30000,0,0,2500,0,0,0,,424360,6674,0,449904,412000,0,0,0,131652,75000,6129265.17
,,,,Storage Unit,3490,0,3528,0,0,1749,0,919,0,2380,0,0,0,0,,0,,129,1605,1240,1531,0,800,803,0,1169,0,618,335,0,2648,1102,0,742,0,1154,0,1298,1421,0,0,0,0,596,0,736,3966,0,0,0,1211,0,0,0,1128,0,0,0,0,964,0,441,0,1004,1020,1403,0,0,75,2857,3600,283,1223,0,0,0,0,0,1066,2985,0,1117,0,0,,0,1075,660,0,0,494,0,0,0,0,4063,1627,0,0,0,0,0,0,0,0,0,0,238,1260,0,0,524,0,1421,,1471,0,2760,827,0,0,,265,0,2075,1508,1254,1178,0,1774,0,599,79411.65
,,,,RENT. - Other,0,0,0,0,0,0,0,0,0,0,0,0,0,0,0,0,0,0,0,0,0,0,0,0,0,0,0,0,0,0,0,0,0,0,0,0,0,0,0,0,0,0,0,0,0,0,0,0,0,0,0,0,0,0,0,0,0,0,0,0,0,0,0,0,0,0,0,0,0,0,0,0,0,0,0,0,0,0,0,0,0,0,0,0,0,0,0,0,0,0,0,0,0,0,0,0,0,0,0,0,0,0,0,0,0,0,0,0,0,0,0,0,0,0,0,0,0,0,0,0,0,0,0,0,0,0,0,0,0,0,0,0,0
,,,Total RENT.,,3490,7870,198528,0,0,1749,0,919,0,672910,9000,101228,0,0,0,114261,0,412129,1605,1240,1531,185400,7135,803,29252,1169,0,628,335,0,10189,1102,0,9394,0,1154,322428,1298,7066,0,4800,0,31724,3068,0,736,3966,2979,0,0,3564,1624,236900,103000,1128,1391,0,0,0,3433,224952,46791,132355,1004,1020,1403,51500,0,75,126457,3600,283,3283,0,0,0,0,0,1066,7955,10564,516117,121382,0,100000,0,1075,660,41200,0,494,391400,15339,195700,6180,4063,1627,0,0,51500,0,72100,0,0,0,0,0,238,1260,0,25750,524,412,1421,30000,1471,0,5260,827,0,0,0,424625,6674,2075,451412,413254,1178,0,1774,131652,75599,6208676.82
,,,SUPPLIES.,,,,,,,,,,,,,,,,,,,,,,,,,,,,,,,,,,,,,,,,,,,,,,,,,,,,,,,,,,,,,,,,,,,,,,,,,,,,,,,,,,,,,,,,,,,,,,,,,,,,,,,,,,,,,,,,,,,,,,,,,,,,,,,,,,,,,,
,,,,Cleaning,0,0,2597,0,200,0,0,0,541,5150,0,0,0,16,,860,,47,,0,0,1706,0,0,0,0,339,0,0,0,0,0,0,0,0,0,130,0,0,0,116,0,0,0,0,0,0,0,389,0,0,0,0,327,0,88,0,0,0,0,0,0,97,0,0,0,100,0,0,0,0,0,0,0,0,47,0,199,0,0,0,359,0,0,,0,0,0,0,0,0,0,46,82,111,0,0,0,0,0,0,21,0,0,0,0,0,0,0,0,712,0,0,0,,0,0,0,0,0,71,,135,0,0,113,57,0,13,0,0,0,14668.42
,,,,Kitchen,0,0,3893,0,179,0,0,0,7390,11,0,0,0,0,,50,,101,,0,0,1000,0,0,0,0,16,0,0,0,0,0,0,0,0,0,5150,0,0,0,0,0,500,0,0,0,0,0,5000,0,0,0,6905,680,0,0,0,0,0,0,2070,0,2732,0,0,0,0,0,0,0,0,0,0,5500,0,6061,0,16113,0,329,0,4011,3786,4120,,0,0,0,156,0,0,3679,0,0,65,0,0,0,127,0,0,701,46,0,0,0,0,0,0,0,0,0,0,0,,0,0,0,0,0,0,,9812,0,0,4247,10000,0,5995,0,1175,99,111700.66
,,,,Supplies,0,0,0,0,0,0,0,0,0,0,0,0,0,0,,0,,0,,0,0,0,0,0,0,0,0,0,0,0,0,0,0,0,0,0,0,0,0,0,0,0,0,0,0,0,0,0,0,0,0,0,0,0,0,0,0,0,0,0,0,0,0,0,0,0,0,0,0,0,0,0,0,0,0,0,0,0,0,0,0,0,0,0,,0,0,0,0,0,0,0,0,0,0,0,0,0,0,0,0,0,0,0,0,0,0,0,0,0,0,0,0,0,,0,0,0,0,0,0,,0,0,0,0,0,0,0,0,0,0,0
,,,,SUPPLIES. - Other,0,0,0,0,0,0,0,0,0,0,0,0,0,0,0,0,0,0,0,0,0,0,0,0,0,0,0,0,0,0,0,0,0,0,0,0,0,0,0,0,0,0,0,0,0,0,0,0,0,0,0,0,0,0,0,0,0,0,0,0,0,0,0,0,0,0,0,0,0,0,0,0,0,0,0,0,0,0,0,0,0,0,0,0,0,0,0,0,0,0,0,0,0,0,0,0,0,0,0,0,0,0,0,0,0,0,0,0,0,0,0,0,0,0,0,0,0,0,0,0,0,0,0,0,0,0,0,0,0,0,0,0,0
,,,Total SUPPLIES.,,0,0,6490,0,379,0,0,0,7931,5161,0,0,0,16,0,910,0,148,0,0,0,2706,0,0,0,0,355,0,0,0,0,0,0,0,0,0,5280,0,0,0,116,0,500,0,0,0,0,0,5389,0,0,0,6905,1007,0,88,0,0,0,0,2070,0,2830,0,0,0,100,0,0,0,0,0,0,5500,0,6108,0,16312,0,329,0,4371,3786,4120,0,0,0,0,156,0,0,3679,46,82,176,0,0,0,127,0,0,722,46,0,0,0,0,0,0,0,712,0,0,0,0,0,0,0,0,0,71,0,9947,0,0,4360,10057,0,6009,0,1175,99,126369.08
,,,TRAVEL.,,,,,,,,,,,,,,,,,,,,,,,,,,,,,,,,,,,,,,,,,,,,,,,,,,,,,,,,,,,,,,,,,,,,,,,,,,,,,,,,,,,,,,,,,,,,,,,,,,,,,,,,,,,,,,,,,,,,,,,,,,,,,,,,,,,,,,
,,,,Travel,0,800,452,0,1771,486,0,392,1118,0,0,0,0,0,,565,,1200,,0,0,1187,0,0,0,0,0,0,0,0,0,0,0,0,0,0,0,0,0,0,0,857,836,0,0,0,0,0,660,0,0,0,1200,1000,0,0,0,0,0,0,800,0,994,0,0,0,675,0,0,798,0,0,0,539,0,0,0,124,0,500,0,250,1000,0,,0,0,0,0,0,0,800,0,508,0,0,0,0,0,295,0,765,0,0,305,0,0,0,0,0,426,0,0,0,,0,0,0,0,258,0,,1181,0,0,1000,1200,0,820,0,367,0,26128.93
,,,,TRAVEL. - Other,0,0,0,0,0,0,0,0,0,0,0,0,0,0,,0,,0,,0,0,0,0,0,0,0,0,0,0,0,0,0,0,0,0,0,0,0,0,0,0,0,0,0,0,0,0,0,0,0,0,0,0,0,0,0,0,0,0,0,0,0,0,0,0,0,0,0,0,0,0,0,0,0,0,0,0,0,0,0,0,0,0,0,,0,0,0,0,0,0,0,0,0,0,0,0,0,0,0,0,0,0,0,0,0,0,0,0,0,0,0,0,0,,0,0,0,0,0,0,,0,0,0,0,0,0,44,0,0,0,43.58
,,,Total TRAVEL.,,0,800,452,0,1771,486,0,392,1118,0,0,0,0,0,0,565,0,1200,0,0,0,1187,0,0,0,0,0,0,0,0,0,0,0,0,0,0,0,0,0,0,0,857,836,0,0,0,0,0,660,0,0,0,1200,1000,0,0,0,0,0,0,800,0,994,0,0,0,675,0,0,798,0,0,0,539,0,0,0,124,0,500,0,250,1000,0,0,0,0,0,0,0,0,800,0,508,0,0,0,0,0,295,0,765,0,0,305,0,0,0,0,0,426,0,0,0,0,0,0,0,0,258,0,0,1181,0,0,1000,1200,0,864,0,367,0,26172.51
,,,UTILITIES.,,,,,,,,,,,,,,,,,,,,,,,,,,,,,,,,,,,,,,,,,,,,,,,,,,,,,,,,,,,,,,,,,,,,,,,,,,,,,,,,,,,,,,,,,,,,,,,,,,,,,,,,,,,,,,,,,,,,,,,,,,,,,,,,,,,,,,
,,,,Alarm System-Monthly Monitoring,0,500,0,0,0,712,0,0,600,2472,0,0,0,0,,0,,313,,0,0,0,0,0,0,0,0,0,0,0,0,0,0,0,0,0,603,0,0,0,0,0,0,0,0,0,0,0,0,0,0,0,803,0,0,0,0,0,0,0,0,676,512,0,0,0,0,0,0,0,0,0,0,311,0,0,0,1490,0,0,0,717,592,0,,0,0,0,0,0,0,500,0,838,0,0,0,0,0,916,0,0,0,0,0,0,0,0,0,0,0,0,0,0,,0,0,0,0,0,0,,1051,0,0,901,543,0,0,0,309,0,15358.65
,,,,Cable,0,1455,4485,0,2328,3399,0,0,914,2472,0,136,0,0,,1393,,1528,,0,0,1425,0,0,856,0,2100,0,0,0,247,0,0,1698,0,0,948,0,0,0,0,0,1873,0,886,0,0,0,6157,0,0,0,1144,1041,0,0,725,0,0,0,1518,194,2867,0,887,0,1207,0,0,1427,0,0,0,1816,0,1374,0,1832,0,2527,0,1312,5160,2103,,0,0,0,1072,0,0,795,0,2656,0,0,0,0,0,3604,0,820,0,0,0,1565,0,0,0,0,0,0,0,0,,0,0,0,0,0,0,,1326,0,0,7678,1885,0,1623,0,1074,2400,87932.09
,,,,Circuit and Alarm,0,173,0,0,0,0,0,0,0,0,0,0,0,0,,0,,2144,,0,0,0,0,0,0,0,0,0,0,0,0,0,0,0,0,0,0,0,0,0,0,0,0,0,0,0,0,0,1605,0,0,0,2929,940,0,0,0,0,0,0,5264,0,126,0,0,0,0,0,0,0,0,0,0,54,0,0,0,670,0,0,0,1390,0,254,,0,0,0,0,0,0,0,0,1409,0,0,0,0,0,13381,0,0,0,0,0,409,0,0,0,0,0,0,0,0,,0,0,0,0,0,0,,3504,0,0,2228,0,0,0,0,0,0,36481.27
,,,,Electricity,0,4009,11200,0,11505,11161,0,0,7114,7416,0,3806,0,0,,6073,,65745,,0,0,11810,0,0,638,0,0,1822,0,0,0,0,0,0,0,0,13072,0,0,0,0,0,2038,0,0,0,0,0,24240,0,0,0,10288,11555,0,0,786,0,0,0,28067,1293,10529,0,0,0,2574,0,0,4892,0,0,0,30607,0,0,0,11704,0,4743,0,12576,19248,28840,13223,0,0,0,5493,0,0,21541,0,12772,0,0,0,0,0,7872,0,3755,0,0,0,1590,0,0,0,0,1242,0,0,0,13223,0,0,0,0,0,0,,7931,0,0,19876,52554,0,10327,0,11282,5000,547033.34
,,,,Fax Line,,,,,,,,,,,,,,,,,,,,,,,,,,,,,,,,,,,,,,,,,,,,,,,,,,,,,,,,,,,,,,,,,,,,,,,,,,,,,,,,,,,,,,,,,,,,,,,,,,,,,,,,,,,,,,,,,,,,,,,,,,,,,,,,,,,,,0
,,,,Gas,0,1133,4358,0,6854,1028,0,0,7457,7416,0,3613,0,0,0,7803,,4932,,0,0,2873,0,0,475,0,0,0,0,0,0,0,0,0,0,0,2811,0,0,0,0,0,1336,0,0,0,0,0,2480,0,0,0,11478,5667,0,0,584,0,0,0,692,1146,2157,0,0,0,662,0,0,1312,0,0,0,3157,0,0,0,2910,0,2577,0,2555,6595,2176,,0,0,0,1398,0,0,9610,0,11290,0,0,0,0,0,7091,0,3499,0,0,0,440,0,0,0,0,2968,0,0,0,,0,0,0,0,0,0,,5969,0,0,4548,6049,0,986,0,4637,5000,161724.58
,,,,House Director Phone,0,0,0,0,0,0,0,0,0,0,0,0,0,0,0,0,,0,,0,0,0,0,0,0,0,0,0,0,0,0,0,0,0,0,0,0,0,0,0,0,0,0,0,0,0,0,0,0,0,0,0,0,0,0,0,0,0,0,0,0,0,0,0,0,0,0,0,0,0,0,0,0,206,0,0,0,0,0,0,0,0,0,0,,0,0,0,0,0,0,0,0,0,0,0,0,0,0,0,0,0,0,0,0,0,0,0,0,0,0,0,0,0,,0,0,0,0,0,0,,0,0,0,0,0,0,469,0,0,0,675.33
,,,,House Phone,0,1055,6798,0,3349,2100,0,0,1500,1236,0,0,0,0,0,656,,0,,0,0,1526,0,0,16,0,0,797,0,0,0,0,0,0,0,0,1803,0,0,0,0,0,265,0,0,0,0,0,6235,0,0,0,4477,1708,0,0,0,0,0,0,935,1273,0,0,0,0,513,0,0,0,0,0,0,2647,0,0,0,0,0,542,0,0,1698,0,,0,0,0,824,0,0,0,0,1513,0,0,0,0,0,684,0,0,0,0,0,0,0,0,0,0,1413,0,0,0,,0,0,0,0,0,0,,993,0,0,670,3622,0,1378,0,0,0,52223.65
,,,,Internet,0,1122,0,0,12000,2580,0,0,2460,4120,0,3600,0,0,0,2500,,1925,,0,0,3187,0,0,959,0,149,1236,0,0,0,0,0,90,0,0,1496,0,0,0,0,0,1061,0,718,0,0,0,1366,0,0,0,3852,4761,0,0,1004,0,0,0,4224,726,186,0,0,0,285,0,0,1965,0,0,0,11590,0,0,0,2192,0,1202,0,1802,4859,0,,0,0,0,802,0,0,2556,0,2527,0,0,0,0,0,5500,0,728,0,0,0,323,0,0,0,0,2422,0,0,0,,0,0,0,0,0,0,,2142,0,0,2595,0,0,6808,0,2533,0,108155.29
,,,,Kitchen Telephone,,,,,,,,,,,,,,,0,,,,,,,,,,,,,,,,,,,,,,,,,,,,,,,,,,,,,,,,,,,,,,,,,,,,,,,,,,,,,,,,,,,,,,,,,,,,,,,,,,,,,,,,,,,,,,,,,,,,,,,,,,,,,,,,,,,,,,0
,,,,Phone and Fax,,,,,,,,,,,,,,,0,,,,,,,,,,,,,,,,,,,,,,,,,,,,,,,,,,,,,,,,,,,,,,,,,,,,,,,,,,,,,,,,,,,,,,,,,,,,,,,,,,,,,,,,,,,,,,,,,,,,,,,,,,,,,,,,,,,,,,0
,,,,Postage Expense - DO NOT USE,,,,,,,,,,,,,,,0,,,,,,,,,,,,,,,,,,,,,,,,,,,,,,,,,,,,,,,,,,,,,,,,,,,,,,,,,,,,,,,,,,,,,,,,,,,,,,,,,,,,,,,,,,,,,,,,,,,,,,,,,,,,,,,,,,,,,,0
,,,,Recycling,0,0,0,0,0,0,0,0,680,2060,0,0,0,0,0,0,,0,,0,0,0,0,0,0,0,0,0,0,0,0,0,0,0,0,0,0,0,0,0,0,0,0,0,0,0,0,0,0,0,0,0,685,0,0,0,0,0,0,0,0,0,0,0,0,0,0,0,0,0,0,0,0,0,0,0,0,0,0,0,0,0,0,0,,0,0,0,0,0,0,0,0,0,0,0,0,0,0,0,0,0,0,0,0,0,0,0,0,0,0,0,0,0,,0,0,0,0,0,0,,0,0,0,0,0,0,0,0,0,0,3425.27
,,,,Room Phones,,,,,,,,,,,,,,,0,,,,,,,,,,,,,,,,,,,,,,,,,,,,,,,,,,,,,,,,,,,,,,,,,,,,,,,,,,,,,,,,,,,,,,,,,,,,,,,,,,,,,,,,,,,,,,,,,,,,,,,,,,,,,,,,,,,,,,0
,,,,Security,0,0,30435,0,0,0,0,0,0,0,0,0,0,0,0,0,,0,,0,0,0,0,0,0,0,0,0,0,0,0,0,0,0,0,0,0,0,0,0,0,0,0,0,0,0,0,0,0,0,0,0,0,0,0,0,0,0,0,0,4542,0,0,0,0,0,0,0,0,0,0,0,0,22866,0,0,0,9029,0,0,0,0,0,0,,0,0,0,0,0,0,0,0,0,0,0,0,0,0,0,0,0,0,0,0,0,0,0,0,0,0,0,0,0,,0,0,0,0,0,0,,0,0,0,3451,0,0,0,0,0,2400,72723.48
,,,,Telephone,0,0,0,0,0,0,0,0,0,0,0,0,0,0,0,547,,2460,,0,0,0,0,0,0,0,0,0,0,0,0,0,0,0,0,0,0,0,0,0,0,0,0,0,0,0,0,0,0,0,0,0,52,0,0,0,0,0,0,0,952,0,0,0,1316,0,0,0,0,0,0,0,0,0,0,0,0,4898,0,675,0,258,1328,0,,0,0,0,0,0,0,1239,0,0,0,0,0,0,0,0,0,1518,0,0,0,0,0,0,0,0,0,0,0,0,,0,0,0,0,0,0,,0,0,0,2138,0,0,0,0,0,0,17380.78
,,,,Trash removal,0,824,471,0,5232,800,0,0,901,2060,0,1075,0,0,0,2241,,2060,,0,0,2074,0,0,373,0,0,0,0,0,0,0,0,0,0,0,8267,0,0,0,0,0,0,0,0,0,0,0,3651,0,0,0,5237,6468,0,0,0,0,0,0,1812,0,3143,0,0,0,1714,0,0,0,0,0,0,6370,0,0,0,1457,0,612,0,2148,3641,0,,0,0,0,164,0,0,3516,0,13068,0,0,0,0,0,2808,0,1960,0,0,0,818,0,0,0,0,1305,0,0,150,,0,0,0,0,0,0,,8430,0,0,1759,4920,0,2273,0,495,1000,105299.23
,,,,Utilities,0,0,0,0,0,0,0,0,0,0,0,0,0,0,0,0,,0,,0,0,0,0,0,0,0,0,0,0,0,0,0,0,0,0,0,0,0,0,0,0,0,0,0,0,0,0,0,0,0,0,0,0,0,0,0,0,0,0,0,0,0,0,0,0,0,0,0,0,0,0,0,0,0,0,0,0,0,0,0,0,0,0,0,,0,0,0,0,0,0,0,0,0,0,0,0,0,0,0,0,0,0,0,0,0,0,0,0,0,0,0,0,0,,0,0,0,0,0,0,,0,0,0,0,0,0,0,0,0,0,0
,,,,Water and sewer,0,1185,3721,0,6046,3116,0,0,5742,2472,0,1085,0,0,0,3944,,11499,,0,0,2643,0,0,2637,0,0,538,0,0,0,0,0,0,0,0,2384,0,0,0,0,0,988,0,0,0,0,0,13312,0,0,0,6493,4232,0,0,0,0,0,0,9417,315,1255,0,0,0,1185,0,0,330,0,0,0,13069,0,0,0,1953,0,1847,0,5482,5029,8859,,0,0,0,454,0,0,6466,0,6124,0,0,0,0,0,4145,0,1066,0,0,0,1231,0,0,0,0,1777,0,0,750,,0,0,0,0,0,0,,18271,0,0,8464,10225,0,2889,0,2291,1000,185930.13
,,,,UTILITIES. - Other,0,0,0,0,0,0,0,0,0,0,0,0,0,0,0,0,0,0,0,0,0,0,0,0,0,0,0,0,0,0,0,0,0,0,0,0,0,0,0,0,0,0,0,0,0,0,0,0,0,0,0,0,0,0,0,0,0,0,0,0,0,0,0,0,0,0,0,0,0,0,0,0,0,0,0,0,0,0,0,0,0,0,0,0,0,0,0,0,0,0,0,0,0,0,0,0,0,0,0,0,0,0,0,0,0,0,0,0,0,0,0,0,0,0,0,0,0,0,0,0,0,0,0,0,0,0,0,0,0,0,0,0,0
,,,Total UTILITIES.,,0,11457,61468,0,47315,24896,0,0,27367,31724,0,13314,0,0,0,25157,0,92606,0,0,0,25539,0,0,5955,0,2249,4393,0,0,247,0,0,1788,0,0,31384,0,0,0,0,0,7560,0,1604,0,0,0,59047,0,0,0,47441,36372,0,0,3100,0,0,0,57423,5622,20776,0,2203,0,8140,0,0,9926,0,0,0,92694,0,1374,0,38136,0,14725,0,28240,48151,42232,13223,0,0,0,10207,0,0,46222,0,52197,0,0,0,0,0,46001,0,13346,0,0,0,6377,0,0,0,0,11127,0,0,900,13223,0,0,0,0,0,0,0,49616,0,0,54308,79798,0,26752,0,22623,16800,1394343.07
,,,Z Contra Account,,,,,,,,,,,,,,,,,,,,,,,,,,,,,,,,,,,,,,,,,,,,,,,,,,,,,,,,,,,,,,,,,,,,,,,,,,,,,,,,,,,,,,,,,,,,,,,,,,,,,,,,,,,,,,,,,,,,,,,,,,,,,,,,,,,,,,0
,,Total Expense,,,16033,95741,1267649,4895,453327,197213,13089,11862,405461,1277935,35602,229763,6783,7041,10444,357385,17788,1018621,16725,12021,13134,466873,14776,6032,91560,9804,28657,36616,58748,11158,23675,6878,12283,24734,12229,10783,743071,9403,30466,8232,19511,19961,122808,11757,6758,8004,14838,22461,849921,8663,11213,29565,892398,509811,14118,10370,25949,5442,9430,15281,658187,93861,327848,5496,24075,6865,126950,10816,6328,203631,12756,5373,34165,772730,11435,230331,8991,910515,9289,168595,25166,1071263,507667,620662,239096,6281,10792,6457,142474,5387,13952,787559,33450,652578,14507,15997,9362,23189,14066,365716,10790,232947,6731,9170,21139,84292,6025,6247,9513,13625,130145,6813,8877,17886,197074,11660,4434,15006,14824,7600,8229,9804,988421,11579,8620,1029655,1169977,10987,466651,10022,353772,184797,22943918.98
Net Income,,,,,42917,4712,512604,305,5718,70360,-396,1338,-118281,-177026,-14517,-45288,-1233,-1741,-244,39764,37212,-5350,-5475,1579,21141,-19837,-1376,-1132,91280,896,15263,13863,-11795,5892,26225,-578,82917,-3234,6896,5617,-185271,4580,5465,-2032,289,2039,-31323,-657,-3755,1446,6262,2025,148741,4852,4849,49622,-135609,-9578,5482,7370,16960,3095,-1330,22219,-91042,-9442,-4007,-2409,-6525,-865,30854,4097,6022,32831,20037,-773,35218,52206,20065,71346,3983,596758,8536,-24433,14834,-22379,46995,-143262,-20346,-781,6908,3743,-34504,4413,1548,9640,7200,-67338,2581,18303,6638,10879,40122,-28998,-1470,-42897,-431,12130,98861,2386,675,2053,19347,-1025,-16851,387,3963,58914,42926,2870,-2584,16644,6876,-700,16021,6446,-37567,-3679,2680,-137792,-49644,12600,22557,7028,-4656,-8027,1121431.01
