Alpha Omicron Pi Corporations,,,,,,,,,,,,,,,,,,,,,,,,,,,,,,,,,,,,,,,,,,,,,,,,,,,,,,,,,,,,,,,,,,,,,,,,,,,,,,,,,,,,,,,,,,,,,,,,,,,,,,,,,,,,,,,,,,,,,,,,,,,,,,,,,,,,,,,,,,,,,,,,,,,,,,,,,,,5:20 PM
Balance Sheet by Class,,,,,,,,,,,,,,,,,,,,,,,,,,,,,,,,,,,,,,,,,,,,,,,,,,,,,,,,,,,,,,,,,,,,,,,,,,,,,,,,,,,,,,,,,,,,,,,,,,,,,,,,,,,,,,,,,,,,,,,,,,,,,,,,,,,,,,,,,,,,,,,,,,,,,,,,,,,03/01/2017
"As of February 28, 2017",,,,,,,,,,,,,,,,,,,,,,,,,,,,,,,,,,,,,,,,,,,,,,,,,,,,,,,,,,,,,,,,,,,,,,,,,,,,,,,,,,,,,,,,,,,,,,,,,,,,,,,,,,,,,,,,,,,,,,,,,,,,,,,,,,,,,,,,,,,,,,,,,,,,,,,,,,,Accrual Basis
,,,,,,Alpha,Alpha Chi,Alpha Delta,Alpha Epsilon,Alpha Gamma,Alpha Lambda,Alpha Mu,Alpha Nu,Alpha Phi,Alpha Pi,Alpha Psi,Alpha Rho,Alpha Theta,Beta Chi,Beta Eta,Beta Gamma,Beta Kappa,Beta Nu,Beta Phi,Beta Sigma,Beta Tau,Beta Upsilon,Beta Zeta,Chi Epsilon,Chi Lambda,Chi Phi,Chi Psi,Chi Theta,Delta,Delta Beta,Delta Delta,Delta Epsilon,Delta Gamma,Delta Kappa,Delta Lambda,Delta Nu,Delta Omega,Delta Pi,Delta Rho,Delta Sigma,Delta Tau,Delta Theta,Delta Xi,Epsilon Alpha,Epsilon Chi,Epsilon Gamma,Epsilon Omega,Epsilon Sigma,Gamma,Gamma Alpha,Gamma Chi,Gamma Delta,Gamma Omicron,Gamma Phi,Gamma Sigma,Gamma Theta,Iota,Iota Chi,Iota Sigma,Iota Theta,Kappa Alpha,Kappa Chi,Kappa Delta,Kappa Gamma,Kappa Kappa,Kappa Lambda,Kappa Oemga,Kappa Omega,Kappa Omicron,Kappa Phi,Kappa Rho,Kappa Sigma,Kappa Tau,Lambda Alpha,Lambda Beta,Lambda Chi,Lambda Delta,Lambda Epsilon,Lambda Eta,Lambda Iota,Lambda Lambda,Lambda Omicron,Lambda Rho,Lambda Sigma,Lambda Tau,Lambda Upsilon,Mu Lambda,My lambda,Nu Beta,Nu Omega,Nu Omicron,Oega siga,Omega,Omega Sigma,Omega Upsilon,Omicron,Omicron Pi,Phi Alpha,Phi Beta,Phi Chi,Phi Delta,Phi Gamma,Phi Lambda,Phi Sigma,Phi Upsilon,Pi Alpha,Pi Delta,Pi Omicron,Pi Theta,Rho Beta,Rho Delta,Rho Omicron,Sigma Alpha,Sigma Beta,Sigma Chi,Sigma Delta,Sigma Gamma,Sigma Omicron,Sigma Phi,Sigma Rho,Sigma Tau,Sigma Theta,Tau Delta,Tau Gamma,Tau Lambda,Tau Mu,Tau Omega,Tau Omicron,Theta Beta,Theta Chi,Theta Iota,Theta Omega,Theta Pi,Theta Psi,Theta Sigma,Upsilon,Upsilon Beta,Upsilon Lambda,Xi,Xi Omicron,Xi Rho,Zeta,Zeta Pi,Zeta Psi,Zeta Theta,ZZ - Delta Psi,ZZ - Sigma,ZZ - Tau (TN),Unclassified,TOTAL
ASSETS,,,,,,,,,,,,,,,,,,,,,,,,,,,,,,,,,,,,,,,,,,,,,,,,,,,,,,,,,,,,,,,,,,,,,,,,,,,,,,,,,,,,,,,,,,,,,,,,,,,,,,,,,,,,,,,,,,,,,,,,,,,,,,,,,,,,,,,,,,,,,,,,,,,,,,,,,,,
,Current Assets,,,,,,,,,,,,,,,,,,,,,,,,,,,,,,,,,,,,,,,,,,,,,,,,,,,,,,,,,,,,,,,,,,,,,,,,,,,,,,,,,,,,,,,,,,,,,,,,,,,,,,,,,,,,,,,,,,,,,,,,,,,,,,,,,,,,,,,,,,,,,,,,,,,,,,,,,,
,,Checking/Savings,,,,,,,,,,,,,,,,,,,,,,,,,,,,,,,,,,,,,,,,,,,,,,,,,,,,,,,,,,,,,,,,,,,,,,,,,,,,,,,,,,,,,,,,,,,,,,,,,,,,,,,,,,,,,,,,,,,,,,,,,,,,,,,,,,,,,,,,,,,,,,,,,,,,,,,,,
,,,Bill.com Money In Clearing,,,0,0,0,0,0,0,0,0,0,0,0,0,0,0,0,0,0,0,0,0,0,0,0,0,0,0,0,0,0,0,0,0,0,0,0,0,0,0,0,0,0,0,0,0,0,0,0,0,0,0,0,0,0,0,0,0,0,0,0,0,0,0,0,0,0,0,0,0,0,0,0,0,0,0,0,0,0,0,0,0,0,0,0,0,0,0,0,0,0,0,0,0,0,0,0,0,0,0,0,0,0,0,0,0,0,0,0,0,0,0,0,0,0,0,0,0,0,0,0,0,0,0,0,0,0,0,0,0,0,0,0,0,0,0,0,0,0,0,0,0,0,0,0,0,0,0,0,0,0,0
,,,Bill.com Money Out Clearing*,,,0,0,0,0,0,0,0,0,0,0,0,0,0,0,0,0,0,0,0,0,0,0,0,0,0,0,0,0,0,0,0,0,0,0,0,0,343,0,0,-343,0,0,0,0,0,0,0,0,0,0,0,0,0,0,0,0,0,0,0,0,0,0,0,0,0,0,0,0,0,0,0,0,0,0,0,0,0,0,0,0,0,0,0,0,0,0,0,0,0,0,0,0,0,0,0,0,-247.56,0,0,0,0,0,0,0,0,0,0,0,0,0,0,0,0,0,0,0,0,0,0,0,0,0,0,0,0,0,0,0,0,0,0,0,0,0,0,0,0,0,0,0,0,0,0,0,0,0,0,0,-2443.38,-2690.94
,,,CASH,,,,,,,,,,,,,,,,,,,,,,,,,,,,,,,,,,,,,,,,,,,,,,,,,,,,,,,,,,,,,,,,,,,,,,,,,,,,,,,,,,,,,,,,,,,,,,,,,,,,,,,,,,,,,,,,,,,,,,,,,,,,,,,,,,,,,,,,,,,,,,,,,,,,,,,,
,,,,Cash - Billhighway Savings,,0,0,0,0,0,0,0,0,0,0,0,0,0,0,0,0,0,0,0,0,0,0,0,0,0,0,0,0,0,0,0,0,0,0,0,0,0,0,0,0,0,0,0,0,0,0,0,0,0,0,0,0,0,0,0,0,0,0,0,0,0,0,0,0,0,0,0,0,0,0,0,0,0,0,0,0,0,0,0,0,0,0,0,0,0,0,0,0,0,0,0,0,0,0,0,0,0,0,0,0,0,0,0,0,0,0,0,0,0,0,0,0,0,0,0,0,0,0,0,0,0,0,0,0,0,0,0,0,0,0,0,0,0,0,0,0,0,0,0,0,0,0,0,0,0,0,0,0,0,0
,,,,Cash - Housing,,33,1852.76,12965.17,120,6013.91,1190.02,113.3,111.08,3495.8,7022.44,24.33,1949.5,0.22,75,165,5345.99,0,660.5,9482.47,139.96,0,0.24,352.52,4086.93,61.47,-865.11,64098.91,150.14,17.48,344.37,105.71,3218.37,46851.76,360.6,52.42,720,217.45,240.47,0.29,8074.24,83.4,315.25,-48.39,75.37,1.8,263.26,50.13,58.29,159.58,4573.95,0,190.87,6715.48,50,590.74,586.33,14378.26,0,4919.1,227.35,371.2,331.43,30,200.46,68.15,0,0,3809.28,109.23,0,2323.94,50.66,12952.64,50.21,2406.17,-99.03,512.17,0,4138.39,95.46,0,50.15,460.63,5730.78,475.19,1775.05,43.55,0,7348.44,179.93,37813.87,0,0.71,14872.58,3699.67,48394.84,38418.29,0,1286.55,941.32,148.5,395.34,0.3,0.44,12909,323.94,6303.18,87.7,662.59,51.64,549.21,104.36,4277.71,0,194.74,223.65,96.57,891.9,689.04,53.11,20.54,16.76,5216.6,1954.75,772.15,100229.51,151.15,884.74,74.53,0.19,394.9,357.61,106.12,11077.24,0,12942.32,17.51,98.37,6013.36,7902.98,477.83,11957.37,23455.11,2303.11,1109.4,0.05,0,0,0,616378.51
,,,,Local Savings - CD,,0,0,0,0,0,0,0,0,0,0,0,0,0,0,0,54591.02,0,0,0,0,0,0,0,0,0,0,0,0,0,0,0,0,0,0,0,0,0,0,0,0,0,0,0,0,0,0,0,0,0,0,0,0,0,0,0,0,113984.44,0,0,0,0,0,0,0,29659.41,0,0,0,0,0,0,0,0,0,0,0,0,0,0,0,0,0,0,0,0,0,0,0,0,0,95661.73,0,0,0,0,0,0,0,0,10305.03,0,0,0,0,0,0,0,0,0,0,0,0,0,0,0,0,0,0,0,0,0,0,0,0,0,0,0,0,0,0,0,0,0,0,0,0,0,0,0,0,0,0,0,0,0,0,0,0,0,304201.63
,,,,Savings Other,,0,0,0,0,0,0,0,0,0,0,0,0,0,0,0,0,0,0,0,0,0,0,0,0,0,0,0,0,0,0,0,0,0,0,0,0,0,0,0,0,0,0,0,0,0,0,0,0,0,0,0,0,0,0,0,0,0,0,0,0,0,0,0,0,0,0,0,0,0,0,0,0,0,0,0,0,0,0,0,0,0,0,0,0,0,0,0,0,0,0,0,0,0,0,0,0,0,0,0,0,0,0,0,0,0,0,0,0,0,0,0,0,0,0,0,0,0,0,0,0,0,0,0,0,0,0,0,0,0,0,0,0,0,0,0,0,0,0,0,0,0,0,0,0,0,0,0,0,0,0
,,,,Wells Fargo - Fundraising,,0,0,0,0,0,0,0,0,0,0,0,0,0,0,0,0,0,0,0,0,0,0,0,0,0,0,0,0,0,0,0,0,0,0,0,0,0,0,0,0,0,0,0,0,0,0,0,0,0,0,0,0,0,0,0,0,0,0,0,0,0,0,0,0,0,0,0,0,0,0,0,0,0,0,0,0,0,0,0,0,0,0,0,0,0,0,0,0,0,0,0,0,0,0,0,0,0,0,0,0,0,0,0,0,0,0,0,0,0,0,0,0,0,0,0,0,0,0,0,0,0,0,0,0,0,0,0,0,0,0,0,0,0,0,0,0,0,0,0,0,0,0,0,0,0,0,0,0,0,0
,,,,Wells Fargo/Cash - Contra,,0,0,0,0,0,0,0,0,0,0,0,0,0,0,0,0,0,0,0,0,0,0,0,0,0,0,0,0,0,0,0,0,0,0,0,0,0,0,0,0,0,0,0,0,0,0,0,0,0,0,0,0,0,0,0,0,0,0,0,0,0,0,0,0,0,0,0,0,0,0,0,0,0,0,0,0,0,0,0,0,0,0,0,0,0,0,0,0,0,0,0,0,0,0,0,0,0,0,0,0,0,0,0,0,0,0,0,0,0,0,0,0,0,0,0,0,0,0,0,0,0,0,0,0,0,0,0,0,0,0,0,0,0,0,0,0,0,0,0,0,0,0,0,0,0,0,0,0,0,0
,,,,Wells Fargo/Cash - Holding,,0,0,0,0,0,0,0,0,0,0,0,0,0,0,0,0,0,0,0,0,0,0,0,0,0,0,0,0,0,0,0,0,0,0,0,0,0,0,0,0,0,0,0,0,0,0,0,0,0,0,0,0,0,0,0,0,0,0,0,0,0,0,0,0,0,0,0,0,0,0,0,0,0,0,0,0,0,0,0,0,0,0,0,0,0,0,0,0,0,0,0,0,0,0,0,0,0,0,0,0,0,0,0,0,0,0,0,0,0,0,0,0,0,0,0,0,0,0,0,0,0,0,0,0,0,0,0,0,0,0,0,0,0,0,0,0,0,0,0,0,0,0,0,0,0,0,0,0,0,0
,,,,Wells Fargo/Cash - Housing,,109460.01,53215.85,2242889.57,5514.58,-30934.24,123105.9,6548.08,35853.08,-104510.28,133036.11,-27160.7,-277796.43,-6789.74,8016.37,644.42,27320.28,0,56780.57,232862,18160.56,0,24873.94,115836.15,-47515.5,-3576.74,4789.9,472735.43,10686.27,25293.33,51166.15,59934.88,7037.68,-20517.66,52801.13,8096.81,213477.63,37932.88,47859.14,2362.31,-361759.03,-27027.31,77217.87,17011.5,5018.72,2018.89,86374.03,12620.16,978.69,8004.02,1723.73,0,21709.5,419093.33,28065.22,7909.01,156808.04,-59590.45,216.17,122266.37,26279,29775.35,42945.77,4072.4,-523.76,107140.82,0,0,-319374.08,31632.17,0,-21111.87,3531.46,-31552.23,3893.86,108731.2,30463.07,5980.24,0,81794.92,50082.03,-718.92,-219.53,51502.13,389090.3,52671.96,65229.18,34507.77,0,833352.77,22508.27,80406.57,0,22339.28,-541957.64,198755.56,399902.65,-191817.88,0,6432.05,18051.75,8249.64,-93280.73,21494.4,12782.35,455947.46,34928.89,-218315.9,5059.53,78717.63,32948.56,-12831.6,-2472.76,61573.66,5686.36,-70498.73,1329.02,12056.73,352428.39,82947.98,11530.75,-3717.62,38327.29,10129.29,26208.93,10391.93,-75633.14,10415.17,144772.34,2784.71,362.14,40923.42,-491.41,7576.95,58636.39,978.93,134998.44,11301.02,8868.74,-542766.03,30122.45,49802.37,525978.44,46749.39,29124.89,22243.09,6838.03,0,-3398.14,-37448.08,7116306.36
,,,,Wells Fargo/Savings - Other,,31.1,253.15,539.3,6.01,219131.21,331.96,12.65,1824.66,96.44,292.99,17.59,52.14,1909.5,7.57,0,88139.77,0,0,20330.51,0,0,14.51,27914.8,73983,32157.21,6619.12,184.91,1515.09,919.5,5220.36,69.85,18.08,0,24437.32,1397.78,21.25,41.82,1207.16,5115.61,86671.43,910.21,31329.05,1136.19,46.26,8247.18,49797.73,1085.82,3750.98,3751.06,40.13,0,18.66,49524.05,15.95,743.72,14949.56,295.76,0,63055.74,2027,1884.51,19.42,7.87,2678.21,3766.49,0,0,342.36,453.97,0,11228.48,8200.59,23.21,646.28,595.17,18240.3,9.46,0,11410.58,25.26,0,644.14,9989.27,217091.63,32214.1,31817,18772.12,0,245722.07,25.7,119.13,0,55.41,73672.77,264.28,288.39,0,0,11.35,4088.47,9.14,102.72,2764.45,84874.47,106.57,36.68,238.05,9.62,1664.56,1191.86,1091.87,267.14,205.9,36.5,28548.89,12.47,8647.05,2382.45,3978.41,13.64,5738.82,14.19,12.78,5725.08,4903.41,0,1034.58,54224.4,9173.8,2533.85,10030.13,2662.49,13.16,19,0,184.6,7.75,248.79,58736.79,12644.14,43.38,215.53,30.96,236.83,26.43,1.37,0,0,0,1830163.09
,,,,CASH - Other,,0,0,0,0,0,0,0,0,0,0,0,0,0,0,0,0,0,0,0,0,0,0,0,0,0,0,0,0,0,0,0,0,0,0,0,0,0,0,0,0,0,0,0,0,0,0,0,0,0,0,0,0,0,0,0,0,0,0,0,0,0,0,0,0,0,0,0,0,0,0,0,0,0,0,0,0,0,0,0,0,0,0,0,0,0,0,0,0,0,0,0,0,0,0,0,0,0,0,0,0,0,0,0,0,0,0,0,0,0,0,0,0,0,0,0,0,0,0,0,0,0,0,0,0,0,0,0,0,0,0,0,0,0,0,0,0,0,0,0,0,0,0,0,0,0,0,0,0,12591.69,12591.69
,,,Total CASH,,,109524.11,55321.76,2256394.04,5640.59,194210.88,124627.88,6674.03,37788.82,-100918.04,140351.54,-27118.78,-275794.79,-4880.02,8098.94,809.42,175397.06,0,57441.07,262674.98,18300.52,0,24888.69,144103.47,30554.43,28641.94,10543.91,537019.25,12351.5,26230.31,56730.88,60110.44,10274.13,26334.1,77599.05,9547.01,214218.88,38192.15,49306.77,7478.21,-267013.36,-26033.7,108862.17,18099.3,5140.35,10267.87,136435.02,13756.11,4787.96,11914.66,6337.81,0,21919.03,475332.86,28131.17,9243.47,172343.93,69068.01,216.17,190241.21,28533.35,32031.06,43296.62,4110.27,2354.91,140634.87,0,0,-315222.44,32195.37,0,-7559.45,11782.71,-18576.38,4590.35,111732.54,48604.34,6501.87,0,97343.89,50202.75,-718.92,474.76,61952.03,611912.71,85361.25,98821.23,53323.44,0,1086423.28,22713.9,214001.3,0,22395.4,-453412.29,202719.51,448585.88,-153399.59,0,7729.95,33386.57,8407.28,-92782.67,24259.15,97657.26,468963.03,35289.51,-211774.67,5156.85,81044.78,34192.06,-11190.52,-2101.26,66057.27,5722.86,-41755.1,1565.14,20800.35,355702.74,87615.43,11597.5,2041.74,38358.24,15358.67,33888.76,16067.49,24596.37,11600.9,199881.48,12033.04,2896.18,51348.45,2528.69,7696.23,69732.63,978.93,148125.36,11326.28,9215.9,-478015.88,50669.57,50323.58,538151.34,70235.46,31664.83,23378.92,6839.45,0,-3398.14,-24856.39,9879641.28
,,,RESTRICTED CASH,,,,,,,,,,,,,,,,,,,,,,,,,,,,,,,,,,,,,,,,,,,,,,,,,,,,,,,,,,,,,,,,,,,,,,,,,,,,,,,,,,,,,,,,,,,,,,,,,,,,,,,,,,,,,,,,,,,,,,,,,,,,,,,,,,,,,,,,,,,,,,,,,,,,,,,,
,,,,BH In-Transit Cash - B&F Fees,,0,0,0,0,0,0,0,0,0,0,0,0,0,0,0,0,0,0,0,0,0,0,0,0,0,0,0,0,0,0,0,0,0,0,0,0,0,0,0,0,0,0,0,0,0,0,0,0,0,0,0,0,0,0,0,0,0,0,0,0,0,0,0,0,0,0,0,0,0,0,0,0,0,0,0,0,0,0,0,0,0,0,0,0,0,0,0,0,0,0,0,0,0,0,0,0,0,0,0,0,0,0,0,0,0,0,0,0,0,0,0,0,0,0,0,0,0,0,0,0,0,0,0,0,0,0,0,0,0,0,0,0,0,0,0,0,0,0,0,0,0,0,0,0,0,0,0,0,0,0
,,,,BH In-Transit Cash - Damage,,0,0,0,0,0,0,0,0,0,0,0,0,0,0,0,0,0,0,0,0,0,0,0,0,0,0,0,0,0,0,0,0,0,0,0,0,0,0,0,0,0,0,0,0,0,0,0,0,0,0,0,0,0,0,0,0,0,0,0,0,0,0,0,0,0,0,0,0,0,0,0,0,0,0,0,0,0,0,0,0,0,0,0,0,0,0,0,0,0,0,0,0,0,0,0,0,0,0,0,0,0,0,0,0,0,0,0,0,0,0,0,0,0,0,0,0,0,0,0,0,0,0,0,0,0,0,0,0,0,0,0,0,0,0,0,0,0,0,0,0,0,0,0,0,0,0,0,0,0,0
,,,,BH In-Transit Cash - Earnest Mo,,0,0,0,0,0,0,0,0,0,0,0,0,0,0,0,0,0,0,0,0,0,0,0,0,0,0,0,0,0,0,0,0,0,0,0,0,0,0,0,0,0,0,0,0,0,0,0,0,0,0,0,0,0,0,0,0,0,0,0,0,0,0,0,0,0,0,0,0,0,0,0,0,0,0,0,0,0,0,0,0,0,0,0,0,0,0,0,0,0,0,0,0,0,0,0,0,0,0,0,0,0,0,0,0,0,0,0,0,0,0,0,0,0,0,0,0,0,0,0,0,0,0,0,0,0,0,0,0,0,0,0,0,0,0,0,0,0,0,0,0,0,0,0,0,0,0,0,0,0,0
,,,,BH In-Transit Cash - Housing,,0,0,0,0,0,0,0,0,0,0,0,0,0,0,0,0,0,0,0,0,0,0,0,0,0,0,0,0,0,0,0,0,0,0,0,0,0,0,0,0,0,0,0,0,0,0,0,0,0,0,0,0,0,0,0,0,0,0,0,0,0,0,0,0,0,0,0,0,0,0,0,0,0,0,0,0,0,0,0,0,0,0,0,0,0,0,0,0,0,0,0,0,0,0,0,0,0,0,0,0,0,0,0,0,0,0,0,0,0,0,0,0,0,0,0,0,0,0,0,0,0,0,0,0,0,0,0,0,0,0,0,0,0,0,0,0,0,0,0,0,0,0,0,0,0,0,0,0,0,0
,,,,Building and Furnishing Fee,,0,0,0,0,0,0,0,0,0,0,0,0,0,0,0,0,0,0,0,0,0,0,0,0,0,0,0,0,0,0,0,0,0,0,0,0,0,0,0,0,0,0,0,0,0,0,0,0,0,0,0,0,0,0,0,0,0,0,0,0,0,0,0,0,0,0,0,0,0,0,0,0,0,0,0,0,0,0,0,0,0,0,0,0,0,0,0,0,0,0,0,0,0,0,0,0,0,0,0,0,0,0,0,0,0,0,0,0,0,0,0,0,0,0,0,0,0,0,0,0,0,0,0,0,0,0,0,0,0,0,0,0,0,0,0,0,0,0,0,0,0,0,0,0,0,0,0,0,0,0
,,,,CD - Stillwater,,0,0,0,0,0,0,0,0,0,0,0,0,0,0,0,0,0,0,0,0,0,0,0,0,0,0,0,0,0,0,0,0,0,0,0,0,0,0,0,0,0,0,0,0,0,0,0,0,0,0,0,0,0,0,0,0,0,0,0,0,0,0,0,0,0,0,0,0,0,0,0,0,0,0,0,0,0,0,0,0,0,0,0,0,0,0,0,0,0,0,0,0,0,227618.81,0,0,0,0,0,0,0,0,0,0,0,0,0,0,0,0,0,0,0,0,0,0,0,0,0,0,0,0,0,0,0,0,0,0,0,0,0,0,0,0,0,0,0,0,0,0,0,0,0,0,0,0,0,0,0,227618.81
,,,,Contract/Damage Deposits,,0,8164.96,73385.51,0,40977.07,4704.34,0,0,15911.12,4396.13,686.13,1272.48,0,0,0,22197.58,0,0,2881.53,0,0,0,0,11978.7,0,0,29108.19,0,0,0,0,0,0,0,0,0,0,0,0,13478.06,0,0,0,0,0,14280.71,0,0,0,0,0,0,17676.71,0,0,0,10415.56,0,18754.09,0,0,0,0,0,0,0,0,23989.05,0,0,19146.43,0,0,0,19105.67,0,0,0,7814.79,0,0,0,0,10359.44,0,0,0,0,23102.13,0,1710.45,0,0,16782.38,16820.83,15853.93,0,0,0,0,0,388.42,0,0,5952.79,0,3169.47,0,0,0,0,0,12686.91,0,3872.93,0,0,0,13949.79,0,0,0,0,19650.8,0,0,0,0,0,0,0,0,0,0,0,964.68,0,0,25396.87,42875.12,0,37820.47,0,21692.64,9992.07,0,0,0,0,643366.93
,,,,Donations,,0,0,0,0,0,0,0,0,0,0,0,0,0,0,0,0,0,0,0,0,0,0,0,0,0,0,0,0,0,0,0,0,0,0,0,0,0,0,0,0,0,0,0,0,0,0,0,0,0,0,0,0,0,0,0,0,0,0,0,0,0,0,0,0,0,0,0,0,0,0,0,0,0,0,0,0,0,0,0,0,0,0,0,0,0,0,0,0,0,0,0,0,0,0,0,0,0,0,0,0,0,0,0,0,0,0,0,0,0,0,0,0,0,0,0,0,0,0,0,0,0,0,0,0,0,0,0,0,0,0,0,0,0,0,0,0,0,0,0,0,0,0,0,0,0,0,0,0,0,0
,,,,Educational Funds,,0,0,0,0,0,0,0,0,0,0,0,0,0,0,0,0,0,0,0,0,0,0,0,0,0,0,0,0,0,0,0,0,0,0,0,0,0,0,0,0,0,0,0,0,0,0,0,0,0,0,0,0,0,0,0,0,0,0,0,0,0,0,0,0,0,0,0,0,0,0,0,0,0,0,0,0,0,0,0,0,0,0,0,0,0,0,0,0,0,0,0,0,0,0,0,0,0,0,0,0,0,0,0,0,0,0,0,0,0,0,0,0,0,0,0,0,0,0,0,0,0,0,0,0,0,0,0,0,0,0,0,0,0,0,0,0,0,0,0,0,0,0,0,0,0,0,0,0,0,0
,,,,Wells Fargo - Earnest Money,,0,0,0,0,0,0,0,0,0,0,0,0,0,0,0,0,0,0,0,0,0,0,0,0,0,0,0,0,0,0,0,0,0,0,0,0,0,0,0,0,0,0,0,0,0,0,0,0,0,0,0,0,0,0,0,0,0,0,0,0,0,0,0,0,0,0,0,0,0,0,0,0,0,0,0,0,0,0,0,0,0,0,0,0,0,0,0,0,0,0,0,0,0,0,0,0,0,0,0,0,0,0,0,0,0,0,0,0,0,0,0,0,0,0,0,0,0,0,0,0,0,0,0,0,0,0,0,0,0,0,0,0,0,0,0,0,0,0,0,0,0,0,0,0,0,0,0,0,0,0
,,,,Wells Fargo/Building & Furnish,,37358.38,8050,72500,4708.34,12739.51,18791.67,6423.7,3511.01,8583.33,20844.37,20361.38,13040,5519.02,3422.42,7652,17675,0,42089.16,0,10200,0,8766.58,30796.8,533.32,10736.63,6750.53,30900,6525,21379.35,13690.38,45984.04,18558,13910,489.8,10865.62,52131.67,1750,25766.15,18607.17,3600,6903.94,2750,3971.33,14910.5,28584.35,2600,12046.87,900,8697.85,31353.6,0,42015.45,22500,4955,25159.92,60340.78,15120,0,6711.67,10606,11557.18,16237.34,3608.75,10773.99,16112.68,0,0,15083.33,0,0,4425,715.97,10156.51,2566.69,3450,9206.73,7489.48,0,6200,19553.6,0,2400.76,42194.8,26800,19750.27,4189.43,17074.77,0,103514.66,15079.66,1250,0,2555.4,25425,11653.12,9150,14900,0,4231,18313.77,5020.99,8300,7112.35,18190.99,15050,3966.66,0,3799.98,6291.04,23374.14,30434.12,11442.74,4180,11143,200,4713,56406.43,62749.03,8000,8521.49,6197.42,33843.94,10964.72,-100,6306.14,27310,14610.73,23359.26,17829.73,838.13,16359.36,29659.83,2600,15072,13059,11100,2400,23646.67,26987.5,42500,21193.43,14040,6870,17250,0,1736.7,0,0,0,2065488
,,,,Wells Fargo/Contract - Damage,,0,0,0,0,0,0,0,0,0,0,0,0,0,0,0,0,0,0,0,0,0,0,0,0,0,0,0,0,0,0,0,0,0,0,0,0,0,0,0,0,0,0,0,0,0,0,0,0,0,0,0,0,0,0,0,0,0,0,0,0,0,0,0,0,0,0,0,0,0,0,0,0,0,0,0,0,0,0,0,0,0,0,0,0,0,0,0,0,0,0,0,0,0,0,0,0,0,0,0,0,0,0,0,0,0,0,0,0,0,0,0,0,0,0,0,0,0,0,0,0,0,0,0,0,0,0,0,0,0,0,0,0,0,0,0,0,0,0,0,0,0,0,0,0,0,0,0,0,0,0
,,,,Wells Fargo/Educational,,0,0,14946.77,0,4550.19,0,0,500,0,0,0,0,0,0,0,1535.5,0,0,0,0,0,700,0,0,410,4732.1,0,0,1459.75,0,0,0,0,2350.53,825.11,0,0,725.18,0,725,125.05,3410.85,0,0,0,1001.11,0,0,0,0,0,175,0,0,0,1500.06,3373.49,0,16700.39,500,0,0,0,0,410,0,0,0,0,0,2004.03,1250.94,0,0,0,0,0,0,1205,0,0,0,0,735.57,0,0,0,0,16312.86,0,0,0,0,0,0,0,0,0,0,1000.04,0,0,0,0,410,725.14,272.04,0,887.2,1175.34,0,0,0,0,0,0,1575.58,1001.11,0,0,0,0,0,0,0,0,0,1001.11,0,500.43,0,0,0,0,0,0,0,0,0,0,0,0,0,0,0,250,0,0,0,90962.47
,,,,Wells Fargo/P.Club/Other Fund,,600,0,12175,0,0,0,0,3500,0,2420.64,0,0,1510.01,0,0,0,0,0,14333.01,0,0,1000,36,0,500,0,0,0,761.94,0,4453.57,0,0,0,0,0,0,0,128,0,0,0,196,0,0,0,41.63,0,0,0,0,0,0,1250,1095,600,0,0,11711.31,0,0,0,0,0,100,0,0,0,0,0,0,0,0,0,500,1000,-404,0,2000,0,0,0,4595.3,9800,0,4500,0,0,0,111,10084.12,0,12000,0,8119,6520,0,0,0,2500,0,0,0,0,0,1450,0,67.08,42,4887.4,0,0,0,0,0,0,0,0,0,0,0,0,8559.65,200,0,0,0,0,0,110.1,0,0,1674.55,2000,0,0,0,0,28000,0,0,7450,750,0,0,0,0,0,0,172928.31
,,,,RESTRICTED CASH - Other,,0,0,0,0,0,0,0,0,0,0,0,0,0,0,0,0,0,0,0,0,0,0,0,0,0,0,0,0,0,0,0,0,0,0,0,0,0,0,0,0,0,0,0,0,0,0,0,0,0,0,0,0,0,0,0,0,0,0,0,0,0,0,0,0,0,0,0,0,0,0,0,0,0,0,0,0,0,0,0,0,0,0,0,0,0,0,0,0,0,0,0,0,0,0,0,0,0,0,0,0,0,0,0,0,0,0,0,0,0,0,0,0,0,0,0,0,0,0,0,0,0,0,0,0,0,0,0,0,0,0,0,0,0,0,0,0,0,0,0,0,0,0,0,0,0,0,0,0,0,0
,,,Total RESTRICTED CASH,,,37958.38,16214.96,173007.28,4708.34,58266.77,23496.01,6423.7,7511.01,24494.45,27661.14,21047.51,14312.48,7029.03,3422.42,7652,41408.08,0,42089.16,17214.54,10200,0,10466.58,30832.8,12512.02,11646.63,11482.63,60008.19,6525,23601.04,13690.38,50437.61,18558,13910,2840.33,11690.73,52131.67,1750,26491.33,18735.17,17803.06,7028.99,6160.85,4167.33,14910.5,28584.35,17881.82,12088.5,900,8697.85,31353.6,0,42190.45,40176.71,6205,26254.92,62440.84,28909.05,0,53877.46,11106,11557.18,16237.34,3608.75,10773.99,16622.68,0,0,39072.38,0,0,25575.46,1966.91,10156.51,2566.69,23055.67,10206.73,7085.48,0,17219.79,19553.6,0,2400.76,46790.1,47695.01,19750.27,8689.43,17074.77,0,142929.65,15190.66,13044.57,0,14555.4,269826.19,36592.95,31523.93,14900,0,4231,21813.81,5020.99,8688.42,7112.35,18190.99,21412.79,6141.8,3441.51,3867.06,7220.24,29436.88,30434.12,11442.74,16866.91,11143,4072.93,4713,57982.01,63750.14,21949.79,8521.49,6197.42,33843.94,19524.37,19750.8,6306.14,27310,14610.73,24360.37,17829.73,1448.66,16359.36,29659.83,4274.55,17072,13059,12064.68,2400,23646.67,80384.37,85375.12,21193.43,59310.47,7620,38942.64,9992.07,1986.7,0,0,0,3200364.52
,,Total Checking/Savings,,,,147482.49,71536.72,2429401.32,10348.93,252477.65,148123.89,13097.73,45299.83,-76423.59,168012.68,-6071.27,-261482.31,2149.01,11521.36,8461.42,216805.14,0,99530.23,279889.52,28500.52,0,35355.27,174936.27,43066.45,40288.57,22026.54,597027.44,18876.5,49831.35,70421.26,110548.05,28832.13,40244.1,80439.38,21237.74,266350.55,40285.15,75798.1,26213.38,-249553.3,-19004.71,115023.02,22266.63,20050.85,38852.22,154316.84,25844.61,5687.96,20612.51,37691.41,0,64109.48,515509.57,34336.17,35498.39,234784.77,97977.06,216.17,244118.67,39639.35,43588.24,59533.96,7719.02,13128.9,157257.55,0,0,-276150.06,32195.37,0,18016.01,13749.62,-8419.87,7157.04,134788.21,58811.07,13587.35,0,114563.68,69756.35,-718.92,2875.52,108742.13,659607.72,105111.52,107510.66,70398.21,0,1229352.93,37904.56,227045.87,0,36950.8,-183586.1,239312.46,480109.81,-138747.15,0,11960.95,55200.38,13428.27,-84094.25,31371.5,115848.25,490375.82,41431.31,-208333.16,9023.91,88265.02,63628.94,19243.6,9341.48,82924.18,16865.86,-37682.17,6278.14,78782.36,419452.88,109565.22,20118.99,8239.16,72202.18,34883.04,53639.56,22373.63,51906.37,26211.63,224241.85,29862.77,4344.84,67707.81,32188.52,11970.78,86804.63,14037.93,160190.04,13726.28,32862.57,-397631.51,136044.69,71517.01,597461.81,77855.46,70607.47,33370.99,8826.15,0,-3398.14,-27299.77,13077314.86
,,Accounts Receivable,,,,,,,,,,,,,,,,,,,,,,,,,,,,,,,,,,,,,,,,,,,,,,,,,,,,,,,,,,,,,,,,,,,,,,,,,,,,,,,,,,,,,,,,,,,,,,,,,,,,,,,,,,,,,,,,,,,,,,,,,,,,,,,,,,,,,,,,,,,,,,,,,,,,,,,,,
,,,AR,,,,,,,,,,,,,,,,,,,,,,,,,,,,,,,,,,,,,,,,,,,,,,,,,,,,,,,,,,,,,,,,,,,,,,,,,,,,,,,,,,,,,,,,,,,,,,,,,,,,,,,,,,,,,,,,,,,,,,,,,,,,,,,,,,,,,,,,,,,,,,,,,,,,,,,,
,,,,Member Receivable,,8351.34,4341.77,120433.06,1331.82,-4448.11,6190.47,-751.35,1652.93,-8402.01,-14162.5,1983.74,3470.18,221.81,582.48,56.6,9364.37,0,9124.84,-3309.84,-1669.97,0,107.09,2521.62,11271.39,187.46,1129.76,7381.21,2187.03,1661.56,12643.01,1817.04,1167.67,6887.83,-6201.51,1623.81,5948.02,323.28,1813.07,10514.52,25541.84,868.33,-1408.05,-95.93,-2091.03,-271.64,4726.34,-1859.64,1559.69,1596.92,3232.09,0,1515.37,115728.55,428.46,3019.51,6630.58,-29694.95,-216.17,6207.02,524.89,2644,-248.17,522.49,2254.27,-1026.9,0,0,111782.36,6475.65,0,34313.89,600.75,-4324,1425.25,15783.06,9941.35,1968.67,0,-8057.52,3468.41,1169.93,1452.3,-50.52,-7539.08,5658.05,-324.31,6777.77,0,186587.37,4250.1,-5357.8,0,-2010.5,19592.35,124812.98,-28120.68,0,0,-164.88,-2524,282.34,-4463.62,268.12,502.3,7671.21,17366.97,-11233.12,2250.46,4559.35,2100.19,4714.35,1381.78,7683.84,0,87030.15,552.08,2438.74,6543.61,58560.63,4593.07,282.25,7987.28,2227.69,-1109.81,-279.44,0,1100.4,3555.32,-1942.33,200,-100.12,-145.97,571.67,892.31,3826.01,-52960.68,3529.08,4324.23,118532.35,257912.57,1917.8,-9890.48,-11535,43209.22,-457.42,145,0,0,0,1379614.69
,,,,AR - Other,,0,0,0,0,0,0,0,0,0,0,0,0,0,0,0,0,0,0,0,0,0,0,0,0,0,0,0,0,0,0,0,0,0,0,0,0,0,0,0,0,0,0,0,0,0,0,0,0,0,0,0,0,0,0,0,0,0,0,0,0,0,0,0,0,0,0,0,0,0,0,0,695.97,0,0,0,0,0,0,0,0,0,0,0,0,0,0,0,0,0,0,0,0,0,0,0,0,0,0,0,0,0,0,0,0,0,0,0,0,0,0,0,0,0,0,0,0,0,0,0,0,0,0,0,0,0,0,0,0,0,0,0,0,0,0,0,0,0,0,0,0,0,0,0,0,0,0,0,559.67,0,1255.64
,,,Total AR,,,8351.34,4341.77,120433.06,1331.82,-4448.11,6190.47,-751.35,1652.93,-8402.01,-14162.5,1983.74,3470.18,221.81,582.48,56.6,9364.37,0,9124.84,-3309.84,-1669.97,0,107.09,2521.62,11271.39,187.46,1129.76,7381.21,2187.03,1661.56,12643.01,1817.04,1167.67,6887.83,-6201.51,1623.81,5948.02,323.28,1813.07,10514.52,25541.84,868.33,-1408.05,-95.93,-2091.03,-271.64,4726.34,-1859.64,1559.69,1596.92,3232.09,0,1515.37,115728.55,428.46,3019.51,6630.58,-29694.95,-216.17,6207.02,524.89,2644,-248.17,522.49,2254.27,-1026.9,0,0,111782.36,6475.65,0,34313.89,1296.72,-4324,1425.25,15783.06,9941.35,1968.67,0,-8057.52,3468.41,1169.93,1452.3,-50.52,-7539.08,5658.05,-324.31,6777.77,0,186587.37,4250.1,-5357.8,0,-2010.5,19592.35,124812.98,-28120.68,0,0,-164.88,-2524,282.34,-4463.62,268.12,502.3,7671.21,17366.97,-11233.12,2250.46,4559.35,2100.19,4714.35,1381.78,7683.84,0,87030.15,552.08,2438.74,6543.61,58560.63,4593.07,282.25,7987.28,2227.69,-1109.81,-279.44,0,1100.4,3555.32,-1942.33,200,-100.12,-145.97,571.67,892.31,3826.01,-52960.68,3529.08,4324.23,118532.35,257912.57,1917.8,-9890.48,-11535,43209.22,-457.42,145,0,559.67,0,1380870.33
,,Total Accounts Receivable,,,,8351.34,4341.77,120433.06,1331.82,-4448.11,6190.47,-751.35,1652.93,-8402.01,-14162.5,1983.74,3470.18,221.81,582.48,56.6,9364.37,0,9124.84,-3309.84,-1669.97,0,107.09,2521.62,11271.39,187.46,1129.76,7381.21,2187.03,1661.56,12643.01,1817.04,1167.67,6887.83,-6201.51,1623.81,5948.02,323.28,1813.07,10514.52,25541.84,868.33,-1408.05,-95.93,-2091.03,-271.64,4726.34,-1859.64,1559.69,1596.92,3232.09,0,1515.37,115728.55,428.46,3019.51,6630.58,-29694.95,-216.17,6207.02,524.89,2644,-248.17,522.49,2254.27,-1026.9,0,0,111782.36,6475.65,0,34313.89,1296.72,-4324,1425.25,15783.06,9941.35,1968.67,0,-8057.52,3468.41,1169.93,1452.3,-50.52,-7539.08,5658.05,-324.31,6777.77,0,186587.37,4250.1,-5357.8,0,-2010.5,19592.35,124812.98,-28120.68,0,0,-164.88,-2524,282.34,-4463.62,268.12,502.3,7671.21,17366.97,-11233.12,2250.46,4559.35,2100.19,4714.35,1381.78,7683.84,0,87030.15,552.08,2438.74,6543.61,58560.63,4593.07,282.25,7987.28,2227.69,-1109.81,-279.44,0,1100.4,3555.32,-1942.33,200,-100.12,-145.97,571.67,892.31,3826.01,-52960.68,3529.08,4324.23,118532.35,257912.57,1917.8,-9890.48,-11535,43209.22,-457.42,145,0,559.67,0,1380870.33
,,Other Current Assets,,,,,,,,,,,,,,,,,,,,,,,,,,,,,,,,,,,,,,,,,,,,,,,,,,,,,,,,,,,,,,,,,,,,,,,,,,,,,,,,,,,,,,,,,,,,,,,,,,,,,,,,,,,,,,,,,,,,,,,,,,,,,,,,,,,,,,,,,,,,,,,,,,,,,,,,,
,,,*Inventory Asset,,,0,0,0,0,0,0,0,0,0,0,0,0,0,0,0,0,0,0,0,0,0,0,0,0,0,0,0,0,0,0,0,0,0,0,0,0,0,0,0,0,0,0,0,0,0,0,0,0,0,0,0,0,0,0,0,0,0,0,0,0,0,0,0,0,0,0,0,0,0,0,0,0,0,0,0,0,0,0,0,0,0,0,0,0,0,0,0,0,0,0,0,0,0,0,0,0,0,0,0,0,0,0,0,0,0,0,0,0,0,0,0,0,0,0,0,0,0,0,0,0,0,0,0,0,0,0,0,0,0,0,0,0,0,0,0,0,0,0,0,0,0,0,0,0,0,0,0,0,0,0
,,,*Undeposited Funds,,,0,0,0,0,0,0,0,0,0,0,0,0,0,0,0,0,0,0,0,0,0,0,0,0,0,0,0,0,0,0,0,0,0,0,0,0,0,0,0,0,0,0,0,0,0,0,0,0,0,0,0,0,0,0,0,0,0,0,0,0,0,0,0,0,0,0,0,0,0,0,0,0,0,0,0,0,0,0,0,0,0,0,0,0,0,0,0,0,0,0,0,0,0,0,0,0,0,0,0,0,0,0,0,0,0,0,0,0,0,0,0,0,0,0,0,0,0,0,0,0,0,0,0,0,0,0,0,0,0,0,0,0,0,0,0,0,0,0,0,0,0,0,0,0,0,0,0,0,0,0
,,,Accrued Receivables,,,0,0,0,0,0,0,0,0,0,0,0,0,0,0,0,0,0,0,0,0,0,0,0,0,0,0,0,0,0,0,0,0,0,0,0,0,0,0,0,0,0,0,0,0,0,0,0,0,0,0,0,0,0,0,0,0,0,0,0,0,0,0,0,0,0,0,0,0,0,0,0,0,0,0,0,0,0,0,0,0,0,0,0,0,0,0,0,0,0,0,0,0,0,0,0,0,0,0,0,0,0,0,0,0,0,0,0,0,0,0,0,0,0,0,0,0,0,0,0,0,0,0,0,0,0,0,0,0,0,0,0,0,0,0,0,0,0,0,0,0,0,0,0,0,0,0,0,0,0,0
,,,Interest Receivable on Loans,,,0,0,0,0,0,0,0,0,0,0,0,0,0,0,0,0,0,0,0,0,0,0,0,0,0,0,0,0,0,0,0,0,0,0,0,0,0,0,0,0,0,0,0,0,0,0,0,0,0,0,0,0,0,0,0,0,0,0,0,0,0,0,0,0,0,0,0,0,0,0,0,0,0,0,0,0,0,0,0,0,0,0,0,0,0,0,0,0,0,0,0,0,0,0,0,0,0,0,0,0,0,0,0,0,0,0,0,0,0,0,0,0,0,0,0,0,0,0,0,0,0,0,0,0,0,0,0,0,0,0,0,0,0,0,0,0,0,0,0,0,0,0,0,0,0,0,0,0,0,0
,,,OTHER CURRENT ASSETS,,,,,,,,,,,,,,,,,,,,,,,,,,,,,,,,,,,,,,,,,,,,,,,,,,,,,,,,,,,,,,,,,,,,,,,,,,,,,,,,,,,,,,,,,,,,,,,,,,,,,,,,,,,,,,,,,,,,,,,,,,,,,,,,,,,,,,,,,,,,,,,,,,,,,,,,
,,,,Allowance for bad debt.,,-6642.7,-12452.01,-184953.91,-1275,-26605.25,-21446.97,-173.9,-534.3,-1934.99,-60513.89,-2103.79,-6911.65,-97.34,-764.21,-50,-21606.23,0,-14795.11,-43911.42,0,0,0,-1826.25,-17254.03,0,-1159.46,-15213.66,-862,-1104.97,-10470.83,-2325,-1037.5,-156.96,-1816.01,-905.06,-9769.05,-252.16,-1593.5,-7358.9,-62151.66,-533.33,-657.92,0,0,-308.6,-3075.5,-641.65,-1277.49,-896.18,-3027,0,-875.27,-146130.76,-263,-2854.35,-10302.66,-24171.7,0,-14865.73,-1032.8,-1941.53,-2968.04,-418.59,-1090.77,-206.96,0,0,-112693.85,-8700.7,0,-36886.84,-550.75,0,-925.25,-23842.45,-9589.46,-1930,0,-6315.11,-2959.59,0,-1147.69,-1724.84,-18994.29,-4095.88,-3031.05,-7773.59,0,-216642.86,-3232.02,-1836.52,0,-541,-54422.82,-114011.65,-3001.6,0,0,-87.5,-176,-91.5,-765.07,-689.8,-468.3,-41973.22,-16919.79,-11316.05,-2439.26,-3313.86,-1521.58,-4279.19,-3004.84,-20586.36,0,-81816.55,-315.5,-497.4,-11945.16,-61573.89,-4215.2,-32.25,-7084,-1639,-4533.36,-294.32,0,-1563.87,-5454.25,-438,-50,-1143.84,-1242,-448.34,-1036,-3826.01,-16603.4,-2678.23,-2812.45,-158190.81,-317184.96,-1853.88,-10186.71,0,-45430,-8233.4,-145,0,0,0,-2254519.41
,,,,Deferred Expense,,0,0,0,0,0,0,0,0,0,0,0,0,0,0,0,0,0,0,0,0,0,0,0,0,0,0,0,0,0,0,0,0,0,0,0,0,0,0,0,0,0,0,0,0,0,0,0,0,0,0,0,0,0,0,0,0,0,0,0,0,0,0,0,0,0,0,0,0,0,0,0,0,0,0,0,0,0,0,0,0,0,0,0,0,0,0,0,0,0,0,0,0,0,0,0,0,0,0,0,0,0,0,0,0,0,0,0,0,0,0,0,0,0,0,0,0,0,0,0,0,0,0,0,0,0,0,0,0,0,0,0,0,0,0,0,0,0,0,0,0,0,0,0,0,0,0,0,0,0,0
,,,,Prepaid Expense,,0,0,0,0,0,0,0,0,0,0,0,0,0,0,0,0,0,0,0,0,0,0,0,0,0,0,0,0,0,0,0,0,0,0,0,0,0,0,0,0,0,0,0,0,0,0,0,0,0,0,0,0,0,0,0,0,0,0,0,0,0,0,0,0,0,0,0,0,0,0,0,0,0,0,0,0,0,0,0,0,0,0,0,0,0,0,0,0,0,0,0,0,0,0,0,0,0,0,0,0,0,0,0,0,0,0,0,0,0,0,0,0,0,0,0,0,0,0,0,0,0,0,0,0,0,0,0,0,0,0,0,0,0,0,0,0,0,0,0,0,0,0,0,0,0,0,0,0,0,0
,,,,Prepaid Insurance,,0,0,0,0,0,0,0,0,0,0,0,0,0,0,0,0,0,0,0,0,0,0,0,0,0,0,0,0,0,0,0,0,0,0,0,0,0,0,0,0,0,0,0,0,0,0,0,0,0,0,0,0,0,0,0,0,0,0,0,0,0,0,0,0,0,0,0,0,0,0,0,0,0,0,0,0,0,0,0,0,0,0,0,0,0,0,0,0,0,0,0,0,0,0,0,0,0,0,0,0,0,0,0,0,0,0,0,0,0,0,0,0,0,0,0,0,0,0,0,0,0,0,0,0,0,0,0,0,0,0,0,0,0,0,0,0,0,0,0,0,0,0,0,0,0,0,0,0,0,0
,,,,OTHER CURRENT ASSETS - Other,,0,0,0,0,0,0,0,0,0,0,0,0,0,0,0,0,0,0,0,0,0,0,0,0,0,0,0,0,0,0,0,0,0,0,0,0,0,0,0,0,0,0,0,0,0,0,0,0,0,0,0,0,0,0,0,0,0,0,0,0,0,0,0,0,0,0,0,0,0,0,0,0,0,0,0,0,0,0,0,0,0,0,0,0,0,0,0,0,0,0,0,0,0,0,0,0,0,0,0,0,0,0,0,0,0,0,0,0,0,0,0,0,0,0,0,0,0,0,0,0,0,0,0,0,0,0,0,0,0,0,0,0,0,0,0,0,0,0,0,0,0,0,0,0,0,0,0,0,0,0
,,,Total OTHER CURRENT ASSETS,,,-6642.7,-12452.01,-184953.91,-1275,-26605.25,-21446.97,-173.9,-534.3,-1934.99,-60513.89,-2103.79,-6911.65,-97.34,-764.21,-50,-21606.23,0,-14795.11,-43911.42,0,0,0,-1826.25,-17254.03,0,-1159.46,-15213.66,-862,-1104.97,-10470.83,-2325,-1037.5,-156.96,-1816.01,-905.06,-9769.05,-252.16,-1593.5,-7358.9,-62151.66,-533.33,-657.92,0,0,-308.6,-3075.5,-641.65,-1277.49,-896.18,-3027,0,-875.27,-146130.76,-263,-2854.35,-10302.66,-24171.7,0,-14865.73,-1032.8,-1941.53,-2968.04,-418.59,-1090.77,-206.96,0,0,-112693.85,-8700.7,0,-36886.84,-550.75,0,-925.25,-23842.45,-9589.46,-1930,0,-6315.11,-2959.59,0,-1147.69,-1724.84,-18994.29,-4095.88,-3031.05,-7773.59,0,-216642.86,-3232.02,-1836.52,0,-541,-54422.82,-114011.65,-3001.6,0,0,-87.5,-176,-91.5,-765.07,-689.8,-468.3,-41973.22,-16919.79,-11316.05,-2439.26,-3313.86,-1521.58,-4279.19,-3004.84,-20586.36,0,-81816.55,-315.5,-497.4,-11945.16,-61573.89,-4215.2,-32.25,-7084,-1639,-4533.36,-294.32,0,-1563.87,-5454.25,-438,-50,-1143.84,-1242,-448.34,-1036,-3826.01,-16603.4,-2678.23,-2812.45,-158190.81,-317184.96,-1853.88,-10186.71,0,-45430,-8233.4,-145,0,0,0,-2254519.41
,,,Security Deposits,,,0,0,0,0,0,0,0,0,0,10261.39,0,5840,0,0,0,0,0,0,0,0,0,0,0,15000,0,0,0,0,0,0,0,0,0,0,0,0,0,0,0,0,0,0,0,0,0,0,0,0,0,0,0,0,0,0,0,0,0,0,0,0,0,0,0,0,0,0,0,0,0,0,0,0,0,0,0,0,0,0,0,0,0,0,0,0,0,0,0,0,0,0,0,0,0,260,0,0,25000,0,0,0,0,0,0,0,10000,0,2445,800,0,0,0,5000,0,0,0,0,0,0,0,0,0,0,0,0,0,1885,0,750,0,0,0,0,0,0,0,0,0,0,0,0,0,0,0,0,4591,0,0,0,0,81832.39
,,,Undeposited Funds,,,0,0,0,0,0,0,0,0,0,0,0,0,0,0,0,0,0,0,0,0,0,0,0,0,0,0,0,0,0,0,0,0,0,0,0,0,0,0,0,0,0,0,0,0,0,0,0,0,0,0,0,0,0,0,0,0,0,0,0,0,0,0,0,0,0,0,0,0,0,0,0,0,0,0,0,0,0,0,0,0,0,0,0,0,0,0,0,0,0,0,0,0,0,0,0,0,0,0,0,0,0,0,0,0,0,0,0,0,0,0,0,0,0,0,0,0,0,0,0,0,0,0,0,0,0,0,0,0,0,0,0,0,0,0,0,0,0,0,0,0,0,0,0,0,0,0,0,0,0,0
,,Total Other Current Assets,,,,-6642.7,-12452.01,-184953.91,-1275,-26605.25,-21446.97,-173.9,-534.3,-1934.99,-50252.5,-2103.79,-1071.65,-97.34,-764.21,-50,-21606.23,0,-14795.11,-43911.42,0,0,0,-1826.25,-2254.03,0,-1159.46,-15213.66,-862,-1104.97,-10470.83,-2325,-1037.5,-156.96,-1816.01,-905.06,-9769.05,-252.16,-1593.5,-7358.9,-62151.66,-533.33,-657.92,0,0,-308.6,-3075.5,-641.65,-1277.49,-896.18,-3027,0,-875.27,-146130.76,-263,-2854.35,-10302.66,-24171.7,0,-14865.73,-1032.8,-1941.53,-2968.04,-418.59,-1090.77,-206.96,0,0,-112693.85,-8700.7,0,-36886.84,-550.75,0,-925.25,-23842.45,-9589.46,-1930,0,-6315.11,-2959.59,0,-1147.69,-1724.84,-18994.29,-4095.88,-3031.05,-7773.59,0,-216642.86,-3232.02,-1836.52,0,-541,-54162.82,-114011.65,-3001.6,25000,0,-87.5,-176,-91.5,-765.07,-689.8,-468.3,-31973.22,-16919.79,-8871.05,-1639.26,-3313.86,-1521.58,-4279.19,1995.16,-20586.36,0,-81816.55,-315.5,-497.4,-11945.16,-61573.89,-4215.2,-32.25,-7084,-1639,-4533.36,-294.32,1885,-1563.87,-4704.25,-438,-50,-1143.84,-1242,-448.34,-1036,-3826.01,-16603.4,-2678.23,-2812.45,-158190.81,-317184.96,-1853.88,-10186.71,0,-45430,-3642.4,-145,0,0,0,-2172687.02
,Total Current Assets,,,,,149191.13,63426.48,2364880.47,10405.75,221424.29,132867.39,12172.48,46418.46,-86760.59,103597.68,-6191.32,-259083.78,2273.48,11339.63,8468.02,204563.28,0,93859.96,232668.26,26830.55,0,35462.36,175631.64,52083.81,40476.03,21996.84,589194.99,20201.53,50387.94,72593.44,110040.09,28962.3,46974.97,72421.86,21956.49,262529.52,40356.27,76017.67,29369,-286163.12,-18669.71,112957.05,22170.7,17959.82,38271.98,155967.68,23343.32,5970.16,21313.25,37896.5,0,64749.58,485107.36,34501.63,35663.55,231112.69,44110.41,0,235459.96,39131.44,44290.71,56317.75,7822.92,14292.4,156023.69,0,0,-277061.55,29970.32,0,15443.06,14495.59,-12743.87,7657.04,126728.82,59162.96,13626.02,0,100191.05,70265.17,451.01,3180.13,106966.77,633074.35,106673.69,104155.3,69402.39,0,1199297.44,38922.64,219851.55,0,34399.3,-218156.57,250113.79,448987.53,-113747.15,0,11708.57,52500.38,13619.11,-89322.94,30949.82,115882.25,466073.81,41878.49,-228437.33,9635.11,89510.51,64207.55,19678.76,12718.42,70021.66,16865.86,-32468.57,6514.72,80723.7,414051.33,106551.96,20496.86,8489.16,73105.46,35471.73,47996.39,21799.87,53791.37,25748.16,223092.92,27482.44,4494.84,66463.85,30800.55,12094.11,86660.94,14037.93,90625.96,14577.13,34374.35,-437289.97,76772.3,71580.93,577384.62,66320.46,68386.69,29271.17,8826.15,0,-2838.47,-27299.77,12285498.17
,Fixed Assets,,,,,,,,,,,,,,,,,,,,,,,,,,,,,,,,,,,,,,,,,,,,,,,,,,,,,,,,,,,,,,,,,,,,,,,,,,,,,,,,,,,,,,,,,,,,,,,,,,,,,,,,,,,,,,,,,,,,,,,,,,,,,,,,,,,,,,,,,,,,,,,,,,,,,,,,,,
,,A/D Bldg Improve,,,,0,0,0,0,0,0,0,0,0,0,0,0,0,0,0,0,0,0,0,0,0,0,0,0,0,0,0,0,0,0,0,0,0,0,0,0,0,0,0,0,0,0,0,0,0,0,0,0,0,0,0,0,0,0,0,0,0,0,0,0,0,0,0,0,0,0,0,0,0,0,0,0,0,0,0,0,0,0,0,0,0,0,0,0,0,0,0,0,0,0,0,0,0,0,0,0,0,0,0,0,0,0,0,0,0,0,0,0,0,0,0,0,0,0,0,0,0,0,0,0,0,0,0,0,0,0,0,0,0,0,0,0,0,0,0,0,0,0,0,0,0,0,0,0,0,0,0,0,0,0
,,A/D Building,,,,0,0,0,0,0,0,0,0,0,0,0,0,0,0,0,0,0,0,0,0,0,0,0,0,0,0,0,0,0,0,0,0,0,0,0,0,0,0,0,0,0,0,0,0,0,0,0,0,0,0,0,0,0,0,0,0,0,0,0,0,0,0,0,0,0,0,0,0,0,0,0,0,0,0,0,0,0,0,0,0,0,0,0,0,0,0,0,0,0,0,0,0,0,0,0,0,0,0,0,0,0,0,0,0,0,0,0,0,0,0,0,0,0,0,0,0,0,0,0,0,0,0,0,0,0,0,0,0,0,0,0,0,0,0,0,0,0,0,0,0,0,0,0,0,0,0,0,0,0,0
,,A/D FFE - Beta Phi,,,,0,0,0,0,0,0,0,0,0,0,0,0,0,0,0,0,0,0,0,0,0,0,0,0,0,0,0,0,0,0,0,0,0,0,0,0,0,0,0,0,0,0,0,0,0,0,0,0,0,0,0,0,0,0,0,0,0,0,0,0,0,0,0,0,0,0,0,0,0,0,0,0,0,0,0,0,0,0,0,0,0,0,0,0,0,0,0,0,0,0,0,0,0,0,0,0,0,0,0,0,0,0,0,0,0,0,0,0,0,0,0,0,0,0,0,0,0,0,0,0,0,0,0,0,0,0,0,0,0,0,0,0,0,0,0,0,0,0,0,0,0,0,0,0,0,0,0,0,0,0
,,A/D FFE - Properties,,,,0,0,0,0,0,0,0,0,0,0,0,0,0,0,0,0,0,0,0,0,0,0,0,0,0,0,0,0,0,0,0,0,0,0,0,0,0,0,0,0,0,0,0,0,0,0,0,0,0,0,0,0,0,0,0,0,0,0,0,0,0,0,0,0,0,0,0,0,0,0,0,0,0,0,0,0,0,0,0,0,0,0,0,0,0,0,0,0,0,0,0,0,0,0,0,0,0,0,0,0,0,0,0,0,0,0,0,0,0,0,0,0,0,0,0,0,0,0,0,0,0,0,0,0,0,0,0,0,0,0,0,0,0,0,0,0,0,0,0,0,0,0,0,0,0,0,0,0,0,0
,,BUILDING,,,,0,0,0,0,0,0,0,0,0,0,0,0,0,0,0,0,0,0,0,0,0,0,0,0,0,0,0,0,0,0,0,0,0,0,0,0,0,0,0,0,0,0,0,0,0,0,0,0,0,0,0,0,0,0,0,0,0,0,0,0,0,0,0,0,0,0,0,0,0,0,0,0,0,0,0,0,0,0,0,0,0,0,0,0,0,0,0,0,0,0,0,0,0,0,0,0,0,0,0,0,0,0,0,0,0,0,0,0,0,0,0,0,0,0,0,0,0,0,0,0,0,0,0,0,0,0,0,0,0,0,0,0,0,0,0,0,0,0,0,0,0,0,0,0,0,0,0,0,0,0
,,BUILDING IMPROVEMENTS,,,,,,,,,,,,,,,,,,,,,,,,,,,,,,,,,,,,,,,,,,,,,,,,,,,,,,,,,,,,,,,,,,,,,,,,,,,,,,,,,,,,,,,,,,,,,,,,,,,,,,,,,,,,,,,,,,,,,,,,,,,,,,,,,,,,,,,,,,,,,,,,,,,,,,,,,
,,,Building Improvements,,,0,0,0,0,0,0,0,0,0,0,0,0,0,0,0,0,0,0,0,0,0,0,0,0,0,0,0,0,0,0,0,0,0,0,0,0,0,0,0,0,0,0,0,0,0,0,0,0,0,0,0,0,0,0,0,0,0,0,0,0,0,0,0,0,0,0,0,0,0,0,0,0,0,0,0,0,0,0,0,0,0,0,0,0,0,0,0,0,0,0,0,0,0,0,0,0,0,0,0,0,0,0,0,0,0,0,0,0,0,0,0,0,0,0,0,0,0,0,0,0,0,0,0,0,0,0,0,0,0,0,0,0,0,0,0,0,0,0,0,0,0,0,0,0,0,0,0,0,0,0
,,,BUILDING IMPROVEMENTS - Other,,,0,0,0,0,0,0,0,0,0,0,0,0,0,0,0,0,0,0,0,0,0,0,0,0,0,0,0,0,0,0,0,0,0,0,0,0,0,0,0,0,0,0,0,0,0,0,0,0,0,0,0,0,0,0,0,0,0,0,0,0,0,0,0,0,0,0,0,0,0,0,0,0,0,0,0,0,0,0,0,0,0,0,0,0,0,0,0,0,0,0,0,0,0,0,0,0,0,0,0,0,0,0,0,0,0,0,0,0,0,0,0,0,0,0,0,0,0,0,0,0,0,0,0,0,0,0,0,0,0,0,0,0,0,0,0,0,0,0,0,0,0,0,0,0,0,0,0,0,0,0
,,Total BUILDING IMPROVEMENTS,,,,0,0,0,0,0,0,0,0,0,0,0,0,0,0,0,0,0,0,0,0,0,0,0,0,0,0,0,0,0,0,0,0,0,0,0,0,0,0,0,0,0,0,0,0,0,0,0,0,0,0,0,0,0,0,0,0,0,0,0,0,0,0,0,0,0,0,0,0,0,0,0,0,0,0,0,0,0,0,0,0,0,0,0,0,0,0,0,0,0,0,0,0,0,0,0,0,0,0,0,0,0,0,0,0,0,0,0,0,0,0,0,0,0,0,0,0,0,0,0,0,0,0,0,0,0,0,0,0,0,0,0,0,0,0,0,0,0,0,0,0,0,0,0,0,0,0,0,0,0,0
,,DEPRECIATION(BS),,,,,,,,,,,,,,,,,,,,,,,,,,,,,,,,,,,,,,,,,,,,,,,,,,,,,,,,,,,,,,,,,,,,,,,,,,,,,,,,,,,,,,,,,,,,,,,,,,,,,,,,,,,,,,,,,,,,,,,,,,,,,,,,,,,,,,,,,,,,,,,,,,,,,,,,,
,,,Accumulated Depreciation,,,-2640,-260701.04,-1776678.08,0,-91039.44,-26667.55,-957.04,0,-96364.11,-89657.34,-13630.9,-55127.64,-4060.65,0,-4784.1,-59861.33,0,0,-266393.89,0,0,0,-1265,-91659.27,-5962.84,0,-46759.4,-1946.79,-2254.33,-35911.36,-139806.46,-1399.74,0,-11894.08,0,0,-3049,-4113.16,-304.54,-63408,-10589.02,-6108.55,-632,-5375.63,-19701.37,-11786.32,-3615.41,0,0,0,0,-13508.36,-1892115.93,0,-5754.01,-24950.32,-1128839.23,0,-108053.36,0,-1725.32,-3140.95,0,-3369.9,-1964,0,0,-71197.38,-53924.59,0,-26615.73,0,-8355.55,-433,-5378,-3685.24,0,0,-41061.91,0,0,-901.32,-16659.08,-425237.65,0,-13054.09,-2140.17,0,-776568.04,0,-337221.47,0,-2303.69,-175414.22,-100255.95,-18347.89,-4485.79,0,0,-557.84,0,-49423.27,-454.65,-10471.73,-27307.88,-12242.08,-106116.76,-3520.58,-1351,-1998.91,-22169.12,-9345.18,-50613.86,-1165.29,-104105.26,0,-2485.5,-31940.4,-96087.97,-631,-631.71,0,-9977.57,-51216.01,-4291,-1497.69,-6295.5,-17030.68,-3334.27,-312.67,-216.83,-5073.12,-213,-521.77,0,-54483.5,0,-109,-281422.61,-355915.1,0,-1500357.33,-149.97,-71725.02,-14397,-1290,0,0,0,-11395217.15
,,,DEPRECIATION(BS) - Other,,,0,0,0,0,0,0,0,0,0,0,0,0,0,0,0,0,0,0,0,0,0,0,0,0,0,0,0,0,0,0,0,0,0,0,0,0,0,0,0,0,0,0,0,0,0,0,0,0,0,0,0,0,0,0,0,0,0,0,0,0,0,0,0,0,0,0,0,0,0,0,0,0,0,0,0,0,0,0,0,0,0,0,0,0,0,0,0,0,0,0,0,0,0,0,0,0,0,0,0,0,0,0,0,0,0,0,0,0,0,0,0,0,0,0,0,0,0,0,0,0,0,0,0,0,0,0,0,0,0,0,0,0,0,0,0,0,0,0,0,0,0,0,0,0,0,0,0,0,0,0
,,Total DEPRECIATION(BS),,,,-2640,-260701.04,-1776678.08,0,-91039.44,-26667.55,-957.04,0,-96364.11,-89657.34,-13630.9,-55127.64,-4060.65,0,-4784.1,-59861.33,0,0,-266393.89,0,0,0,-1265,-91659.27,-5962.84,0,-46759.4,-1946.79,-2254.33,-35911.36,-139806.46,-1399.74,0,-11894.08,0,0,-3049,-4113.16,-304.54,-63408,-10589.02,-6108.55,-632,-5375.63,-19701.37,-11786.32,-3615.41,0,0,0,0,-13508.36,-1892115.93,0,-5754.01,-24950.32,-1128839.23,0,-108053.36,0,-1725.32,-3140.95,0,-3369.9,-1964,0,0,-71197.38,-53924.59,0,-26615.73,0,-8355.55,-433,-5378,-3685.24,0,0,-41061.91,0,0,-901.32,-16659.08,-425237.65,0,-13054.09,-2140.17,0,-776568.04,0,-337221.47,0,-2303.69,-175414.22,-100255.95,-18347.89,-4485.79,0,0,-557.84,0,-49423.27,-454.65,-10471.73,-27307.88,-12242.08,-106116.76,-3520.58,-1351,-1998.91,-22169.12,-9345.18,-50613.86,-1165.29,-104105.26,0,-2485.5,-31940.4,-96087.97,-631,-631.71,0,-9977.57,-51216.01,-4291,-1497.69,-6295.5,-17030.68,-3334.27,-312.67,-216.83,-5073.12,-213,-521.77,0,-54483.5,0,-109,-281422.61,-355915.1,0,-1500357.33,-149.97,-71725.02,-14397,-1290,0,0,0,-11395217.15
,,FFE,,,,,,,,,,,,,,,,,,,,,,,,,,,,,,,,,,,,,,,,,,,,,,,,,,,,,,,,,,,,,,,,,,,,,,,,,,,,,,,,,,,,,,,,,,,,,,,,,,,,,,,,,,,,,,,,,,,,,,,,,,,,,,,,,,,,,,,,,,,,,,,,,,,,,,,,,
,,,Building - Asset,,,0,0,0,0,1500000,500000,0,0,1300000,0,0,0,0,0,0,0,0,0,0,0,0,0,0,0,0,0,0,0,0,0,0,0,0,0,0,0,0,0,0,0,0,0,0,0,0,0,0,0,0,0,0,0,0,0,0,0,0,0,0,0,0,0,0,0,0,0,0,0,0,0,0,0,0,0,0,0,0,0,0,0,0,0,0,0,0,784000,0,0,2000000,0,1000000,0,0,0,0,0,0,0,0,0,0,0,0,0,0,0,0,0,0,0,0,0,0,0,0,0,0,0,0,0,0,0,0,0,0,0,0,538750,0,0,0,0,0,0,0,0,0,0,0,0,0,0,0,0,0,0,0,0,0,7622750
,,,Equipment,,,0,0,0,0,0,0,0,0,0,0,0,0,0,0,0,0,0,0,0,0,0,0,0,0,0,0,0,0,0,0,0,0,0,0,0,0,0,0,0,0,0,0,0,0,0,0,0,0,0,0,0,0,0,0,0,0,0,0,0,0,0,0,0,0,0,0,0,0,0,0,0,0,0,0,0,0,0,0,0,0,0,0,0,0,0,0,0,0,0,0,0,0,0,0,0,0,0,0,0,0,0,0,0,0,0,0,0,0,0,0,0,0,0,0,0,0,0,0,0,0,0,0,0,0,0,0,0,0,0,0,0,0,0,0,0,0,0,0,0,0,0,0,0,0,0,0,0,0,0,0
,,,Fixed Assets,,,0,0,0,0,0,6461,0,0,0,0,0,0,0,0,0,0,0,0,0,0,0,0,0,0,0,0,0,0,0,0,0,0,0,0,0,0,0,0,0,0,0,0,0,0,0,0,0,0,0,0,0,0,0,0,0,0,745,0,0,0,0,0,0,0,0,0,0,0,0,0,0,0,0,0,0,0,0,0,0,0,0,0,0,0,0,0,0,0,0,0,0,0,0,0,0,0,0,0,0,0,0,0,0,0,0,0,0,0,0,0,0,37671.39,0,0,0,0,0,0,0,0,0,0,3634,0,0,0,0,0,0,0,0,0,0,0,0,0,0,0,0,0,0,0,0,0,0,0,0,0,0,48511.39
,,,"Furniture, Fixtures, and Equip",,,4032,287973.71,4634276.11,0,287256.38,112710.29,12808.97,0,843769.25,395853.55,59542.84,184579.31,13568.04,0,17293.49,142886.15,0,0,477688.19,0,0,0,1265,205945.96,30450,0,90016.28,3803.8,4024.14,217649.15,184790.56,5186.86,0,21070.9,0,0,3048.88,5898.8,382,178692.14,73480.73,8168.49,632,10624.8,37376.71,19118.42,3778,0,0,0,0,40811.04,3086082.89,0,14971.88,41408.45,1763177.41,0,387611.13,0,3697.11,12978.89,0,6607.53,1964,0,0,83978.02,261698.72,0,36602.92,0,70779.16,433.68,5378.18,4470.8,0,0,81106,0,0,1130,73518.4,1127628.83,0,32123.65,4780,0,2707923.5,0,585933.3,0,4126.03,342528.79,123604.06,40634.56,65290.38,0,0,710,0,115431.35,570,12065.6,44401.36,12636.38,180038.79,12322,1351.39,2506,75823.36,86061.56,72030.26,1871,230640.02,0,3796,48180.85,420198.47,631,3691.7,0,21079.84,100251.94,4290.54,29473.14,7892.7,87791.98,4150,392,290.28,17253.38,212.88,1138.36,0,225698.2,0,108.5,615183.77,490864.69,0,1722461.89,327.16,144175.29,59721,2520,0,0,0,24452855.84
,,,Land,,,0,0,0,0,0,0,0,0,0,0,0,0,0,0,0,0,0,0,0,0,0,0,0,0,0,0,0,0,0,0,0,0,0,0,0,0,0,0,0,0,0,0,0,0,0,0,0,0,0,0,0,0,0,0,0,0,0,0,0,0,0,0,0,0,0,0,0,0,0,0,0,0,0,0,0,0,0,0,0,0,0,0,0,0,0,0,0,0,0,0,0,0,0,0,0,0,0,0,0,0,0,0,0,0,0,0,0,0,0,0,0,0,0,0,0,0,0,0,0,0,0,0,0,0,0,0,0,0,0,0,0,0,0,0,0,0,0,0,0,0,0,0,0,0,0,0,0,0,0,0
,,,FFE - Other,,,0,0,0,0,0,0,0,0,0,0,0,0,0,0,0,0,0,0,0,0,0,0,0,0,0,0,0,0,0,0,0,0,0,0,0,0,0,0,0,0,0,0,0,0,0,0,0,0,0,0,0,0,0,0,0,0,0,0,0,0,0,0,0,0,0,0,0,0,0,0,0,0,0,0,0,0,0,0,0,0,0,0,0,0,0,0,0,0,0,0,0,0,0,0,0,0,0,0,0,0,0,0,0,0,0,0,0,0,0,0,0,0,0,0,0,0,0,0,0,0,0,0,0,0,0,0,0,0,0,0,0,0,0,0,0,0,0,0,0,0,0,0,0,0,0,0,0,0,0,0
,,Total FFE,,,,4032,287973.71,4634276.11,0,1787256.38,619171.29,12808.97,0,2143769.25,395853.55,59542.84,184579.31,13568.04,0,17293.49,142886.15,0,0,477688.19,0,0,0,1265,205945.96,30450,0,90016.28,3803.8,4024.14,217649.15,184790.56,5186.86,0,21070.9,0,0,3048.88,5898.8,382,178692.14,73480.73,8168.49,632,10624.8,37376.71,19118.42,3778,0,0,0,0,40811.04,3086082.89,0,14971.88,41408.45,1763922.41,0,387611.13,0,3697.11,12978.89,0,6607.53,1964,0,0,83978.02,261698.72,0,36602.92,0,70779.16,433.68,5378.18,4470.8,0,0,81106,0,0,1130,73518.4,1127628.83,0,816123.65,4780,0,4707923.5,0,1585933.3,0,4126.03,342528.79,123604.06,40634.56,65290.38,0,0,710,0,115431.35,570,12065.6,44401.36,12636.38,180038.79,12322,1351.39,2506,75823.36,123732.95,72030.26,1871,230640.02,0,3796,48180.85,420198.47,631,3691.7,0,24713.84,100251.94,4290.54,29473.14,7892.7,626541.98,4150,392,290.28,17253.38,212.88,1138.36,0,225698.2,0,108.5,615183.77,490864.69,0,1722461.89,327.16,144175.29,59721,2520,0,0,0,32124117.23
,,Land,,,,0,0,0,0,0,0,0,0,0,0,0,0,0,0,0,0,0,0,0,0,0,0,0,0,0,0,0,0,0,0,0,0,0,0,0,0,0,0,0,0,0,0,0,0,0,0,0,0,0,0,0,0,0,0,0,0,0,0,0,0,0,0,0,0,0,0,0,0,0,0,0,0,0,0,0,0,0,0,0,0,0,0,0,0,0,0,0,0,0,0,0,0,0,0,0,0,0,0,0,0,0,0,0,0,0,0,0,0,0,0,0,0,0,0,0,0,0,0,0,0,0,0,0,0,0,0,0,0,0,0,0,0,0,0,0,0,0,0,0,0,0,0,0,0,0,0,0,0,0,0
,Total Fixed Assets,,,,,1392,27272.67,2857598.03,0,1696216.94,592503.74,11851.93,0,2047405.14,306196.21,45911.94,129451.67,9507.39,0,12509.39,83024.82,0,0,211294.3,0,0,0,0,114286.69,24487.16,0,43256.88,1857.01,1769.81,181737.79,44984.1,3787.12,0,9176.82,0,0,-0.12,1785.64,77.46,115284.14,62891.71,2059.94,0,5249.17,17675.34,7332.1,162.59,0,0,0,0,27302.68,1193966.96,0,9217.87,16458.13,635083.18,0,279557.77,0,1971.79,9837.94,0,3237.63,0,0,0,12780.64,207774.13,0,9987.19,0,62423.61,0.68,0.18,785.56,0,0,40044.09,0,0,228.68,56859.32,702391.18,0,803069.56,2639.83,0,3931355.46,0,1248711.83,0,1822.34,167114.57,23348.11,22286.67,60804.59,0,0,152.16,0,66008.08,115.35,1593.87,17093.48,394.3,73922.03,8801.42,0.39,507.09,53654.24,114387.77,21416.4,705.71,126534.76,0,1310.5,16240.45,324110.5,0,3059.99,0,14736.27,49035.93,-0.46,27975.45,1597.2,609511.3,815.73,79.33,73.45,12180.26,-0.12,616.59,0,171214.7,0,-0.5,333761.16,134949.59,0,222104.56,177.19,72450.27,45324,1230,0,0,0,20728900.08
,Other Assets,,,,,,,,,,,,,,,,,,,,,,,,,,,,,,,,,,,,,,,,,,,,,,,,,,,,,,,,,,,,,,,,,,,,,,,,,,,,,,,,,,,,,,,,,,,,,,,,,,,,,,,,,,,,,,,,,,,,,,,,,,,,,,,,,,,,,,,,,,,,,,,,,,,,,,,,,,
,,Due From Properties,,,,0,0,0,0,0,0,0,0,0,0,0,0,0,0,0,0,0,0,0,0,0,0,0,0,0,0,0,0,0,0,0,0,0,0,0,0,0,0,0,0,0,0,0,0,0,0,0,0,0,0,0,0,0,0,0,0,0,0,0,0,0,0,0,0,0,0,0,0,0,0,0,0,0,0,0,0,0,0,0,0,0,0,0,0,0,0,0,0,0,0,0,0,0,4529403.02,0,0,0,0,0,0,0,0,0,0,0,0,0,0,0,0,0,0,0,0,0,0,0,0,0,0,0,0,0,0,0,0,0,0,0,0,0,0,0,0,0,0,0,0,0,0,0,0,0,0,0,0,0,0,0,4529403.02
,,INTERAGENCY ASSET,,,,,,,,,,,,,,,,,,,,,,,,,,,,,,,,,,,,,,,,,,,,,,,,,,,,,,,,,,,,,,,,,,,,,,,,,,,,,,,,,,,,,,,,,,,,,,,,,,,,,,,,,,,,,,,,,,,,,,,,,,,,,,,,,,,,,,,,,,,,,,,,,,,,,,,,,
,,,Interagency Asset - Properties,,,0,0,0,0,0,0,0,0,0,0,0,0,0,0,0,0,0,0,0,0,0,0,0,0,0,0,0,0,0,0,0,0,0,0,0,0,0,0,0,0,0,0,0,0,0,0,0,0,0,0,0,0,0,0,0,0,0,0,0,0,0,0,0,0,0,0,0,0,0,0,0,0,0,0,0,0,0,0,0,0,0,0,0,0,0,0,0,0,0,0,0,0,0,0,0,0,0,0,0,0,0,0,0,0,0,0,0,0,0,0,0,0,0,0,0,0,0,0,0,0,0,0,0,0,0,0,0,0,0,0,0,0,0,0,0,0,0,0,0,0,0,0,0,0,0,0,0,0,0,0
,,,INTERAGENCY ASSET - Other,,,0,0,0,0,0,0,0,0,0,0,0,0,0,0,0,0,0,0,0,0,0,0,0,0,0,0,0,0,0,0,0,0,0,0,0,0,0,0,0,0,0,0,0,0,0,0,0,0,0,0,0,0,0,0,0,0,0,0,0,0,0,0,0,0,0,0,0,0,0,0,0,0,0,0,0,0,0,0,0,0,0,0,0,0,0,0,0,0,0,0,0,0,0,0,0,0,0,0,0,0,0,0,0,0,0,0,0,0,0,0,0,0,0,0,0,0,0,0,0,0,0,0,0,0,0,0,0,0,0,0,0,0,0,0,0,0,0,0,0,0,0,0,0,0,0,0,0,0,0,0
,,Total INTERAGENCY ASSET,,,,0,0,0,0,0,0,0,0,0,0,0,0,0,0,0,0,0,0,0,0,0,0,0,0,0,0,0,0,0,0,0,0,0,0,0,0,0,0,0,0,0,0,0,0,0,0,0,0,0,0,0,0,0,0,0,0,0,0,0,0,0,0,0,0,0,0,0,0,0,0,0,0,0,0,0,0,0,0,0,0,0,0,0,0,0,0,0,0,0,0,0,0,0,0,0,0,0,0,0,0,0,0,0,0,0,0,0,0,0,0,0,0,0,0,0,0,0,0,0,0,0,0,0,0,0,0,0,0,0,0,0,0,0,0,0,0,0,0,0,0,0,0,0,0,0,0,0,0,0,0
,,To be renamed,,,,0,0,0,0,0,0,0,0,0,0,0,0,0,0,0,0,0,0,0,0,0,0,0,0,0,0,0,0,0,0,0,0,0,0,0,0,0,0,0,0,0,0,0,0,0,0,0,0,0,0,0,0,0,0,0,0,0,0,0,0,0,0,0,0,0,0,0,0,0,0,0,0,0,0,0,0,0,0,0,0,0,0,0,0,0,0,0,0,0,0,0,0,0,0,0,0,0,0,0,0,0,0,0,0,0,0,0,0,0,0,0,0,0,0,0,0,0,0,0,0,0,0,0,0,0,0,0,0,0,0,0,0,0,0,0,0,0,0,0,0,0,0,0,0,0,0,0,0,0,0
,Total Other Assets,,,,,0,0,0,0,0,0,0,0,0,0,0,0,0,0,0,0,0,0,0,0,0,0,0,0,0,0,0,0,0,0,0,0,0,0,0,0,0,0,0,0,0,0,0,0,0,0,0,0,0,0,0,0,0,0,0,0,0,0,0,0,0,0,0,0,0,0,0,0,0,0,0,0,0,0,0,0,0,0,0,0,0,0,0,0,0,0,0,0,0,0,0,0,0,4529403.02,0,0,0,0,0,0,0,0,0,0,0,0,0,0,0,0,0,0,0,0,0,0,0,0,0,0,0,0,0,0,0,0,0,0,0,0,0,0,0,0,0,0,0,0,0,0,0,0,0,0,0,0,0,0,0,4529403.02
TOTAL ASSETS,,,,,,150583.13,90699.15,5222478.5,10405.75,1917641.23,725371.13,24024.41,46418.46,1960644.55,409793.89,39720.62,-129632.11,11780.87,11339.63,20977.41,287588.1,0,93859.96,443962.56,26830.55,0,35462.36,175631.64,166370.5,64963.19,21996.84,632451.87,22058.54,52157.75,254331.23,155024.19,32749.42,46974.97,81598.68,21956.49,262529.52,40356.15,77803.31,29446.46,-170878.98,44222,115016.99,22170.7,23208.99,55947.32,163299.78,23505.91,5970.16,21313.25,37896.5,0,92052.26,1679074.32,34501.63,44881.42,247570.82,679193.59,0,515017.73,39131.44,46262.5,66155.69,7822.92,17530.03,156023.69,0,0,-264280.91,237744.45,0,25430.25,14495.59,49679.74,7657.72,126729,59948.52,13626.02,0,140235.14,70265.17,451.01,3408.81,163826.09,1335465.53,106673.69,907224.86,72042.22,0,5130652.9,38922.64,1468563.38,0,36221.64,4478361.02,273461.9,471274.2,-52942.56,0,11708.57,52652.54,13619.11,-23314.86,31065.17,117476.12,483167.29,42272.79,-154515.3,18436.53,89510.9,64714.64,73333,127106.19,91438.06,17571.57,94066.19,6514.72,82034.2,430291.78,430662.46,20496.86,11549.15,73105.46,50208,97032.32,21799.41,81766.82,27345.36,832604.22,28298.17,4574.17,66537.3,42980.81,12093.99,87277.53,14037.93,261840.66,14577.13,34373.85,-103528.81,211721.89,71580.93,799489.18,66497.65,140836.96,74595.17,10056.15,0,-2838.47,-27299.77,37543801.27
LIABILITIES & EQUITY,,,,,,,,,,,,,,,,,,,,,,,,,,,,,,,,,,,,,,,,,,,,,,,,,,,,,,,,,,,,,,,,,,,,,,,,,,,,,,,,,,,,,,,,,,,,,,,,,,,,,,,,,,,,,,,,,,,,,,,,,,,,,,,,,,,,,,,,,,,,,,,,,,,,,,,,,,,
,Liabilities,,,,,,,,,,,,,,,,,,,,,,,,,,,,,,,,,,,,,,,,,,,,,,,,,,,,,,,,,,,,,,,,,,,,,,,,,,,,,,,,,,,,,,,,,,,,,,,,,,,,,,,,,,,,,,,,,,,,,,,,,,,,,,,,,,,,,,,,,,,,,,,,,,,,,,,,,,
,,Current Liabilities,,,,,,,,,,,,,,,,,,,,,,,,,,,,,,,,,,,,,,,,,,,,,,,,,,,,,,,,,,,,,,,,,,,,,,,,,,,,,,,,,,,,,,,,,,,,,,,,,,,,,,,,,,,,,,,,,,,,,,,,,,,,,,,,,,,,,,,,,,,,,,,,,,,,,,,,,
,,,Accounts Payable,,,,,,,,,,,,,,,,,,,,,,,,,,,,,,,,,,,,,,,,,,,,,,,,,,,,,,,,,,,,,,,,,,,,,,,,,,,,,,,,,,,,,,,,,,,,,,,,,,,,,,,,,,,,,,,,,,,,,,,,,,,,,,,,,,,,,,,,,,,,,,,,,,,,,,,,
,,,,Accounts Payable,,0,0,-536.57,0,80.31,0,0,0,-3195,3195,0,0,0,0,0,50,0,0,-176.16,0,0,0,0,474,0,0,176.26,0,0,0,0,0,0,0,0,0,0,0,0,0,0,0,-23.8,0,0,0,0,0,0,0,0,0,3019.75,0,0,0,1292.62,0,-56.25,0,0,0,0,0,0,0,0,662.41,-294,0,1926,0,2082,0,1000,0,0,0,-465.74,0,0,0,0,-380.37,0,0,0,0,368.15,0,0,0,0,0,-110.15,-215.22,1005.62,0,-200,0,0,47.12,0,0,-5197.9,0,0,0,0,0,0,0,0,0,0,0,0,0,0,0,0,0,0,0,0,0,0,0,0,0,0,0,0,0,0,-2345.23,0,0,-942.26,5125.35,0,951.95,0,0,-521.2,0,0,0,-50,6746.69
,,,Total Accounts Payable,,,0,0,-536.57,0,80.31,0,0,0,-3195,3195,0,0,0,0,0,50,0,0,-176.16,0,0,0,0,474,0,0,176.26,0,0,0,0,0,0,0,0,0,0,0,0,0,0,0,-23.8,0,0,0,0,0,0,0,0,0,3019.75,0,0,0,1292.62,0,-56.25,0,0,0,0,0,0,0,0,662.41,-294,0,1926,0,2082,0,1000,0,0,0,-465.74,0,0,0,0,-380.37,0,0,0,0,368.15,0,0,0,0,0,-110.15,-215.22,1005.62,0,-200,0,0,47.12,0,0,-5197.9,0,0,0,0,0,0,0,0,0,0,0,0,0,0,0,0,0,0,0,0,0,0,0,0,0,0,0,0,0,0,-2345.23,0,0,-942.26,5125.35,0,951.95,0,0,-521.2,0,0,0,-50,6746.69
,,,Credit Cards,,,0,0,0,0,0,0,0,0,0,0,0,0,0,0,0,0,0,0,0,0,0,0,0,0,0,0,0,0,0,0,0,0,0,0,0,0,0,0,0,0,0,0,0,0,0,0,0,0,0,0,0,0,0,0,0,0,0,0,0,0,0,0,0,0,0,0,0,0,0,0,0,0,0,0,0,0,0,0,0,0,0,0,0,0,0,0,0,0,0,0,0,0,0,0,0,0,0,0,0,0,0,0,0,0,0,0,0,0,0,0,0,0,0,0,0,0,0,0,0,0,0,0,0,0,0,0,0,0,0,0,0,0,0,0,0,0,0,0,0,0,0,0,0,0,0,0,0,0,0,0
,,,Other Current Liabilities,,,,,,,,,,,,,,,,,,,,,,,,,,,,,,,,,,,,,,,,,,,,,,,,,,,,,,,,,,,,,,,,,,,,,,,,,,,,,,,,,,,,,,,,,,,,,,,,,,,,,,,,,,,,,,,,,,,,,,,,,,,,,,,,,,,,,,,,,,,,,,,,,,,,,,,,
,,,,Accrued Payables,,0,0,0,0,0,6461,0,0,0,0,0,0,0,0,0,0,0,0,0,0,0,0,0,0,0,0,0,0,0,0,0,0,0,0,0,0,0,0,0,0,0,0,0,0,0,0,0,0,0,0,0,0,0,0,0,0,745,0,0,0,0,0,0,0,0,0,0,0,0,0,0,0,0,0,0,0,0,0,0,0,0,0,0,0,0,0,0,0,0,0,0,0,0,0,0,0,0,0,0,0,0,0,0,0,0,0,0,0,0,0,0,37671.39,0,0,0,0,0,0,0,0,0,0,3634,0,0,0,0,0,0,0,0,0,0,0,0,0,0,0,0,0,0,0,0,0,0,0,0,0,0,48511.39
,,,,Accrued Property Taxes,,0,0,0,0,0,0,0,0,0,0,0,0,0,0,0,0,0,0,0,0,0,0,0,0,0,0,0,0,0,0,0,0,0,0,0,0,0,0,0,0,0,0,0,0,0,0,0,0,0,0,0,0,0,0,0,0,0,0,0,0,0,0,0,0,0,0,0,0,0,0,0,0,0,0,0,0,0,0,0,0,0,0,0,0,0,0,0,0,0,0,0,0,0,0,0,0,0,0,0,0,0,0,0,0,0,0,0,0,0,0,0,0,0,0,0,0,0,0,0,0,0,0,0,0,0,0,0,0,0,0,0,0,0,0,0,0,0,0,0,0,0,0,0,0,0,0,0,0,0,0
,,,,Cash Held for Others,,0,0,0,0,0,0,0,0,0,0,0,0,0,0,0,0,0,0,0,0,0,0,0,0,0,0,0,0,0,0,0,0,0,0,0,0,0,0,0,0,0,0,0,0,0,0,0,0,0,0,0,0,0,0,0,0,0,0,0,0,0,0,0,0,0,0,0,0,0,0,0,0,0,0,0,0,0,0,0,0,0,0,0,0,0,0,0,0,0,0,0,0,0,0,0,0,0,0,0,0,0,0,0,0,0,0,0,0,0,0,0,0,0,0,0,0,0,0,0,0,0,0,0,0,0,0,0,0,0,0,0,0,0,0,0,0,0,0,0,0,0,0,0,0,0,0,0,0,0,0
,,,,CURRENT LIABILITY,,,,,,,,,,,,,,,,,,,,,,,,,,,,,,,,,,,,,,,,,,,,,,,,,,,,,,,,,,,,,,,,,,,,,,,,,,,,,,,,,,,,,,,,,,,,,,,,,,,,,,,,,,,,,,,,,,,,,,,,,,,,,,,,,,,,,,,,,,,,,,,,,,,,,,,
,,,,,,0,0,0,0,0,0,0,0,0,0,0,0,0,0,0,0,0,0,0,0,0,0,0,0,0,0,0,0,0,0,0,0,0,0,0,0,0,0,0,0,0,0,0,0,0,0,0,0,0,0,0,0,0,0,0,0,0,0,0,0,0,0,0,0,0,0,0,0,0,0,0,0,0,0,0,0,0,0,0,0,0,0,0,0,0,0,0,0,0,0,0,0,0,0,0,0,0,0,0,0,0,0,0,0,0,0,0,0,0,0,0,0,0,0,0,0,0,0,0,0,0,0,0,0,0,0,0,0,0,0,0,0,0,0,0,0,0,0,0,0,0,0,0,0,0,0,0,0,0,0
,,,,,,0,8164.96,73385.51,0,40977.07,4704.34,0,0,15911.12,4396.13,686.13,1272.48,0,0,0,22197.58,0,0,2881.53,0,0,0,0,11978.7,0,0,29108.19,0,0,0,0,0,0,0,0,0,0,0,0,13478.06,0,0,0,0,0,14280.71,0,0,0,0,0,0,17676.71,0,0,0,10415.56,0,18754.09,0,0,0,0,0,0,0,0,23989.05,0,0,19146.43,0,0,0,19105.67,0,0,0,7814.79,0,0,0,0,10359.44,0,0,0,0,23102.13,0,1710.45,0,0,16782.38,16820.83,15853.93,0,0,0,0,0,388.42,0,0,5952.79,0,3169.47,0,0,0,0,0,12686.91,0,3872.93,0,0,0,13949.79,0,0,0,0,19650.8,0,0,0,0,0,0,0,0,0,0,0,964.68,0,0,25396.87,42875.12,0,37820.47,0,21692.64,9992.07,0,0,0,0,643366.93
,,,,,,0,0,0,0,0,0,0,0,0,0,0,0,0,0,0,0,0,0,0,0,0,0,0,0,0,0,0,0,0,0,0,0,0,0,0,0,0,0,0,0,0,0,0,0,0,0,0,0,0,0,0,0,0,0,0,0,0,0,0,0,0,0,0,0,0,0,0,0,0,0,0,0,0,0,0,0,0,0,0,0,0,0,0,0,0,0,0,0,0,0,0,0,0,0,0,0,0,0,0,0,0,0,0,0,0,0,0,0,0,0,0,0,0,0,0,0,0,0,0,0,0,0,0,0,0,0,0,0,0,0,0,0,0,0,0,0,0,0,0,0,0,0,0,0,0,0,0,0,0,0
,,,,,,0,0,0,0,0,0,0,0,0,0,0,0,0,0,0,0,0,0,0,0,0,0,0,0,0,0,0,0,0,0,0,0,0,0,0,0,0,0,0,0,0,0,0,0,0,0,0,0,0,0,0,0,0,0,0,0,0,0,0,0,0,0,0,0,0,0,0,0,0,0,0,0,0,0,0,0,0,0,0,0,0,0,0,0,0,0,0,0,0,0,0,0,0,-15650.38,0,0,0,0,0,0,0,0,0,0,0,0,0,0,0,0,0,0,0,0,0,0,0,0,0,0,0,0,0,0,0,0,0,0,0,0,0,0,0,0,0,0,0,0,0,0,0,0,0,0,0,0,0,0,0,-15650.38
,,,,,,0,0,0,0,0,0,0,0,0,0,0,0,0,0,0,0,0,0,0,0,0,0,0,0,0,0,0,0,0,0,0,0,0,0,0,0,0,0,0,0,0,0,0,0,0,0,0,0,0,0,0,0,0,0,0,0,0,0,0,0,0,0,0,0,0,0,0,0,0,0,0,0,0,0,0,0,0,0,0,0,0,0,0,0,0,0,0,0,0,0,0,0,0,0,0,0,0,0,0,0,0,0,0,0,0,0,0,0,0,0,0,0,0,0,0,0,0,0,0,0,0,0,0,0,0,0,0,0,0,0,0,0,0,0,0,0,0,0,0,0,0,0,0,0,0,0,0,0,0,0
,,,,,,0,0,0,0,0,0,0,0,0,0,0,0,0,0,0,0,0,0,0,0,0,0,0,0,0,0,0,0,0,0,0,0,0,0,0,0,0,0,0,0,0,0,0,0,0,0,0,0,0,0,0,0,0,0,0,0,0,0,0,0,0,0,0,0,0,0,0,0,0,0,0,0,0,0,0,0,0,0,0,0,0,0,0,0,0,0,0,0,0,0,0,0,0,0,0,0,0,0,0,0,0,0,0,0,0,0,0,0,0,0,0,0,0,0,0,0,0,0,0,0,0,0,0,0,0,0,0,0,0,0,0,0,0,0,0,0,0,0,0,0,0,0,0,0,0,0,0,0,0,0
,,,,,,0,0,0,0,0,0,0,0,0,0,0,0,0,0,0,0,0,0,0,0,0,0,0,0,0,0,0,0,0,0,0,0,0,0,0,0,0,0,0,0,0,0,0,0,0,0,0,0,0,0,0,0,0,0,0,0,0,0,0,0,0,0,0,0,0,0,0,0,0,0,0,0,0,0,0,0,0,0,0,0,0,0,0,0,0,0,0,0,0,0,0,0,0,0,0,0,0,0,0,0,0,0,0,0,0,0,0,0,0,0,0,0,0,0,0,0,0,0,0,0,0,0,0,0,0,0,0,0,0,0,0,0,0,0,0,0,0,0,0,0,0,0,0,0,0,0,0,0,0,0
,,,,,,0,0,0,0,0,0,0,0,0,0,0,0,0,0,0,0,0,0,0,0,0,0,0,0,0,0,0,0,0,0,0,0,0,0,0,0,0,0,0,0,0,0,0,0,0,0,0,0,0,0,0,0,0,0,0,0,0,0,0,0,0,0,0,0,0,0,0,0,0,0,0,0,0,0,0,0,0,0,0,0,0,0,0,0,0,0,0,0,0,0,0,0,0,0,0,0,0,0,0,0,0,0,0,0,0,0,0,0,0,0,0,0,0,0,0,0,0,0,0,0,0,0,0,0,0,0,0,0,0,0,0,0,0,0,0,0,0,0,0,0,0,0,0,0,0,0,0,0,0,0
,,,,Total CURRENT LIABILITY,,0,8164.96,73385.51,0,40977.07,4704.34,0,0,15911.12,4396.13,686.13,1272.48,0,0,0,22197.58,0,0,2881.53,0,0,0,0,11978.7,0,0,29108.19,0,0,0,0,0,0,0,0,0,0,0,0,13478.06,0,0,0,0,0,14280.71,0,0,0,0,0,0,17676.71,0,0,0,10415.56,0,18754.09,0,0,0,0,0,0,0,0,23989.05,0,0,19146.43,0,0,0,19105.67,0,0,0,7814.79,0,0,0,0,10359.44,0,0,0,0,23102.13,0,1710.45,0,0,1132,16820.83,15853.93,0,0,0,0,0,388.42,0,0,5952.79,0,3169.47,0,0,0,0,0,12686.91,0,3872.93,0,0,0,13949.79,0,0,0,0,19650.8,0,0,0,0,0,0,0,0,0,0,0,964.68,0,0,25396.87,42875.12,0,37820.47,0,21692.64,9992.07,0,0,0,0,627716.55
,,,,FV of interest rate swap,,0,0,0,0,0,0,0,0,0,0,0,0,0,0,0,0,0,0,0,0,0,0,0,0,0,0,0,0,0,0,0,0,0,0,0,0,0,0,0,0,0,0,0,0,0,0,0,0,0,0,0,0,0,0,0,0,0,0,0,0,0,0,0,0,0,0,0,0,0,0,0,0,0,0,0,0,0,0,0,0,0,0,0,0,0,0,0,0,0,0,0,0,0,0,0,0,0,0,0,0,0,0,0,0,0,0,0,0,0,0,0,0,0,0,0,0,0,0,0,0,0,0,0,0,0,0,0,0,0,0,0,0,0,0,0,0,0,0,0,0,0,0,0,0,0,0,0,0,0,0
,,,,Key Deposit Refundable,,0,0,0,0,0,0,0,0,0,0,0,0,0,0,0,0,0,0,0,0,0,0,0,0,0,0,0,0,0,0,0,0,0,0,0,0,0,0,0,0,0,0,0,0,0,0,0,0,0,0,0,0,0,0,0,0,0,0,0,0,0,0,0,0,0,0,0,0,0,0,0,0,0,0,0,0,0,0,0,0,0,0,0,0,0,0,0,0,0,0,0,0,0,0,0,0,0,0,0,0,0,0,0,0,0,0,0,0,0,0,0,0,0,0,0,0,0,0,0,0,0,0,0,0,0,0,0,0,0,0,0,0,0,0,0,0,0,0,0,0,0,0,0,0,0,0,0,0,0,0
,,,,Payroll Liabilities,,0,0,0,0,0,0,0,0,0,0,0,0,0,0,0,0,0,0,0,0,0,0,0,0,0,0,0,0,0,0,0,0,0,0,0,0,0,0,0,0,0,0,0,0,0,0,0,0,0,0,0,0,0,0,0,0,0,0,0,0,0,0,0,0,0,0,0,0,0,0,0,0,0,0,0,0,0,0,0,0,0,0,0,0,0,0,0,0,0,0,0,0,0,0,0,0,0,0,0,0,0,0,0,0,0,0,0,0,0,0,0,0,0,0,0,0,0,0,0,0,0,0,0,0,0,0,0,0,0,0,0,0,0,0,0,0,0,0,0,0,0,0,0,0,0,0,0,0,0,0
,,,Total Other Current Liabilities,,,0,8164.96,73385.51,0,40977.07,11165.34,0,0,15911.12,4396.13,686.13,1272.48,0,0,0,22197.58,0,0,2881.53,0,0,0,0,11978.7,0,0,29108.19,0,0,0,0,0,0,0,0,0,0,0,0,13478.06,0,0,0,0,0,14280.71,0,0,0,0,0,0,17676.71,0,0,0,11160.56,0,18754.09,0,0,0,0,0,0,0,0,23989.05,0,0,19146.43,0,0,0,19105.67,0,0,0,7814.79,0,0,0,0,10359.44,0,0,0,0,23102.13,0,1710.45,0,0,1132,16820.83,15853.93,0,0,0,0,0,388.42,0,0,5952.79,0,3169.47,0,0,0,0,37671.39,12686.91,0,3872.93,0,0,0,13949.79,0,0,0,3634,19650.8,0,0,0,0,0,0,0,0,0,0,0,964.68,0,0,25396.87,42875.12,0,37820.47,0,21692.64,9992.07,0,0,0,0,676227.94
,,Total Current Liabilities,,,,0,8164.96,72848.94,0,41057.38,11165.34,0,0,12716.12,7591.13,686.13,1272.48,0,0,0,22247.58,0,0,2705.37,0,0,0,0,12452.7,0,0,29284.45,0,0,0,0,0,0,0,0,0,0,0,0,13478.06,0,0,-23.8,0,0,14280.71,0,0,0,0,0,0,20696.46,0,0,0,12453.18,0,18697.84,0,0,0,0,0,0,0,0,24651.46,-294,0,21072.43,0,2082,0,20105.67,0,0,0,7349.05,0,0,0,0,9979.07,0,0,0,0,23470.28,0,1710.45,0,0,1132,16710.68,15638.71,1005.62,0,-200,0,0,435.54,0,0,754.89,0,3169.47,0,0,0,0,37671.39,12686.91,0,3872.93,0,0,0,13949.79,0,0,0,3634,19650.8,0,0,0,0,0,0,0,0,0,0,0,-1380.55,0,0,24454.61,48000.47,0,38772.42,0,21692.64,9470.87,0,0,0,-50,682974.63
,,Long Term Liabilities,,,,,,,,,,,,,,,,,,,,,,,,,,,,,,,,,,,,,,,,,,,,,,,,,,,,,,,,,,,,,,,,,,,,,,,,,,,,,,,,,,,,,,,,,,,,,,,,,,,,,,,,,,,,,,,,,,,,,,,,,,,,,,,,,,,,,,,,,,,,,,,,,,,,,,,,,
,,,DEBT.,,,,,,,,,,,,,,,,,,,,,,,,,,,,,,,,,,,,,,,,,,,,,,,,,,,,,,,,,,,,,,,,,,,,,,,,,,,,,,,,,,,,,,,,,,,,,,,,,,,,,,,,,,,,,,,,,,,,,,,,,,,,,,,,,,,,,,,,,,,,,,,,,,,,,,,,
,,,,Debt,,0,0,0,0,0,0,0,0,0,0,0,0,0,0,0,0,0,0,0,0,0,0,0,0,0,0,0,0,0,0,0,0,0,0,0,0,0,0,0,0,0,0,0,0,0,0,0,0,0,0,0,0,0,0,0,0,0,0,0,0,0,0,0,0,0,0,0,0,0,0,0,0,0,0,0,0,0,0,0,0,0,0,0,0,0,0,0,0,0,0,0,0,0,0,0,0,0,0,0,0,0,0,0,0,0,0,0,0,0,0,0,0,0,0,0,0,0,0,0,0,0,0,0,0,0,0,0,0,0,0,0,0,0,0,0,0,0,0,0,0,0,0,0,0,0,0,0,0,0,0
,,,,Debt- Advance AOII Properties,,0,0,0,0,0,0,0,0,0,0,0,0,0,0,0,0,0,0,0,0,0,0,0,0,0,0,0,0,0,0,0,0,0,0,0,0,0,0,0,0,0,0,0,0,0,0,0,0,0,0,0,0,0,0,0,0,0,0,0,0,0,0,0,0,0,0,0,0,0,0,0,0,0,0,0,0,0,0,0,0,0,0,0,0,0,0,0,0,0,0,0,0,0,0,0,0,0,0,0,0,0,0,0,0,0,0,0,0,0,0,0,0,0,0,0,0,0,0,0,0,0,0,0,0,0,0,0,0,0,0,0,0,0,0,0,0,0,0,0,0,0,0,0,0,0,0,0,0,0,0
,,,,Debt- AOII Investment Fee,,0,0,0,0,0,0,0,0,0,0,0,0,0,0,0,0,0,0,0,0,0,0,0,0,0,0,0,0,0,0,0,0,0,0,0,0,0,0,0,0,0,0,0,0,0,0,0,0,0,0,0,0,0,0,0,0,0,0,0,0,0,0,0,0,0,0,0,0,0,0,0,0,0,0,0,0,0,0,0,0,0,0,0,0,0,0,0,0,0,0,0,0,0,0,0,0,0,0,0,0,0,0,0,0,0,0,0,0,0,0,0,0,0,0,0,0,0,0,0,0,0,0,0,0,0,0,0,0,0,0,0,0,0,0,0,0,0,0,0,0,0,0,0,0,0,0,0,0,0,0
,,,,Debt- Due to Properties,,0,0,0,0,0,0,0,0,0,0,0,0,0,0,0,0,0,0,0,0,0,0,0,0,0,0,0,0,0,0,0,0,0,0,0,0,0,0,0,0,0,0,0,0,0,0,0,0,0,0,0,0,0,0,0,0,0,0,0,0,0,0,0,0,0,0,0,0,0,0,0,0,0,0,0,0,0,0,0,0,0,0,0,0,0,0,0,0,0,0,0,0,0,0,0,0,0,0,0,0,0,0,0,0,0,0,0,0,0,0,0,0,0,0,0,0,0,0,0,0,0,0,0,0,0,0,0,0,0,0,0,0,0,0,0,0,0,0,0,0,0,0,0,0,0,0,0,0,0,0
,,,,Debt - AOII payables note,,0,0,0,0,0,0,0,0,0,0,0,0,0,0,0,0,0,0,0,0,0,0,0,0,0,0,0,0,0,0,0,0,0,0,0,0,0,0,0,0,0,0,0,0,0,0,0,0,0,0,0,0,0,0,0,0,0,0,0,0,0,0,0,0,0,0,0,0,0,0,0,0,0,0,0,0,0,0,0,0,0,0,0,0,0,0,0,0,0,0,0,0,0,0,0,0,0,0,0,0,0,0,0,0,0,0,0,0,0,0,0,0,0,0,0,0,0,0,0,0,0,0,0,0,0,0,0,0,0,0,0,0,0,0,0,0,0,0,0,0,0,0,0,0,0,0,0,0,0,0
,,,,Debt - AOII Properties,,0,0,1876459.46,0,0,0,0,0,0,0,0,0,0,0,0,0,0,0,0,0,0,0,0,0,0,0,0,0,0,0,0,0,0,0,0,0,0,0,0,0,0,0,0,0,0,0,0,0,0,0,0,0,0,0,0,0,0,0,0,0,0,0,0,0,0,0,0,0,0,0,0,0,0,0,0,0,0,0,0,0,0,0,0,0,0,0,0,0,760207.95,0,0,0,0,0,0,0,0,0,0,0,0,0,0,0,0,0,0,0,0,0,0,0,0,0,0,0,0,0,158116.57,0,0,0,0,0,0,0,0,0,0,0,0,0,0,0,0,0,0,0,0,0,0,0,0,0,0,0,0,0,0,2794783.98
,,,,Debt - AOII Properties Payable,,0,0,0,0,0,0,0,0,0,0,0,0,0,0,0,0,0,0,0,0,0,0,0,0,0,0,0,0,0,0,0,0,0,0,0,0,0,0,0,0,0,0,0,0,0,0,0,0,0,0,0,0,0,0,0,0,0,0,0,0,0,0,0,0,0,0,0,0,0,0,0,0,0,0,0,0,0,0,0,0,0,0,0,0,0,0,0,0,0,0,0,0,0,0,0,0,0,0,0,0,0,0,0,0,0,0,0,0,0,0,0,0,0,0,0,0,0,0,0,0,0,0,0,0,0,0,0,0,0,0,0,0,0,0,0,0,0,0,0,0,0,0,0,0,0,0,0,0,0,0
,,,,Debt - BB&T,,0,0,0,0,0,0,0,0,0,0,0,0,0,0,0,0,0,0,0,0,0,0,0,0,0,0,0,0,0,0,0,0,0,0,0,0,0,0,0,0,0,0,0,0,0,0,0,0,0,0,0,0,0,0,0,0,0,0,0,0,0,0,0,0,0,0,0,0,0,0,0,0,0,0,0,0,0,0,0,0,0,0,0,0,0,0,0,0,0,0,0,0,0,0,0,0,0,0,0,0,0,0,0,0,0,0,0,0,0,0,0,0,0,0,0,0,0,0,0,0,0,0,0,0,0,0,0,0,0,0,0,0,0,0,0,0,0,0,0,0,0,0,0,0,0,0,0,0,0,0
,,,,Debt - Community Capital,,0,0,0,0,0,0,0,0,0,0,0,0,0,0,0,0,0,0,0,0,0,0,0,0,0,0,0,0,0,0,0,0,0,0,0,0,0,0,0,0,0,0,0,0,0,0,0,0,0,0,0,0,0,0,0,0,0,0,0,0,0,0,0,0,0,0,0,0,0,0,0,0,0,0,0,0,0,0,0,0,0,0,0,0,0,0,0,0,0,0,0,0,0,0,0,0,0,0,0,0,0,0,0,0,0,0,0,0,0,0,0,0,0,0,0,0,0,0,0,0,0,0,0,0,0,0,0,0,0,0,0,0,0,0,0,0,0,0,0,0,0,0,0,0,0,0,0,0,0,0
,,,,Debt - Tennessee-Martin,,0,0,0,0,0,0,0,0,0,0,0,0,0,0,0,0,0,0,0,0,0,0,0,0,0,0,0,0,0,0,0,0,0,0,0,0,0,0,0,0,0,0,0,0,0,0,0,0,0,0,0,0,0,0,0,0,0,0,0,0,0,0,0,0,0,0,0,0,0,0,0,0,0,0,0,0,0,0,0,0,0,0,0,0,0,0,0,0,0,0,0,0,0,0,0,0,0,0,0,0,0,0,0,0,0,0,0,0,0,0,0,0,0,0,0,0,0,0,0,0,0,0,0,0,0,0,0,288042.55,0,0,0,0,0,0,0,0,0,0,0,0,0,0,0,0,0,0,0,0,0,288042.55
,,,,Debt - University of Alabama,,0,0,0,0,0,0,0,0,0,0,0,0,0,0,0,0,0,0,0,0,0,0,0,0,0,0,0,0,0,0,0,0,0,0,0,0,0,0,0,0,0,0,0,0,0,0,0,0,0,0,0,0,0,0,0,0,0,0,0,0,0,0,0,0,0,0,0,0,0,0,0,0,0,0,0,0,0,0,0,0,0,0,0,0,0,0,0,0,0,0,0,0,0,0,0,0,0,0,0,0,0,0,0,0,0,0,0,0,0,0,0,0,0,0,0,0,0,0,0,0,0,0,0,0,0,0,0,0,0,0,0,0,0,0,0,0,0,0,0,0,0,0,0,0,0,0,0,0,0,0
,,,,Debt Stillwater - Construction,,0,0,0,0,0,0,0,0,0,0,0,0,0,0,0,0,0,0,0,0,0,0,0,0,0,0,0,0,0,0,0,0,0,0,0,0,0,0,0,0,0,0,0,0,0,0,0,0,0,0,0,0,0,0,0,0,0,0,0,0,0,0,0,0,0,0,0,0,0,0,0,0,0,0,0,0,0,0,0,0,0,0,0,0,0,0,0,0,0,0,0,0,0,4515148.26,0,0,0,0,0,0,0,0,0,0,0,0,0,0,0,0,0,0,0,0,0,0,0,0,0,0,0,0,0,0,0,0,0,0,0,0,0,0,0,0,0,0,0,0,0,0,0,0,0,0,0,0,0,0,0,4515148.26
,,,,DEBT. - Other,,0,0,0,0,0,0,0,0,0,0,0,0,0,0,0,0,0,0,0,0,0,0,0,0,0,0,0,0,0,0,0,0,0,0,0,0,0,0,0,0,0,0,0,0,0,0,0,0,0,0,0,0,0,0,0,0,0,0,0,0,0,0,0,0,0,0,0,0,0,0,0,0,0,0,0,0,0,0,0,0,0,0,0,0,0,0,0,0,0,0,0,0,0,0,0,0,0,0,0,0,0,0,0,0,0,0,0,0,0,0,0,0,0,0,0,0,0,0,0,0,0,0,0,0,0,0,0,0,0,0,0,0,0,0,0,0,0,0,0,0,0,0,0,0,0,0,0,0,0,0
,,,Total DEBT.,,,0,0,1876459.46,0,0,0,0,0,0,0,0,0,0,0,0,0,0,0,0,0,0,0,0,0,0,0,0,0,0,0,0,0,0,0,0,0,0,0,0,0,0,0,0,0,0,0,0,0,0,0,0,0,0,0,0,0,0,0,0,0,0,0,0,0,0,0,0,0,0,0,0,0,0,0,0,0,0,0,0,0,0,0,0,0,0,0,0,0,760207.95,0,0,0,0,4515148.26,0,0,0,0,0,0,0,0,0,0,0,0,0,0,0,0,0,0,0,0,0,0,0,0,158116.57,0,0,0,0,0,0,0,0,288042.55,0,0,0,0,0,0,0,0,0,0,0,0,0,0,0,0,0,0,0,0,0,7597974.79
,,,IHA Liability,,,0,2583.39,0,0,0,7357.09,11487.43,0,659891.52,0,25797.53,0,0,0,13464.52,0,0,0,0,0,0,0,0,0,0,0,0,0,0,0,0,0,0,0,0,0,0,0,0,87059.89,0,0,0,0,0,0,0,0,0,0,0,0,1135664.96,0,0,0,571772.2,0,158812.5,0,0,0,0,0,0,0,0,0,12750,0,8499.97,0,33402.24,0,0,0,0,0,0,0,0,0,0,144375,0,0,0,0,0,0,5166.69,0,0,0,0,0,95514.21,0,0,0,0,41333.31,0,0,0,0,41606.88,0,0,0,0,0,9342.5,0,87586.42,0,0,0,0,0,0,0,0,26047.74,0,0,0,0,0,0,0,0,0,0,0,12916.61,0,0,105804.16,0,0,0,0,62631.95,0,0,0,0,0,3360868.71
,,Total Long Term Liabilities,,,,0,2583.39,1876459.46,0,0,7357.09,11487.43,0,659891.52,0,25797.53,0,0,0,13464.52,0,0,0,0,0,0,0,0,0,0,0,0,0,0,0,0,0,0,0,0,0,0,0,0,87059.89,0,0,0,0,0,0,0,0,0,0,0,0,1135664.96,0,0,0,571772.2,0,158812.5,0,0,0,0,0,0,0,0,0,12750,0,8499.97,0,33402.24,0,0,0,0,0,0,0,0,0,0,144375,0,0,0,0,760207.95,0,5166.69,0,0,4515148.26,0,0,95514.21,0,0,0,0,41333.31,0,0,0,0,41606.88,0,0,0,0,0,9342.5,0,87586.42,0,0,0,158116.57,0,0,0,0,26047.74,0,0,0,288042.55,0,0,0,0,0,0,0,12916.61,0,0,105804.16,0,0,0,0,62631.95,0,0,0,0,0,10958843.5
,Total Liabilities,,,,,0,10748.35,1949308.4,0,41057.38,18522.43,11487.43,0,672607.64,7591.13,26483.66,1272.48,0,0,13464.52,22247.58,0,0,2705.37,0,0,0,0,12452.7,0,0,29284.45,0,0,0,0,0,0,0,0,0,0,0,0,100537.95,0,0,-23.8,0,0,14280.71,0,0,0,0,0,0,1156361.42,0,0,0,584225.38,0,177510.34,0,0,0,0,0,0,0,0,24651.46,12456,0,29572.4,0,35484.24,0,20105.67,0,0,0,7349.05,0,0,0,0,154354.07,0,0,0,0,783678.23,0,6877.14,0,0,4516280.26,16710.68,15638.71,96519.83,0,-200,0,0,41768.85,0,0,754.89,0,44776.35,0,0,0,0,37671.39,22029.41,0,91459.35,0,0,0,172066.36,0,0,0,3634,45698.54,0,0,0,288042.55,0,0,0,0,0,0,0,11536.06,0,0,130258.77,48000.47,0,38772.42,0,84324.59,9470.87,0,0,0,-50,11641818.13
,Equity,,,,,,,,,,,,,,,,,,,,,,,,,,,,,,,,,,,,,,,,,,,,,,,,,,,,,,,,,,,,,,,,,,,,,,,,,,,,,,,,,,,,,,,,,,,,,,,,,,,,,,,,,,,,,,,,,,,,,,,,,,,,,,,,,,,,,,,,,,,,,,,,,,,,,,,,,,
,,Increase(Decrease) YTD,,,,0,0,0,0,0,0,0,0,0,0,0,0,0,0,0,0,0,0,0,0,0,0,0,0,0,0,0,0,0,0,0,0,0,0,0,0,0,0,0,0,0,0,0,0,0,0,0,0,0,0,0,0,0,0,0,0,0,0,0,0,0,0,0,0,0,0,0,0,0,0,0,0,0,0,0,0,0,0,0,0,0,0,0,0,0,0,0,0,0,0,0,0,0,0,0,0,0,0,0,0,0,0,0,0,0,0,0,0,0,0,0,0,0,0,0,0,0,0,0,0,0,0,0,0,0,0,0,0,0,0,0,0,0,0,0,0,0,0,0,0,0,0,0,0,0,0,0,0,0,0
,,NET UNRESTRICTED ASSETS,,,,,,,,,,,,,,,,,,,,,,,,,,,,,,,,,,,,,,,,,,,,,,,,,,,,,,,,,,,,,,,,,,,,,,,,,,,,,,,,,,,,,,,,,,,,,,,,,,,,,,,,,,,,,,,,,,,,,,,,,,,,,,,,,,,,,,,,,,,,,,,,,,,,,,,,,
,,,Fund Balance,,,0,-2362.18,929183.23,0,150816.59,-207340.37,0,0,2477.82,0,4757.32,-197,3737.17,0,0,214071.26,0,0,113953.57,0,0,8280.26,18052.54,153357.21,35930.85,12603.55,254055.36,2976.95,6955,175578.46,138313.52,11299.84,0,18804.57,5407.27,0,21566.84,9575.11,9114.27,40516.98,-11013.8,17173.63,2830,-1316.79,0,60802.94,13735.11,2806.48,167.57,10197.26,0,31212.61,18946.34,0,11297.52,-22365.57,390410.2,0,108999.76,0,4836.42,2797.24,0,7973.93,11223.43,0,0,75415.52,236903.46,0,44177.51,14853.71,7277.24,4466.16,37890.95,19422.25,0,0,5749.5,0,0,1284.97,0,163194.59,30160.89,0,8391.99,0,302976.05,3931.38,358020.16,0,1350.71,836.6,65074.64,112732.57,0,0,0,4442.89,0,0,0,88969.67,-98218,24911.51,111372.56,0,36460.13,5739.76,28253.11,-4009.59,-16482.83,1047.08,121391.33,2670.55,21002.92,71832.64,182433.22,5042.24,9058.67,0,5046.09,79560.78,16949.05,0,4992.47,9492.6,0,1886.29,0,1000,2336.41,11095.41,0,3483.48,0,29119.65,15156.73,-18045.27,0,124618.42,42590.25,56588.8,0,200,0,0,0,5268300.14
,,,NET UNRESTRICTED ASSETS - Other,,,0,89364.49,0,0,0,500000,0,0,1300000,0,0,0,0,0,0,0,0,0,0,0,0,0,0,0,0,0,0,0,0,0,0,0,0,0,0,0,0,0,0,0,0,0,0,0,0,0,0,0,0,0,0,0,0,0,0,0,0,0,0,0,0,0,0,0,29619.72,0,0,0,0,0,0,0,0,0,0,0,0,0,0,0,0,0,0,0,0,784000,0,0,2000000,0,1105263.47,0,0,0,0,0,0,0,0,10305.03,0,0,0,0,0,0,0,0,0,0,0,0,0,0,0,0,0,0,0,0,0,0,0,0,0,0,0,0,0,0,0,0,0,0,0,0,0,0,0,0,0,0,0,0,0,0,0,0,0,5818552.71
,,Total NET UNRESTRICTED ASSETS,,,,0,87002.31,929183.23,0,150816.59,292659.63,0,0,1302477.82,0,4757.32,-197,3737.17,0,0,214071.26,0,0,113953.57,0,0,8280.26,18052.54,153357.21,35930.85,12603.55,254055.36,2976.95,6955,175578.46,138313.52,11299.84,0,18804.57,5407.27,0,21566.84,9575.11,9114.27,40516.98,-11013.8,17173.63,2830,-1316.79,0,60802.94,13735.11,2806.48,167.57,10197.26,0,31212.61,18946.34,0,11297.52,-22365.57,390410.2,0,108999.76,0,4836.42,2797.24,0,7973.93,40843.15,0,0,75415.52,236903.46,0,44177.51,14853.71,7277.24,4466.16,37890.95,19422.25,0,0,5749.5,0,0,1284.97,0,163194.59,30160.89,784000,8391.99,0,2302976.05,3931.38,1463283.63,0,1350.71,836.6,65074.64,112732.57,0,0,0,14747.92,0,0,0,88969.67,-98218,24911.51,111372.56,0,36460.13,5739.76,28253.11,-4009.59,-16482.83,1047.08,121391.33,2670.55,21002.92,71832.64,182433.22,5042.24,9058.67,0,5046.09,79560.78,16949.05,0,4992.47,9492.6,0,1886.29,0,1000,2336.41,11095.41,0,3483.48,0,29119.65,15156.73,-18045.27,0,124618.42,42590.25,56588.8,0,200,0,0,0,11086852.85
,,Opening Balance Equity,,,,0,0,0,0,0,0,0,0,0,0,0,0,0,0,0,0,0,0,0,0,0,0,0,0,0,0,0,0,0,0,0,0,0,0,0,0,0,0,0,0,0,0,0,0,0,0,0,0,0,0,0,0,0,0,0,0,0,0,0,0,0,0,0,0,0,0,0,0,0,0,0,0,0,0,0,0,0,0,0,0,0,0,0,0,0,0,0,0,0,0,0,0,0,0,0,0,0,0,0,0,0,0,0,0,0,0,0,0,0,0,0,0,0,0,0,0,0,0,0,0,0,0,0,0,0,0,0,0,0,0,0,0,0,0,0,0,0,0,0,0,0,0,0,0,0,0,0,0,0,0
,,Unrestricted Net Assets,,,,125863.02,-19132.49,1815073.26,6378.46,1752963.09,368367.83,8833.14,39294.6,49137.39,584605.37,12691.01,-122302.92,6571.27,8229.52,3753.87,33169.7,0,64060.84,283467.86,12121.68,0,18634.96,134807.32,38545.77,27255.19,5468.21,320585.96,12930.07,47548.61,67991.7,4875.13,9630.73,0,48574.52,13009.75,188222.54,14113.16,54201.88,15585.39,-177065.27,47792.6,88756.99,16759.99,15955.53,56420.47,60162.17,4740.05,1867.38,14786.84,14911.96,0,40395.59,483888.71,32835.22,20743.82,235388.96,-303775.69,0,184072.43,37298.88,32363.4,49468.21,4162.58,4961.5,87457.37,0,0,-248136.91,-8190.2,0,-39610.06,-1395.67,13574.48,3262.25,68277.86,32476.4,10256.14,0,98329.19,60813.36,0,3362.58,131821.23,870296.11,49157.12,94737.29,58360.79,0,1653404.34,26158.47,7531.78,0,38677.71,-104684.19,111805.97,353133.75,-55,0,10733.27,28993.04,7132.29,-49891.31,25277.15,20322.25,426658.89,5292.88,-243312.2,13665.4,39269.16,48533.29,24482.31,70762.44,114728.67,16784.81,-123380.12,-1098.87,43814.83,301940.5,71748.41,10434.88,978.42,60834.23,34647.81,-702.72,985.21,0,16744.66,292314.89,28515.54,2204.2,60718.52,36146.63,6464.13,53575.66,17004.73,141098.81,9236.49,-4014.77,-25481.3,332806.7,56677.72,665099.06,22631.14,-21650.44,77217.46,10066.15,0,0,0,13129852.77
,,Net Income,,,,24720.11,12080.98,528913.61,4027.29,-27195.83,45821.24,3703.84,7123.86,-63578.3,-182402.61,-4211.37,-8404.67,1472.43,3110.11,3759.02,18099.56,0,29799.12,43835.76,14708.87,0,8547.14,22771.78,-37985.18,1777.15,3925.08,28526.1,6151.52,-2345.86,10761.07,11835.54,11818.85,46974.97,14219.59,3539.47,74306.98,4676.15,14026.32,4746.8,-134868.64,7443.2,9086.37,2604.51,8570.25,-473.15,28053.96,5030.75,1296.3,6358.84,12787.28,0,20444.06,19877.85,1666.41,12840.08,34547.43,8333.7,0,44435.2,1832.56,9062.68,13890.24,3660.34,4594.6,27723.17,0,0,-116210.98,-3424.81,0,-8709.6,1037.55,-6656.22,-70.69,454.52,8049.87,3369.88,0,28807.4,9451.81,451.01,-1238.74,32004.86,147620.76,27355.68,28487.57,5289.44,0,390594.28,8832.79,-9129.17,0,-3806.78,65928.35,79870.61,-10230.83,-149407.39,0,1175.3,8911.58,6486.82,-15192.4,5788.02,8184.2,153971.51,12068.4,-67352.01,4771.13,13781.61,10441.59,20597.58,22681.95,-28837.19,-260.32,4595.63,4943.04,17216.45,56518.64,4414.47,5019.74,1512.06,12271.23,6880.1,-27524.28,3865.15,81766.82,5608.23,242754.18,-217.37,483.68,5818.78,5834.18,3293.45,22606.46,-2966.8,105722.31,5340.64,9268.97,-223463.01,-151040.01,14903.21,-29000.72,1276.26,21574.01,-12093.16,-210,0,-2838.47,-27249.77,1685277.52
,Total Equity,,,,,150583.13,79950.8,3273170.1,10405.75,1876583.85,706848.7,12536.98,46418.46,1288036.91,402202.76,13236.96,-130904.59,11780.87,11339.63,7512.89,265340.52,0,93859.96,441257.19,26830.55,0,35462.36,175631.64,153917.8,64963.19,21996.84,603167.42,22058.54,52157.75,254331.23,155024.19,32749.42,46974.97,81598.68,21956.49,262529.52,40356.15,77803.31,29446.46,-271416.93,44222,115016.99,22194.5,23208.99,55947.32,149019.07,23505.91,5970.16,21313.25,37896.5,0,92052.26,522712.9,34501.63,44881.42,247570.82,94968.21,0,337507.39,39131.44,46262.5,66155.69,7822.92,17530.03,156023.69,0,0,-288932.37,225288.45,0,-4142.15,14495.59,14195.5,7657.72,106623.33,59948.52,13626.02,0,132886.09,70265.17,451.01,3408.81,163826.09,1181111.46,106673.69,907224.86,72042.22,0,4346974.67,38922.64,1461686.24,0,36221.64,-37919.24,256751.22,455635.49,-149462.39,0,11908.57,52652.54,13619.11,-65083.71,31065.17,117476.12,482412.4,42272.79,-199291.65,18436.53,89510.9,64714.64,73333,89434.8,69408.65,17571.57,2606.84,6514.72,82034.2,430291.78,258596.1,20496.86,11549.15,73105.46,46574,51333.78,21799.41,81766.82,27345.36,544561.67,28298.17,4574.17,66537.3,42980.81,12093.99,87277.53,14037.93,250304.6,14577.13,34373.85,-233787.58,163721.42,71580.93,760716.76,66497.65,56512.37,65124.3,10056.15,0,-2838.47,-27249.77,25901983.14
TOTAL LIABILITIES & EQUITY,,,,,,150583.13,90699.15,5222478.5,10405.75,1917641.23,725371.13,24024.41,46418.46,1960644.55,409793.89,39720.62,-129632.11,11780.87,11339.63,20977.41,287588.1,0,93859.96,443962.56,26830.55,0,35462.36,175631.64,166370.5,64963.19,21996.84,632451.87,22058.54,52157.75,254331.23,155024.19,32749.42,46974.97,81598.68,21956.49,262529.52,40356.15,77803.31,29446.46,-170878.98,44222,115016.99,22170.7,23208.99,55947.32,163299.78,23505.91,5970.16,21313.25,37896.5,0,92052.26,1679074.32,34501.63,44881.42,247570.82,679193.59,0,515017.73,39131.44,46262.5,66155.69,7822.92,17530.03,156023.69,0,0,-264280.91,237744.45,0,25430.25,14495.59,49679.74,7657.72,126729,59948.52,13626.02,0,140235.14,70265.17,451.01,3408.81,163826.09,1335465.53,106673.69,907224.86,72042.22,0,5130652.9,38922.64,1468563.38,0,36221.64,4478361.02,273461.9,471274.2,-52942.56,0,11708.57,52652.54,13619.11,-23314.86,31065.17,117476.12,483167.29,42272.79,-154515.3,18436.53,89510.9,64714.64,73333,127106.19,91438.06,17571.57,94066.19,6514.72,82034.2,430291.78,430662.46,20496.86,11549.15,73105.46,50208,97032.32,21799.41,81766.82,27345.36,832604.22,28298.17,4574.17,66537.3,42980.81,12093.99,87277.53,14037.93,261840.66,14577.13,34373.85,-103528.81,211721.89,71580.93,799489.18,66497.65,140836.96,74595.17,10056.15,0,-2838.47,-27299.77,37543801.27
